=================================================================
 Job 3251128 | cluster=criann | node c23meso2
 LLVIP     : /home/2023029/PARTAGE/datasets/LLVIP  (train + test)
 KAIST     : /home/2023029/PARTAGE/datasets/KAIST  (train-all-04.txt,test-all-04.txt)
 FLIR al.  : /home/2023029/PARTAGE/datasets/FLIR
 Run       : /home/2023029/PARTAGE/abelgh02/logs/lemumo/lemumo_vits16_llvip-kaistfull04_ep20_bs64_lamb0.1
 pretrain  : epochs=20 bs=64 lr=1.0e-4 lamb=0.1 local=8
 probing   : 10 runs | modes=rgb ir both joint | IR norm mean=0.449 std=0.226
=================================================================
Fri Oct  2 14:22:40 2026       
+-----------------------------------------------------------------------------------------+
| NVIDIA-SMI 565.57.01              Driver Version: 565.57.01      CUDA Version: 12.7     |
|-----------------------------------------+------------------------+----------------------+
| GPU  Name                 Persistence-M | Bus-Id          Disp.A | Volatile Uncorr. ECC |
| Fan  Temp   Perf          Pwr:Usage/Cap |           Memory-Usage | GPU-Util  Compute M. |
|                                         |                        |               MIG M. |
|=========================================+========================+======================|
|   0  NVIDIA H200                    Off |   00000000:C1:00.0 Off |                    0 |
| N/A   28C    P0             77W /  700W |       1MiB / 143771MiB |      0%      Default |
|                                         |                        |             Disabled |
+-----------------------------------------+------------------------+----------------------+
                                                                                         
+-----------------------------------------------------------------------------------------+
| Processes:                                                                              |
|  GPU   GI   CI        PID   Type   Process name                              GPU Memory |
|        ID   ID                                                               Usage      |
|=========================================================================================|
|  No running processes found                                                             |
+-----------------------------------------------------------------------------------------+
⚡ ENCODER-ONLY MODE: disabling probe training/validation, patch probes, and dataset-side probe/label work

============================================================
MM-LeJEPA Training - Architecture: C, LiDAR Mode: depth, ViT: small
Baselines: No Fusion=False, RGB Zero=False, Freeze Encoder=False
============================================================
🎲 Random seed: 42
Device: cuda
🛡️ ROBUST SPLITTING: Using scene-based split (70% Train / 10% Buffer / 20% Val)
LLVIP split 'train': 12025 pairs
LLVIP split 'test': 3463 pairs
KAIST split 'train-all-04.txt': 12538 pairs
KAIST split 'test-all-04.txt': 11288 pairs
PairedRGBIRDataset [llvip+kaist, arch=C, modality=thermal]: 39314 paired samples, Global=2, Local=8
LLVIP split 'train': 12025 pairs
LLVIP split 'test': 3463 pairs
KAIST split 'train-all-04.txt': 12538 pairs
KAIST split 'test-all-04.txt': 11288 pairs
PairedRGBIRDataset [llvip+kaist, arch=C, modality=thermal]: 39314 paired samples, Global=1, Local=0
Training samples: 39314
Validation samples: 39314
🎯 FUSION TOKENS ENCODER: attention_mode=prune_after_first, fusion_start_layer=0
🎯 ALIGNED MODE: Using camera-aligned LiDAR representations
⚙️  Patch probes disabled for heavy custom Arch C scenario (memory-safe mode)
ℹ️  Patch-based probes skipped (arch=C does not expose patch tokens)
Using 22 workers per dataloader (Manual override)

Starting training for 20 epochs...
Hyperparams: arch=C, lamb=0.1, V=2, proj_dim=16, bs=64
Probes: ['scene', 'camera', 'location', 'num_cars', 'num_peds', 'num_objs', 'mean_depth', 'depth_grid', 'grid_occupancy', 'grid_occupancy_car', 'grid_occupancy_ped', 'distance_dist', 'cross_modal']
Installing thop...
Defaulting to user installation because normal site-packages is not writeable
Collecting thop
  Downloading thop-0.1.1.post2209072238-py3-none-any.whl.metadata (2.7 kB)
Requirement already satisfied: torch in /soft/AIDL/conda_envs/pytorch260/lib/python3.13/site-packages (from thop) (2.6.0+cu126)
Requirement already satisfied: filelock in /home/2023029/abelgh02/.python3-3.13-torch260/site-packages/lib/python3.13/site-packages (from torch->thop) (3.29.7)
Requirement already satisfied: typing-extensions>=4.10.0 in /home/2023029/abelgh02/.python3-3.13-torch260/site-packages/lib/python3.13/site-packages (from torch->thop) (4.16.0)
Requirement already satisfied: setuptools in /soft/AIDL/conda_envs/pytorch260/lib/python3.13/site-packages (from torch->thop) (75.8.0)
Requirement already satisfied: sympy==1.13.1 in /soft/AIDL/conda_envs/pytorch260/lib/python3.13/site-packages (from torch->thop) (1.13.1)
Requirement already satisfied: networkx in /soft/AIDL/conda_envs/pytorch260/lib/python3.13/site-packages (from torch->thop) (3.4.2)
Requirement already satisfied: jinja2 in /soft/AIDL/conda_envs/pytorch260/lib/python3.13/site-packages (from torch->thop) (3.1.5)
Requirement already satisfied: fsspec in /soft/AIDL/conda_envs/pytorch260/lib/python3.13/site-packages (from torch->thop) (2024.12.0)
Requirement already satisfied: nvidia-cuda-nvrtc-cu12==12.6.77 in /soft/AIDL/conda_envs/pytorch260/lib/python3.13/site-packages (from torch->thop) (12.6.77)
Requirement already satisfied: nvidia-cuda-runtime-cu12==12.6.77 in /soft/AIDL/conda_envs/pytorch260/lib/python3.13/site-packages (from torch->thop) (12.6.77)
Requirement already satisfied: nvidia-cuda-cupti-cu12==12.6.80 in /soft/AIDL/conda_envs/pytorch260/lib/python3.13/site-packages (from torch->thop) (12.6.80)
Requirement already satisfied: nvidia-cudnn-cu12==9.5.1.17 in /soft/AIDL/conda_envs/pytorch260/lib/python3.13/site-packages (from torch->thop) (9.5.1.17)
Requirement already satisfied: nvidia-cublas-cu12==12.6.4.1 in /soft/AIDL/conda_envs/pytorch260/lib/python3.13/site-packages (from torch->thop) (12.6.4.1)
Requirement already satisfied: nvidia-cufft-cu12==11.3.0.4 in /soft/AIDL/conda_envs/pytorch260/lib/python3.13/site-packages (from torch->thop) (11.3.0.4)
Requirement already satisfied: nvidia-curand-cu12==10.3.7.77 in /soft/AIDL/conda_envs/pytorch260/lib/python3.13/site-packages (from torch->thop) (10.3.7.77)
Requirement already satisfied: nvidia-cusolver-cu12==11.7.1.2 in /soft/AIDL/conda_envs/pytorch260/lib/python3.13/site-packages (from torch->thop) (11.7.1.2)
Requirement already satisfied: nvidia-cusparse-cu12==12.5.4.2 in /soft/AIDL/conda_envs/pytorch260/lib/python3.13/site-packages (from torch->thop) (12.5.4.2)
Requirement already satisfied: nvidia-cusparselt-cu12==0.6.3 in /soft/AIDL/conda_envs/pytorch260/lib/python3.13/site-packages (from torch->thop) (0.6.3)
Requirement already satisfied: nvidia-nccl-cu12==2.21.5 in /soft/AIDL/conda_envs/pytorch260/lib/python3.13/site-packages (from torch->thop) (2.21.5)
Requirement already satisfied: nvidia-nvtx-cu12==12.6.77 in /soft/AIDL/conda_envs/pytorch260/lib/python3.13/site-packages (from torch->thop) (12.6.77)
Requirement already satisfied: nvidia-nvjitlink-cu12==12.6.85 in /soft/AIDL/conda_envs/pytorch260/lib/python3.13/site-packages (from torch->thop) (12.6.85)
Requirement already satisfied: triton==3.2.0 in /soft/AIDL/conda_envs/pytorch260/lib/python3.13/site-packages (from torch->thop) (3.2.0)
Requirement already satisfied: mpmath<1.4,>=1.1.0 in /soft/AIDL/conda_envs/pytorch260/lib/python3.13/site-packages (from sympy==1.13.1->torch->thop) (1.3.0)
Requirement already satisfied: MarkupSafe>=2.0 in /soft/AIDL/conda_envs/pytorch260/lib/python3.13/site-packages (from jinja2->torch->thop) (3.0.2)
Downloading thop-0.1.1.post2209072238-py3-none-any.whl (15 kB)
Installing collected packages: thop
Successfully installed thop-0.1.1.post2209072238
📏 Installed THOP for encoder MAC/FLOP tracking
📏 Encoder compute estimate: 5.141 GMAC/call, 10.283 GFLOP/call
📏 Encoder SSL FLOPs/profiled step: 7096.408 GFLOP
⚡ Skipping end-of-epoch validation in encoder-only mode
📏 Encoder SSL FLOPs/profiled step: 7096.408 GFLOP
⚡ Skipping end-of-epoch validation in encoder-only mode
📏 Encoder SSL FLOPs/profiled step: 7096.408 GFLOP
⚡ Skipping end-of-epoch validation in encoder-only mode
📏 Encoder SSL FLOPs/profiled step: 7096.408 GFLOP
⚡ Skipping end-of-epoch validation in encoder-only mode
📏 Encoder SSL FLOPs/profiled step: 7096.408 GFLOP
⚡ Skipping end-of-epoch validation in encoder-only mode
📏 Encoder SSL FLOPs/profiled step: 7096.408 GFLOP
⚡ Skipping end-of-epoch validation in encoder-only mode
📏 Encoder SSL FLOPs/profiled step: 7096.408 GFLOP
⚡ Skipping end-of-epoch validation in encoder-only mode
📏 Encoder SSL FLOPs/profiled step: 7096.408 GFLOP
⚡ Skipping end-of-epoch validation in encoder-only mode
📏 Encoder SSL FLOPs/profiled step: 7096.408 GFLOP
⚡ Skipping end-of-epoch validation in encoder-only mode
📏 Encoder SSL FLOPs/profiled step: 7096.408 GFLOP
⚡ Skipping end-of-epoch validation in encoder-only mode
📏 Encoder SSL FLOPs/profiled step: 7096.408 GFLOP
⚡ Skipping end-of-epoch validation in encoder-only mode
📏 Encoder SSL FLOPs/profiled step: 7096.408 GFLOP
⚡ Skipping end-of-epoch validation in encoder-only mode
📏 Encoder SSL FLOPs/profiled step: 7096.408 GFLOP
⚡ Skipping end-of-epoch validation in encoder-only mode
📏 Encoder SSL FLOPs/profiled step: 7096.408 GFLOP
⚡ Skipping end-of-epoch validation in encoder-only mode
📏 Encoder SSL FLOPs/profiled step: 7096.408 GFLOP
⚡ Skipping end-of-epoch validation in encoder-only mode
📏 Encoder SSL FLOPs/profiled step: 7096.408 GFLOP
⚡ Skipping end-of-epoch validation in encoder-only mode
📏 Encoder SSL FLOPs/profiled step: 7096.408 GFLOP
⚡ Skipping end-of-epoch validation in encoder-only mode
📏 Encoder SSL FLOPs/profiled step: 7096.408 GFLOP
⚡ Skipping end-of-epoch validation in encoder-only mode
📏 Encoder SSL FLOPs/profiled step: 7096.408 GFLOP
⚡ Skipping end-of-epoch validation in encoder-only mode
📏 Encoder SSL FLOPs/profiled step: 7096.408 GFLOP
⚡ Skipping end-of-epoch validation in encoder-only mode
📏 Training compute summary:
   Encoder step wall time excl probes: 53.52 min
   Probe step wall time total:        0.00 min
   Encoder SSL FLOPs/profiled step:   7096.408 GFLOP
   Encoder SSL FLOPs total est.:      87143.888 TFLOP
   Peak GPU VRAM allocated:           15.44 GiB
   Peak GPU VRAM reserved:            16.66 GiB
Model saved to /home/2023029/PARTAGE/abelgh02/logs/lemumo/lemumo_vits16_llvip-kaistfull04_ep20_bs64_lamb0.1/mmlejepa_C_lamb0.1_final.pt
Cleaning up training resources...
  ✓ Shutdown workers for train_loader
  File descriptor limits: soft=16384, hard=131072
  ✓ Cleanup complete
📁 Checkpoint : /home/2023029/PARTAGE/abelgh02/logs/lemumo/lemumo_vits16_llvip-kaistfull04_ep20_bs64_lamb0.1/latest.pt
📁 Output : /home/2023029/PARTAGE/abelgh02/logs/lemumo/lemumo_vits16_llvip-kaistfull04_ep20_bs64_lamb0.1/probings_latest_runs10_cropsize224
📊 CSV : /home/2023029/PARTAGE/abelgh02/logs/lemumo/lemumo_vits16_llvip-kaistfull04_ep20_bs64_lamb0.1/probings_latest_runs10_cropsize224/probings_results_lemumo_vits16_llvip-kaistfull04_ep20_bs64_lamb0.1.csv
🚀 Device : cuda:0
🔀 tokenizer_by_modality : True | IR norm : mean=0.449 std=0.226
------------------------------------------------------------
▶️  RUN 1/10 | cuda:0 | Seed: 43

=======================================================
  Linear Probing OFFLINE — mode : RGB
=======================================================
[train] mode=rgb | 4129 images (0 ignorées) | person=23408 patches | car=70689 patches | bicycle=6911 patches | background=718426 patches
[val] mode=rgb | 1013 images (0 ignorées) | person=15537 patches | car=21472 patches | bicycle=1588 patches | background=163479 patches
✅ Le MuMo encoder chargé depuis /home/2023029/PARTAGE/abelgh02/logs/lemumo/lemumo_vits16_llvip-kaistfull04_ep20_bs64_lamb0.1/latest.pt (run lemumo_vits16_llvip-kaistfull04_ep20_bs64_lamb0.1, variant=prune_after_first, ViT-small)
  ⚙️  Extraction des features pour rgb...
  💾 Sauvegardé dans /home/2023029/PARTAGE/abelgh02/logs/lemumo/lemumo_vits16_llvip-kaistfull04_ep20_bs64_lamb0.1/probings_latest_runs10_cropsize224/rgb_train_features_tbmTrue.pt (Shape: torch.Size([4129, 196, 384]))
  ⚙️  Extraction des features pour rgb...
  💾 Sauvegardé dans /home/2023029/PARTAGE/abelgh02/logs/lemumo/lemumo_vits16_llvip-kaistfull04_ep20_bs64_lamb0.1/probings_latest_runs10_cropsize224/rgb_val_features_tbmTrue.pt (Shape: torch.Size([1013, 196, 384]))
🔒 Graine aléatoire fixée à : 43
[RGB]   1/30 | train loss=0.8555 mAP=0.343 | val loss=1.0188 mAP=0.393 | person=0.211 | car=0.370 | bicycle=0.029 | background=0.961
  💾 Meilleur RGB sauvegardé (val mAP=0.393)
[RGB]   2/30 | train loss=0.7033 mAP=0.369 | val loss=0.9768 mAP=0.408 | person=0.232 | car=0.399 | bicycle=0.032 | background=0.969
  💾 Meilleur RGB sauvegardé (val mAP=0.408)
[RGB]   3/30 | train loss=0.6654 mAP=0.380 | val loss=0.9408 mAP=0.416 | person=0.243 | car=0.415 | bicycle=0.034 | background=0.972
  💾 Meilleur RGB sauvegardé (val mAP=0.416)
[RGB]   4/30 | train loss=0.6431 mAP=0.386 | val loss=0.9334 mAP=0.421 | person=0.249 | car=0.427 | bicycle=0.035 | background=0.974
  💾 Meilleur RGB sauvegardé (val mAP=0.421)
[RGB]   5/30 | train loss=0.6285 mAP=0.391 | val loss=0.9508 mAP=0.425 | person=0.254 | car=0.437 | bicycle=0.035 | background=0.975
  💾 Meilleur RGB sauvegardé (val mAP=0.425)
[RGB]   6/30 | train loss=0.6181 mAP=0.394 | val loss=0.8968 mAP=0.428 | person=0.260 | car=0.441 | bicycle=0.036 | background=0.976
  💾 Meilleur RGB sauvegardé (val mAP=0.428)
[RGB]   7/30 | train loss=0.6112 mAP=0.397 | val loss=0.9108 mAP=0.431 | person=0.263 | car=0.449 | bicycle=0.037 | background=0.976
  💾 Meilleur RGB sauvegardé (val mAP=0.431)
[RGB]   8/30 | train loss=0.6035 mAP=0.400 | val loss=0.9120 mAP=0.433 | person=0.266 | car=0.452 | bicycle=0.038 | background=0.977
  💾 Meilleur RGB sauvegardé (val mAP=0.433)
[RGB]   9/30 | train loss=0.5980 mAP=0.403 | val loss=0.8736 mAP=0.435 | person=0.270 | car=0.455 | bicycle=0.038 | background=0.977
  💾 Meilleur RGB sauvegardé (val mAP=0.435)
[RGB]  10/30 | train loss=0.5942 mAP=0.405 | val loss=0.8819 mAP=0.437 | person=0.272 | car=0.461 | bicycle=0.039 | background=0.977
  💾 Meilleur RGB sauvegardé (val mAP=0.437)
[RGB]  11/30 | train loss=0.5910 mAP=0.407 | val loss=0.8958 mAP=0.438 | person=0.274 | car=0.461 | bicycle=0.040 | background=0.977
  💾 Meilleur RGB sauvegardé (val mAP=0.438)
[RGB]  12/30 | train loss=0.5879 mAP=0.408 | val loss=0.9200 mAP=0.439 | person=0.275 | car=0.465 | bicycle=0.040 | background=0.978
  💾 Meilleur RGB sauvegardé (val mAP=0.439)
[RGB]  13/30 | train loss=0.5845 mAP=0.410 | val loss=0.9119 mAP=0.440 | person=0.276 | car=0.467 | bicycle=0.041 | background=0.978
  💾 Meilleur RGB sauvegardé (val mAP=0.440)
[RGB]  14/30 | train loss=0.5822 mAP=0.412 | val loss=0.8834 mAP=0.442 | person=0.279 | car=0.469 | bicycle=0.041 | background=0.978
  💾 Meilleur RGB sauvegardé (val mAP=0.442)
[RGB]  15/30 | train loss=0.5802 mAP=0.412 | val loss=0.8864 mAP=0.442 | person=0.280 | car=0.470 | bicycle=0.041 | background=0.978
  💾 Meilleur RGB sauvegardé (val mAP=0.442)
[RGB]  16/30 | train loss=0.5793 mAP=0.412 | val loss=0.8848 mAP=0.443 | person=0.281 | car=0.473 | bicycle=0.042 | background=0.978
  💾 Meilleur RGB sauvegardé (val mAP=0.443)
[RGB]  17/30 | train loss=0.5776 mAP=0.414 | val loss=0.9004 mAP=0.443 | person=0.282 | car=0.472 | bicycle=0.042 | background=0.978
  💾 Meilleur RGB sauvegardé (val mAP=0.443)
[RGB]  18/30 | train loss=0.5757 mAP=0.414 | val loss=0.9066 mAP=0.444 | person=0.282 | car=0.474 | bicycle=0.042 | background=0.978
  💾 Meilleur RGB sauvegardé (val mAP=0.444)
[RGB]  19/30 | train loss=0.5748 mAP=0.415 | val loss=0.8922 mAP=0.445 | person=0.283 | car=0.475 | bicycle=0.042 | background=0.978
  💾 Meilleur RGB sauvegardé (val mAP=0.445)
[RGB]  20/30 | train loss=0.5742 mAP=0.415 | val loss=0.8886 mAP=0.445 | person=0.284 | car=0.475 | bicycle=0.042 | background=0.978
  💾 Meilleur RGB sauvegardé (val mAP=0.445)
[RGB]  21/30 | train loss=0.5732 mAP=0.415 | val loss=0.8905 mAP=0.445 | person=0.284 | car=0.476 | bicycle=0.042 | background=0.978
  💾 Meilleur RGB sauvegardé (val mAP=0.445)
[RGB]  22/30 | train loss=0.5722 mAP=0.416 | val loss=0.9032 mAP=0.445 | person=0.284 | car=0.477 | bicycle=0.042 | background=0.978
  💾 Meilleur RGB sauvegardé (val mAP=0.445)
[RGB]  23/30 | train loss=0.5716 mAP=0.417 | val loss=0.8861 mAP=0.446 | person=0.285 | car=0.477 | bicycle=0.042 | background=0.978
  💾 Meilleur RGB sauvegardé (val mAP=0.446)
[RGB]  24/30 | train loss=0.5713 mAP=0.417 | val loss=0.8848 mAP=0.446 | person=0.285 | car=0.477 | bicycle=0.042 | background=0.978
  💾 Meilleur RGB sauvegardé (val mAP=0.446)
[RGB]  25/30 | train loss=0.5711 mAP=0.417 | val loss=0.8895 mAP=0.446 | person=0.285 | car=0.478 | bicycle=0.042 | background=0.978
  💾 Meilleur RGB sauvegardé (val mAP=0.446)
[RGB]  26/30 | train loss=0.5707 mAP=0.417 | val loss=0.8887 mAP=0.446 | person=0.285 | car=0.478 | bicycle=0.042 | background=0.978
  💾 Meilleur RGB sauvegardé (val mAP=0.446)
[RGB]  27/30 | train loss=0.5706 mAP=0.417 | val loss=0.8879 mAP=0.446 | person=0.285 | car=0.478 | bicycle=0.043 | background=0.978
[RGB]  28/30 | train loss=0.5704 mAP=0.417 | val loss=0.8877 mAP=0.446 | person=0.285 | car=0.478 | bicycle=0.043 | background=0.978
  💾 Meilleur RGB sauvegardé (val mAP=0.446)
[RGB]  29/30 | train loss=0.5703 mAP=0.417 | val loss=0.8868 mAP=0.446 | person=0.285 | car=0.478 | bicycle=0.043 | background=0.978
  💾 Meilleur RGB sauvegardé (val mAP=0.446)
[RGB]  30/30 | train loss=0.5703 mAP=0.418 | val loss=0.8868 mAP=0.446 | person=0.285 | car=0.478 | bicycle=0.043 | background=0.978
  💾 Meilleur RGB sauvegardé (val mAP=0.446)
  📊 Courbe ROC sauvegardée : /home/2023029/PARTAGE/abelgh02/logs/lemumo/lemumo_vits16_llvip-kaistfull04_ep20_bs64_lamb0.1/probings_latest_runs10_cropsize224/roc_curve_rgb.png

✨ SCORES ROC FINAUX POUR RGB (Meilleure Époque) :
METRIC_AUC_RGB_PERSON: 0.8499
METRIC_AUC_RGB_CAR: 0.9024
METRIC_AUC_RGB_BICYCLE: 0.8699
METRIC_AUC_RGB_BACKGROUND: 0.9084

=======================================================
  Linear Probing OFFLINE — mode : IR
=======================================================
[train] mode=ir | 4129 images (0 ignorées) | person=23408 patches | car=70689 patches | bicycle=6911 patches | background=718426 patches
[val] mode=ir | 1013 images (0 ignorées) | person=15537 patches | car=21472 patches | bicycle=1588 patches | background=163479 patches
✅ Le MuMo encoder chargé depuis /home/2023029/PARTAGE/abelgh02/logs/lemumo/lemumo_vits16_llvip-kaistfull04_ep20_bs64_lamb0.1/latest.pt (run lemumo_vits16_llvip-kaistfull04_ep20_bs64_lamb0.1, variant=prune_after_first, ViT-small)
  ⚙️  Extraction des features pour ir...
  💾 Sauvegardé dans /home/2023029/PARTAGE/abelgh02/logs/lemumo/lemumo_vits16_llvip-kaistfull04_ep20_bs64_lamb0.1/probings_latest_runs10_cropsize224/ir_train_features_tbmTrue.pt (Shape: torch.Size([4129, 196, 384]))
  ⚙️  Extraction des features pour ir...
  💾 Sauvegardé dans /home/2023029/PARTAGE/abelgh02/logs/lemumo/lemumo_vits16_llvip-kaistfull04_ep20_bs64_lamb0.1/probings_latest_runs10_cropsize224/ir_val_features_tbmTrue.pt (Shape: torch.Size([1013, 196, 384]))
🔒 Graine aléatoire fixée à : 43
[IR]   1/30 | train loss=0.7609 mAP=0.383 | val loss=0.9059 mAP=0.431 | person=0.286 | car=0.432 | bicycle=0.037 | background=0.971
  💾 Meilleur IR sauvegardé (val mAP=0.431)
[IR]   2/30 | train loss=0.6122 mAP=0.419 | val loss=0.8656 mAP=0.440 | person=0.308 | car=0.434 | bicycle=0.044 | background=0.975
  💾 Meilleur IR sauvegardé (val mAP=0.440)
[IR]   3/30 | train loss=0.5814 mAP=0.428 | val loss=0.8431 mAP=0.447 | person=0.325 | car=0.438 | bicycle=0.047 | background=0.977
  💾 Meilleur IR sauvegardé (val mAP=0.447)
[IR]   4/30 | train loss=0.5660 mAP=0.434 | val loss=0.8196 mAP=0.449 | person=0.332 | car=0.439 | bicycle=0.049 | background=0.978
  💾 Meilleur IR sauvegardé (val mAP=0.449)
[IR]   5/30 | train loss=0.5543 mAP=0.439 | val loss=0.8276 mAP=0.451 | person=0.338 | car=0.440 | bicycle=0.049 | background=0.978
  💾 Meilleur IR sauvegardé (val mAP=0.451)
[IR]   6/30 | train loss=0.5467 mAP=0.442 | val loss=0.8124 mAP=0.453 | person=0.343 | car=0.441 | bicycle=0.051 | background=0.978
  💾 Meilleur IR sauvegardé (val mAP=0.453)
[IR]   7/30 | train loss=0.5390 mAP=0.446 | val loss=0.8139 mAP=0.456 | person=0.350 | car=0.442 | bicycle=0.052 | background=0.979
  💾 Meilleur IR sauvegardé (val mAP=0.456)
[IR]   8/30 | train loss=0.5338 mAP=0.449 | val loss=0.7996 mAP=0.457 | person=0.352 | car=0.443 | bicycle=0.052 | background=0.979
  💾 Meilleur IR sauvegardé (val mAP=0.457)
[IR]   9/30 | train loss=0.5303 mAP=0.450 | val loss=0.8093 mAP=0.459 | person=0.357 | car=0.445 | bicycle=0.054 | background=0.979
  💾 Meilleur IR sauvegardé (val mAP=0.459)
[IR]  10/30 | train loss=0.5252 mAP=0.454 | val loss=0.7891 mAP=0.459 | person=0.356 | car=0.446 | bicycle=0.054 | background=0.979
  💾 Meilleur IR sauvegardé (val mAP=0.459)
[IR]  11/30 | train loss=0.5221 mAP=0.456 | val loss=0.7916 mAP=0.461 | person=0.363 | car=0.447 | bicycle=0.055 | background=0.979
  💾 Meilleur IR sauvegardé (val mAP=0.461)
[IR]  12/30 | train loss=0.5193 mAP=0.457 | val loss=0.7898 mAP=0.461 | person=0.361 | car=0.446 | bicycle=0.055 | background=0.980
[IR]  13/30 | train loss=0.5169 mAP=0.458 | val loss=0.7909 mAP=0.462 | person=0.364 | car=0.448 | bicycle=0.055 | background=0.980
  💾 Meilleur IR sauvegardé (val mAP=0.462)
[IR]  14/30 | train loss=0.5154 mAP=0.459 | val loss=0.7871 mAP=0.462 | person=0.363 | car=0.449 | bicycle=0.056 | background=0.980
  💾 Meilleur IR sauvegardé (val mAP=0.462)
[IR]  15/30 | train loss=0.5133 mAP=0.461 | val loss=0.7792 mAP=0.463 | person=0.366 | car=0.448 | bicycle=0.056 | background=0.980
  💾 Meilleur IR sauvegardé (val mAP=0.463)
[IR]  16/30 | train loss=0.5119 mAP=0.461 | val loss=0.7833 mAP=0.463 | person=0.367 | car=0.449 | bicycle=0.056 | background=0.980
  💾 Meilleur IR sauvegardé (val mAP=0.463)
[IR]  17/30 | train loss=0.5105 mAP=0.462 | val loss=0.7820 mAP=0.463 | person=0.367 | car=0.450 | bicycle=0.056 | background=0.980
  💾 Meilleur IR sauvegardé (val mAP=0.463)
[IR]  18/30 | train loss=0.5092 mAP=0.463 | val loss=0.7866 mAP=0.463 | person=0.367 | car=0.450 | bicycle=0.057 | background=0.980
  💾 Meilleur IR sauvegardé (val mAP=0.463)
[IR]  19/30 | train loss=0.5083 mAP=0.463 | val loss=0.7851 mAP=0.464 | person=0.370 | car=0.450 | bicycle=0.057 | background=0.980
  💾 Meilleur IR sauvegardé (val mAP=0.464)
[IR]  20/30 | train loss=0.5076 mAP=0.464 | val loss=0.7762 mAP=0.464 | person=0.369 | car=0.450 | bicycle=0.057 | background=0.980
[IR]  21/30 | train loss=0.5067 mAP=0.465 | val loss=0.7849 mAP=0.464 | person=0.370 | car=0.451 | bicycle=0.057 | background=0.980
  💾 Meilleur IR sauvegardé (val mAP=0.464)
[IR]  22/30 | train loss=0.5063 mAP=0.465 | val loss=0.7720 mAP=0.465 | person=0.370 | car=0.451 | bicycle=0.057 | background=0.980
  💾 Meilleur IR sauvegardé (val mAP=0.465)
[IR]  23/30 | train loss=0.5059 mAP=0.466 | val loss=0.7835 mAP=0.465 | person=0.371 | car=0.451 | bicycle=0.057 | background=0.980
  💾 Meilleur IR sauvegardé (val mAP=0.465)
[IR]  24/30 | train loss=0.5054 mAP=0.466 | val loss=0.7808 mAP=0.465 | person=0.371 | car=0.452 | bicycle=0.057 | background=0.980
  💾 Meilleur IR sauvegardé (val mAP=0.465)
[IR]  25/30 | train loss=0.5051 mAP=0.466 | val loss=0.7822 mAP=0.465 | person=0.371 | car=0.452 | bicycle=0.057 | background=0.980
[IR]  26/30 | train loss=0.5049 mAP=0.466 | val loss=0.7802 mAP=0.465 | person=0.371 | car=0.452 | bicycle=0.057 | background=0.980
  💾 Meilleur IR sauvegardé (val mAP=0.465)
[IR]  27/30 | train loss=0.5047 mAP=0.466 | val loss=0.7799 mAP=0.465 | person=0.371 | car=0.452 | bicycle=0.057 | background=0.980
[IR]  28/30 | train loss=0.5046 mAP=0.466 | val loss=0.7797 mAP=0.465 | person=0.371 | car=0.452 | bicycle=0.057 | background=0.980
  💾 Meilleur IR sauvegardé (val mAP=0.465)
[IR]  29/30 | train loss=0.5045 mAP=0.466 | val loss=0.7798 mAP=0.465 | person=0.371 | car=0.452 | bicycle=0.057 | background=0.980
  💾 Meilleur IR sauvegardé (val mAP=0.465)
[IR]  30/30 | train loss=0.5045 mAP=0.466 | val loss=0.7798 mAP=0.465 | person=0.371 | car=0.452 | bicycle=0.057 | background=0.980
  💾 Meilleur IR sauvegardé (val mAP=0.465)
  📊 Courbe ROC sauvegardée : /home/2023029/PARTAGE/abelgh02/logs/lemumo/lemumo_vits16_llvip-kaistfull04_ep20_bs64_lamb0.1/probings_latest_runs10_cropsize224/roc_curve_ir.png

✨ SCORES ROC FINAUX POUR IR (Meilleure Époque) :
METRIC_AUC_IR_PERSON: 0.8878
METRIC_AUC_IR_CAR: 0.8921
METRIC_AUC_IR_BICYCLE: 0.8925
METRIC_AUC_IR_BACKGROUND: 0.9145

=======================================================
  Linear Probing OFFLINE — mode : BOTH
=======================================================
[train] mode=both | 4129 images (0 ignorées) | person=23408 patches | car=70689 patches | bicycle=6911 patches | background=718426 patches
[val] mode=both | 1013 images (0 ignorées) | person=15537 patches | car=21472 patches | bicycle=1588 patches | background=163479 patches
✅ Le MuMo encoder chargé depuis /home/2023029/PARTAGE/abelgh02/logs/lemumo/lemumo_vits16_llvip-kaistfull04_ep20_bs64_lamb0.1/latest.pt (run lemumo_vits16_llvip-kaistfull04_ep20_bs64_lamb0.1, variant=prune_after_first, ViT-small)
  ⚙️  Extraction des features pour both...
  💾 Sauvegardé dans /home/2023029/PARTAGE/abelgh02/logs/lemumo/lemumo_vits16_llvip-kaistfull04_ep20_bs64_lamb0.1/probings_latest_runs10_cropsize224/both_train_features_tbmTrue.pt (Shape: torch.Size([4129, 196, 768]))
  ⚙️  Extraction des features pour both...
  💾 Sauvegardé dans /home/2023029/PARTAGE/abelgh02/logs/lemumo/lemumo_vits16_llvip-kaistfull04_ep20_bs64_lamb0.1/probings_latest_runs10_cropsize224/both_val_features_tbmTrue.pt (Shape: torch.Size([1013, 196, 768]))
🔒 Graine aléatoire fixée à : 43
[BOTH]   1/30 | train loss=0.6964 mAP=0.394 | val loss=0.8818 mAP=0.444 | person=0.298 | car=0.450 | bicycle=0.049 | background=0.977
  💾 Meilleur BOTH sauvegardé (val mAP=0.444)
[BOTH]   2/30 | train loss=0.5516 mAP=0.437 | val loss=0.8234 mAP=0.461 | person=0.332 | car=0.476 | bicycle=0.055 | background=0.981
  💾 Meilleur BOTH sauvegardé (val mAP=0.461)
[BOTH]   3/30 | train loss=0.5253 mAP=0.452 | val loss=0.7949 mAP=0.467 | person=0.342 | car=0.488 | bicycle=0.057 | background=0.982
  💾 Meilleur BOTH sauvegardé (val mAP=0.467)
[BOTH]   4/30 | train loss=0.5138 mAP=0.459 | val loss=0.7821 mAP=0.474 | person=0.357 | car=0.497 | bicycle=0.058 | background=0.983
  💾 Meilleur BOTH sauvegardé (val mAP=0.474)
[BOTH]   5/30 | train loss=0.5011 mAP=0.469 | val loss=0.7675 mAP=0.477 | person=0.363 | car=0.504 | bicycle=0.058 | background=0.983
  💾 Meilleur BOTH sauvegardé (val mAP=0.477)
[BOTH]   6/30 | train loss=0.4938 mAP=0.474 | val loss=0.7804 mAP=0.479 | person=0.366 | car=0.507 | bicycle=0.059 | background=0.983
  💾 Meilleur BOTH sauvegardé (val mAP=0.479)
[BOTH]   7/30 | train loss=0.4883 mAP=0.479 | val loss=0.7838 mAP=0.482 | person=0.371 | car=0.514 | bicycle=0.060 | background=0.984
  💾 Meilleur BOTH sauvegardé (val mAP=0.482)
[BOTH]   8/30 | train loss=0.4826 mAP=0.482 | val loss=0.7297 mAP=0.483 | person=0.375 | car=0.513 | bicycle=0.061 | background=0.984
  💾 Meilleur BOTH sauvegardé (val mAP=0.483)
[BOTH]   9/30 | train loss=0.4777 mAP=0.487 | val loss=0.7605 mAP=0.485 | person=0.380 | car=0.517 | bicycle=0.061 | background=0.984
  💾 Meilleur BOTH sauvegardé (val mAP=0.485)
[BOTH]  10/30 | train loss=0.4743 mAP=0.489 | val loss=0.7609 mAP=0.487 | person=0.382 | car=0.519 | bicycle=0.062 | background=0.984
  💾 Meilleur BOTH sauvegardé (val mAP=0.487)
[BOTH]  11/30 | train loss=0.4711 mAP=0.492 | val loss=0.7615 mAP=0.488 | person=0.384 | car=0.521 | bicycle=0.062 | background=0.984
  💾 Meilleur BOTH sauvegardé (val mAP=0.488)
[BOTH]  12/30 | train loss=0.4686 mAP=0.495 | val loss=0.7271 mAP=0.489 | person=0.385 | car=0.523 | bicycle=0.062 | background=0.984
  💾 Meilleur BOTH sauvegardé (val mAP=0.489)
[BOTH]  13/30 | train loss=0.4666 mAP=0.497 | val loss=0.7412 mAP=0.489 | person=0.387 | car=0.523 | bicycle=0.062 | background=0.984
  💾 Meilleur BOTH sauvegardé (val mAP=0.489)
[BOTH]  14/30 | train loss=0.4640 mAP=0.499 | val loss=0.7421 mAP=0.491 | person=0.391 | car=0.525 | bicycle=0.063 | background=0.984
  💾 Meilleur BOTH sauvegardé (val mAP=0.491)
[BOTH]  15/30 | train loss=0.4630 mAP=0.500 | val loss=0.7500 mAP=0.491 | person=0.391 | car=0.526 | bicycle=0.063 | background=0.984
  💾 Meilleur BOTH sauvegardé (val mAP=0.491)
[BOTH]  16/30 | train loss=0.4606 mAP=0.502 | val loss=0.7481 mAP=0.491 | person=0.391 | car=0.526 | bicycle=0.063 | background=0.984
[BOTH]  17/30 | train loss=0.4592 mAP=0.503 | val loss=0.7348 mAP=0.492 | person=0.393 | car=0.528 | bicycle=0.063 | background=0.985
  💾 Meilleur BOTH sauvegardé (val mAP=0.492)
[BOTH]  18/30 | train loss=0.4582 mAP=0.504 | val loss=0.7328 mAP=0.493 | person=0.394 | car=0.528 | bicycle=0.063 | background=0.985
  💾 Meilleur BOTH sauvegardé (val mAP=0.493)
[BOTH]  19/30 | train loss=0.4570 mAP=0.505 | val loss=0.7327 mAP=0.492 | person=0.393 | car=0.528 | bicycle=0.064 | background=0.985
[BOTH]  20/30 | train loss=0.4565 mAP=0.505 | val loss=0.7396 mAP=0.493 | person=0.395 | car=0.529 | bicycle=0.064 | background=0.985
  💾 Meilleur BOTH sauvegardé (val mAP=0.493)
[BOTH]  21/30 | train loss=0.4554 mAP=0.507 | val loss=0.7275 mAP=0.493 | person=0.395 | car=0.530 | bicycle=0.064 | background=0.985
  💾 Meilleur BOTH sauvegardé (val mAP=0.493)
[BOTH]  22/30 | train loss=0.4552 mAP=0.506 | val loss=0.7220 mAP=0.493 | person=0.395 | car=0.530 | bicycle=0.064 | background=0.985
[BOTH]  23/30 | train loss=0.4543 mAP=0.507 | val loss=0.7321 mAP=0.494 | person=0.396 | car=0.530 | bicycle=0.064 | background=0.985
  💾 Meilleur BOTH sauvegardé (val mAP=0.494)
[BOTH]  24/30 | train loss=0.4540 mAP=0.508 | val loss=0.7391 mAP=0.494 | person=0.396 | car=0.530 | bicycle=0.064 | background=0.985
  💾 Meilleur BOTH sauvegardé (val mAP=0.494)
[BOTH]  25/30 | train loss=0.4534 mAP=0.508 | val loss=0.7288 mAP=0.494 | person=0.396 | car=0.530 | bicycle=0.064 | background=0.985
[BOTH]  26/30 | train loss=0.4533 mAP=0.508 | val loss=0.7352 mAP=0.494 | person=0.396 | car=0.530 | bicycle=0.064 | background=0.985
  💾 Meilleur BOTH sauvegardé (val mAP=0.494)
[BOTH]  27/30 | train loss=0.4531 mAP=0.509 | val loss=0.7321 mAP=0.494 | person=0.396 | car=0.531 | bicycle=0.064 | background=0.985
  💾 Meilleur BOTH sauvegardé (val mAP=0.494)
[BOTH]  28/30 | train loss=0.4529 mAP=0.509 | val loss=0.7335 mAP=0.494 | person=0.397 | car=0.531 | bicycle=0.064 | background=0.985
  💾 Meilleur BOTH sauvegardé (val mAP=0.494)
[BOTH]  29/30 | train loss=0.4528 mAP=0.509 | val loss=0.7330 mAP=0.494 | person=0.397 | car=0.531 | bicycle=0.064 | background=0.985
  💾 Meilleur BOTH sauvegardé (val mAP=0.494)
[BOTH]  30/30 | train loss=0.4528 mAP=0.509 | val loss=0.7331 mAP=0.494 | person=0.397 | car=0.531 | bicycle=0.064 | background=0.985
  💾 Meilleur BOTH sauvegardé (val mAP=0.494)
  📊 Courbe ROC sauvegardée : /home/2023029/PARTAGE/abelgh02/logs/lemumo/lemumo_vits16_llvip-kaistfull04_ep20_bs64_lamb0.1/probings_latest_runs10_cropsize224/roc_curve_both.png

✨ SCORES ROC FINAUX POUR BOTH (Meilleure Époque) :
METRIC_AUC_BOTH_PERSON: 0.8951
METRIC_AUC_BOTH_CAR: 0.9180
METRIC_AUC_BOTH_BICYCLE: 0.9064
METRIC_AUC_BOTH_BACKGROUND: 0.9331

=======================================================
  Linear Probing OFFLINE — mode : JOINT
=======================================================
[train] mode=joint | 4129 images (0 ignorées) | person=23408 patches | car=70689 patches | bicycle=6911 patches | background=718426 patches
[val] mode=joint | 1013 images (0 ignorées) | person=15537 patches | car=21472 patches | bicycle=1588 patches | background=163479 patches
✅ Le MuMo encoder chargé depuis /home/2023029/PARTAGE/abelgh02/logs/lemumo/lemumo_vits16_llvip-kaistfull04_ep20_bs64_lamb0.1/latest.pt (run lemumo_vits16_llvip-kaistfull04_ep20_bs64_lamb0.1, variant=prune_after_first, ViT-small)
  ⚙️  Extraction des features pour joint...
  💾 Sauvegardé dans /home/2023029/PARTAGE/abelgh02/logs/lemumo/lemumo_vits16_llvip-kaistfull04_ep20_bs64_lamb0.1/probings_latest_runs10_cropsize224/joint_train_features_tbmTrue.pt (Shape: torch.Size([4129, 196, 384]))
  ⚙️  Extraction des features pour joint...
  💾 Sauvegardé dans /home/2023029/PARTAGE/abelgh02/logs/lemumo/lemumo_vits16_llvip-kaistfull04_ep20_bs64_lamb0.1/probings_latest_runs10_cropsize224/joint_val_features_tbmTrue.pt (Shape: torch.Size([1013, 196, 384]))
🔒 Graine aléatoire fixée à : 43
[JOINT]   1/30 | train loss=0.7575 mAP=0.383 | val loss=0.9016 mAP=0.427 | person=0.272 | car=0.427 | bicycle=0.038 | background=0.972
  💾 Meilleur JOINT sauvegardé (val mAP=0.427)
[JOINT]   2/30 | train loss=0.6001 mAP=0.422 | val loss=0.8538 mAP=0.443 | person=0.300 | car=0.449 | bicycle=0.045 | background=0.977
  💾 Meilleur JOINT sauvegardé (val mAP=0.443)
[JOINT]   3/30 | train loss=0.5654 mAP=0.434 | val loss=0.8583 mAP=0.451 | person=0.310 | car=0.465 | bicycle=0.049 | background=0.979
  💾 Meilleur JOINT sauvegardé (val mAP=0.451)
[JOINT]   4/30 | train loss=0.5477 mAP=0.442 | val loss=0.8230 mAP=0.457 | person=0.322 | car=0.473 | bicycle=0.052 | background=0.980
  💾 Meilleur JOINT sauvegardé (val mAP=0.457)
[JOINT]   5/30 | train loss=0.5364 mAP=0.447 | val loss=0.8251 mAP=0.460 | person=0.329 | car=0.479 | bicycle=0.053 | background=0.980
  💾 Meilleur JOINT sauvegardé (val mAP=0.460)
[JOINT]   6/30 | train loss=0.5283 mAP=0.451 | val loss=0.8233 mAP=0.462 | person=0.331 | car=0.483 | bicycle=0.055 | background=0.981
  💾 Meilleur JOINT sauvegardé (val mAP=0.462)
[JOINT]   7/30 | train loss=0.5220 mAP=0.455 | val loss=0.7973 mAP=0.465 | person=0.337 | car=0.486 | bicycle=0.055 | background=0.981
  💾 Meilleur JOINT sauvegardé (val mAP=0.465)
[JOINT]   8/30 | train loss=0.5165 mAP=0.458 | val loss=0.8123 mAP=0.466 | person=0.337 | car=0.489 | bicycle=0.057 | background=0.981
  💾 Meilleur JOINT sauvegardé (val mAP=0.466)
[JOINT]   9/30 | train loss=0.5140 mAP=0.459 | val loss=0.7931 mAP=0.468 | person=0.343 | car=0.491 | bicycle=0.057 | background=0.982
  💾 Meilleur JOINT sauvegardé (val mAP=0.468)
[JOINT]  10/30 | train loss=0.5089 mAP=0.462 | val loss=0.7793 mAP=0.470 | person=0.346 | car=0.493 | bicycle=0.058 | background=0.982
  💾 Meilleur JOINT sauvegardé (val mAP=0.470)
[JOINT]  11/30 | train loss=0.5060 mAP=0.464 | val loss=0.7932 mAP=0.471 | person=0.349 | car=0.494 | bicycle=0.058 | background=0.982
  💾 Meilleur JOINT sauvegardé (val mAP=0.471)
[JOINT]  12/30 | train loss=0.5031 mAP=0.466 | val loss=0.7829 mAP=0.471 | person=0.348 | car=0.496 | bicycle=0.059 | background=0.982
  💾 Meilleur JOINT sauvegardé (val mAP=0.471)
[JOINT]  13/30 | train loss=0.5009 mAP=0.468 | val loss=0.7797 mAP=0.472 | person=0.350 | car=0.497 | bicycle=0.059 | background=0.982
  💾 Meilleur JOINT sauvegardé (val mAP=0.472)
[JOINT]  14/30 | train loss=0.4989 mAP=0.469 | val loss=0.7864 mAP=0.473 | person=0.351 | car=0.498 | bicycle=0.059 | background=0.982
  💾 Meilleur JOINT sauvegardé (val mAP=0.473)
[JOINT]  15/30 | train loss=0.4974 mAP=0.470 | val loss=0.7777 mAP=0.473 | person=0.353 | car=0.498 | bicycle=0.060 | background=0.982
  💾 Meilleur JOINT sauvegardé (val mAP=0.473)
[JOINT]  16/30 | train loss=0.4958 mAP=0.472 | val loss=0.7718 mAP=0.474 | person=0.353 | car=0.500 | bicycle=0.060 | background=0.982
  💾 Meilleur JOINT sauvegardé (val mAP=0.474)
[JOINT]  17/30 | train loss=0.4947 mAP=0.472 | val loss=0.7945 mAP=0.474 | person=0.355 | car=0.500 | bicycle=0.060 | background=0.982
  💾 Meilleur JOINT sauvegardé (val mAP=0.474)
[JOINT]  18/30 | train loss=0.4938 mAP=0.473 | val loss=0.7798 mAP=0.474 | person=0.354 | car=0.500 | bicycle=0.060 | background=0.982
[JOINT]  19/30 | train loss=0.4922 mAP=0.474 | val loss=0.7775 mAP=0.475 | person=0.356 | car=0.501 | bicycle=0.060 | background=0.982
  💾 Meilleur JOINT sauvegardé (val mAP=0.475)
[JOINT]  20/30 | train loss=0.4914 mAP=0.475 | val loss=0.7797 mAP=0.475 | person=0.355 | car=0.501 | bicycle=0.060 | background=0.983
[JOINT]  21/30 | train loss=0.4908 mAP=0.475 | val loss=0.7801 mAP=0.475 | person=0.356 | car=0.501 | bicycle=0.060 | background=0.983
  💾 Meilleur JOINT sauvegardé (val mAP=0.475)
[JOINT]  22/30 | train loss=0.4905 mAP=0.476 | val loss=0.7791 mAP=0.475 | person=0.357 | car=0.502 | bicycle=0.060 | background=0.983
  💾 Meilleur JOINT sauvegardé (val mAP=0.475)
[JOINT]  23/30 | train loss=0.4899 mAP=0.476 | val loss=0.7759 mAP=0.475 | person=0.357 | car=0.502 | bicycle=0.060 | background=0.983
  💾 Meilleur JOINT sauvegardé (val mAP=0.475)
[JOINT]  24/30 | train loss=0.4895 mAP=0.476 | val loss=0.7734 mAP=0.475 | person=0.357 | car=0.502 | bicycle=0.060 | background=0.983
  💾 Meilleur JOINT sauvegardé (val mAP=0.475)
[JOINT]  25/30 | train loss=0.4892 mAP=0.476 | val loss=0.7724 mAP=0.476 | person=0.357 | car=0.502 | bicycle=0.060 | background=0.983
  💾 Meilleur JOINT sauvegardé (val mAP=0.476)
[JOINT]  26/30 | train loss=0.4889 mAP=0.477 | val loss=0.7751 mAP=0.476 | person=0.357 | car=0.503 | bicycle=0.060 | background=0.983
  💾 Meilleur JOINT sauvegardé (val mAP=0.476)
[JOINT]  27/30 | train loss=0.4887 mAP=0.477 | val loss=0.7744 mAP=0.476 | person=0.357 | car=0.503 | bicycle=0.060 | background=0.983
  💾 Meilleur JOINT sauvegardé (val mAP=0.476)
[JOINT]  28/30 | train loss=0.4886 mAP=0.477 | val loss=0.7736 mAP=0.476 | person=0.357 | car=0.503 | bicycle=0.060 | background=0.983
  💾 Meilleur JOINT sauvegardé (val mAP=0.476)
[JOINT]  29/30 | train loss=0.4886 mAP=0.477 | val loss=0.7735 mAP=0.476 | person=0.357 | car=0.503 | bicycle=0.060 | background=0.983
  💾 Meilleur JOINT sauvegardé (val mAP=0.476)
[JOINT]  30/30 | train loss=0.4885 mAP=0.477 | val loss=0.7735 mAP=0.476 | person=0.357 | car=0.503 | bicycle=0.060 | background=0.983
  💾 Meilleur JOINT sauvegardé (val mAP=0.476)
  📊 Courbe ROC sauvegardée : /home/2023029/PARTAGE/abelgh02/logs/lemumo/lemumo_vits16_llvip-kaistfull04_ep20_bs64_lamb0.1/probings_latest_runs10_cropsize224/roc_curve_joint.png

✨ SCORES ROC FINAUX POUR JOINT (Meilleure Époque) :
METRIC_AUC_JOINT_PERSON: 0.8859
METRIC_AUC_JOINT_CAR: 0.9100
METRIC_AUC_JOINT_BICYCLE: 0.8946
METRIC_AUC_JOINT_BACKGROUND: 0.9245

=======================================================
  RÉSUMÉ FINAL — Linear Probing JEPA sur FLIR Aligned
=======================================================
  RGB   │ █████████████                  │ mAP=0.446
  IR    │ █████████████                  │ mAP=0.465
  BOTH  │ ██████████████                 │ mAP=0.494
  JOINT │ ██████████████                 │ mAP=0.476
=======================================================

✅ mAP RGB ≈ mAP IR (gap < 5%) → le target_encoder aligne bien les deux modalités.
ℹ️  La fusion apporte +0.029 → les modalités restent complémentaires.

▶️  RUN 2/10 | cuda:0 | Seed: 44

=======================================================
  Linear Probing OFFLINE — mode : RGB
=======================================================
[train] mode=rgb | 4129 images (0 ignorées) | person=23408 patches | car=70689 patches | bicycle=6911 patches | background=718426 patches
[val] mode=rgb | 1013 images (0 ignorées) | person=15537 patches | car=21472 patches | bicycle=1588 patches | background=163479 patches
✅ Le MuMo encoder chargé depuis /home/2023029/PARTAGE/abelgh02/logs/lemumo/lemumo_vits16_llvip-kaistfull04_ep20_bs64_lamb0.1/latest.pt (run lemumo_vits16_llvip-kaistfull04_ep20_bs64_lamb0.1, variant=prune_after_first, ViT-small)
  ⚡ Features déjà extraites trouvées : chargement depuis /home/2023029/PARTAGE/abelgh02/logs/lemumo/lemumo_vits16_llvip-kaistfull04_ep20_bs64_lamb0.1/probings_latest_runs10_cropsize224/rgb_train_features_tbmTrue.pt
  ⚡ Features déjà extraites trouvées : chargement depuis /home/2023029/PARTAGE/abelgh02/logs/lemumo/lemumo_vits16_llvip-kaistfull04_ep20_bs64_lamb0.1/probings_latest_runs10_cropsize224/rgb_val_features_tbmTrue.pt
🔒 Graine aléatoire fixée à : 44
[RGB]   1/30 | train loss=0.8605 mAP=0.320 | val loss=1.0658 mAP=0.382 | person=0.210 | car=0.328 | bicycle=0.031 | background=0.961
  💾 Meilleur RGB sauvegardé (val mAP=0.382)
[RGB]   2/30 | train loss=0.7085 mAP=0.361 | val loss=0.9688 mAP=0.400 | person=0.230 | car=0.369 | bicycle=0.033 | background=0.968
  💾 Meilleur RGB sauvegardé (val mAP=0.400)
[RGB]   3/30 | train loss=0.6689 mAP=0.372 | val loss=0.9669 mAP=0.410 | person=0.240 | car=0.393 | bicycle=0.034 | background=0.972
  💾 Meilleur RGB sauvegardé (val mAP=0.410)
[RGB]   4/30 | train loss=0.6461 mAP=0.380 | val loss=0.9306 mAP=0.416 | person=0.246 | car=0.408 | bicycle=0.035 | background=0.974
  💾 Meilleur RGB sauvegardé (val mAP=0.416)
[RGB]   5/30 | train loss=0.6308 mAP=0.385 | val loss=0.9261 mAP=0.420 | person=0.252 | car=0.419 | bicycle=0.036 | background=0.975
  💾 Meilleur RGB sauvegardé (val mAP=0.420)
[RGB]   6/30 | train loss=0.6191 mAP=0.390 | val loss=0.9223 mAP=0.424 | person=0.257 | car=0.427 | bicycle=0.037 | background=0.976
  💾 Meilleur RGB sauvegardé (val mAP=0.424)
[RGB]   7/30 | train loss=0.6114 mAP=0.393 | val loss=0.9037 mAP=0.427 | person=0.260 | car=0.433 | bicycle=0.038 | background=0.976
  💾 Meilleur RGB sauvegardé (val mAP=0.427)
[RGB]   8/30 | train loss=0.6044 mAP=0.397 | val loss=0.9005 mAP=0.429 | person=0.264 | car=0.437 | bicycle=0.039 | background=0.977
  💾 Meilleur RGB sauvegardé (val mAP=0.429)
[RGB]   9/30 | train loss=0.5993 mAP=0.399 | val loss=0.9198 mAP=0.432 | person=0.266 | car=0.444 | bicycle=0.039 | background=0.977
  💾 Meilleur RGB sauvegardé (val mAP=0.432)
[RGB]  10/30 | train loss=0.5945 mAP=0.402 | val loss=0.8783 mAP=0.433 | person=0.269 | car=0.448 | bicycle=0.040 | background=0.977
  💾 Meilleur RGB sauvegardé (val mAP=0.433)
[RGB]  11/30 | train loss=0.5903 mAP=0.404 | val loss=0.8987 mAP=0.435 | person=0.272 | car=0.450 | bicycle=0.040 | background=0.977
  💾 Meilleur RGB sauvegardé (val mAP=0.435)
[RGB]  12/30 | train loss=0.5870 mAP=0.406 | val loss=0.8881 mAP=0.437 | person=0.274 | car=0.454 | bicycle=0.041 | background=0.978
  💾 Meilleur RGB sauvegardé (val mAP=0.437)
[RGB]  13/30 | train loss=0.5851 mAP=0.407 | val loss=0.9077 mAP=0.437 | person=0.276 | car=0.456 | bicycle=0.041 | background=0.978
  💾 Meilleur RGB sauvegardé (val mAP=0.437)
[RGB]  14/30 | train loss=0.5820 mAP=0.409 | val loss=0.8867 mAP=0.439 | person=0.277 | car=0.459 | bicycle=0.041 | background=0.978
  💾 Meilleur RGB sauvegardé (val mAP=0.439)
[RGB]  15/30 | train loss=0.5802 mAP=0.410 | val loss=0.8954 mAP=0.440 | person=0.278 | car=0.460 | bicycle=0.042 | background=0.978
  💾 Meilleur RGB sauvegardé (val mAP=0.440)
[RGB]  16/30 | train loss=0.5784 mAP=0.411 | val loss=0.8844 mAP=0.440 | person=0.280 | car=0.462 | bicycle=0.042 | background=0.978
  💾 Meilleur RGB sauvegardé (val mAP=0.440)
[RGB]  17/30 | train loss=0.5769 mAP=0.412 | val loss=0.8926 mAP=0.441 | person=0.280 | car=0.464 | bicycle=0.042 | background=0.978
  💾 Meilleur RGB sauvegardé (val mAP=0.441)
[RGB]  18/30 | train loss=0.5755 mAP=0.413 | val loss=0.8792 mAP=0.442 | person=0.281 | car=0.465 | bicycle=0.042 | background=0.978
  💾 Meilleur RGB sauvegardé (val mAP=0.442)
[RGB]  19/30 | train loss=0.5743 mAP=0.413 | val loss=0.8839 mAP=0.442 | person=0.282 | car=0.466 | bicycle=0.043 | background=0.978
  💾 Meilleur RGB sauvegardé (val mAP=0.442)
[RGB]  20/30 | train loss=0.5736 mAP=0.414 | val loss=0.8871 mAP=0.443 | person=0.283 | car=0.467 | bicycle=0.043 | background=0.978
  💾 Meilleur RGB sauvegardé (val mAP=0.443)
[RGB]  21/30 | train loss=0.5729 mAP=0.415 | val loss=0.8766 mAP=0.443 | person=0.283 | car=0.468 | bicycle=0.043 | background=0.978
  💾 Meilleur RGB sauvegardé (val mAP=0.443)
[RGB]  22/30 | train loss=0.5721 mAP=0.415 | val loss=0.8847 mAP=0.443 | person=0.284 | car=0.468 | bicycle=0.043 | background=0.978
  💾 Meilleur RGB sauvegardé (val mAP=0.443)
[RGB]  23/30 | train loss=0.5716 mAP=0.415 | val loss=0.8776 mAP=0.444 | person=0.284 | car=0.469 | bicycle=0.043 | background=0.978
  💾 Meilleur RGB sauvegardé (val mAP=0.444)
[RGB]  24/30 | train loss=0.5712 mAP=0.416 | val loss=0.8848 mAP=0.444 | person=0.284 | car=0.469 | bicycle=0.043 | background=0.978
  💾 Meilleur RGB sauvegardé (val mAP=0.444)
[RGB]  25/30 | train loss=0.5709 mAP=0.416 | val loss=0.8951 mAP=0.444 | person=0.284 | car=0.470 | bicycle=0.043 | background=0.978
  💾 Meilleur RGB sauvegardé (val mAP=0.444)
[RGB]  26/30 | train loss=0.5703 mAP=0.416 | val loss=0.8875 mAP=0.444 | person=0.284 | car=0.469 | bicycle=0.043 | background=0.978
  💾 Meilleur RGB sauvegardé (val mAP=0.444)
[RGB]  27/30 | train loss=0.5701 mAP=0.416 | val loss=0.8868 mAP=0.444 | person=0.284 | car=0.470 | bicycle=0.043 | background=0.978
  💾 Meilleur RGB sauvegardé (val mAP=0.444)
[RGB]  28/30 | train loss=0.5700 mAP=0.416 | val loss=0.8879 mAP=0.444 | person=0.284 | car=0.470 | bicycle=0.043 | background=0.978
  💾 Meilleur RGB sauvegardé (val mAP=0.444)
[RGB]  29/30 | train loss=0.5699 mAP=0.416 | val loss=0.8874 mAP=0.444 | person=0.285 | car=0.470 | bicycle=0.043 | background=0.978
  💾 Meilleur RGB sauvegardé (val mAP=0.444)
[RGB]  30/30 | train loss=0.5699 mAP=0.416 | val loss=0.8876 mAP=0.444 | person=0.285 | car=0.470 | bicycle=0.043 | background=0.978
  💾 Meilleur RGB sauvegardé (val mAP=0.444)
  📊 Courbe ROC sauvegardée : /home/2023029/PARTAGE/abelgh02/logs/lemumo/lemumo_vits16_llvip-kaistfull04_ep20_bs64_lamb0.1/probings_latest_runs10_cropsize224/roc_curve_rgb.png

✨ SCORES ROC FINAUX POUR RGB (Meilleure Époque) :
METRIC_AUC_RGB_PERSON: 0.8498
METRIC_AUC_RGB_CAR: 0.9015
METRIC_AUC_RGB_BICYCLE: 0.8712
METRIC_AUC_RGB_BACKGROUND: 0.9085

=======================================================
  Linear Probing OFFLINE — mode : IR
=======================================================
[train] mode=ir | 4129 images (0 ignorées) | person=23408 patches | car=70689 patches | bicycle=6911 patches | background=718426 patches
[val] mode=ir | 1013 images (0 ignorées) | person=15537 patches | car=21472 patches | bicycle=1588 patches | background=163479 patches
✅ Le MuMo encoder chargé depuis /home/2023029/PARTAGE/abelgh02/logs/lemumo/lemumo_vits16_llvip-kaistfull04_ep20_bs64_lamb0.1/latest.pt (run lemumo_vits16_llvip-kaistfull04_ep20_bs64_lamb0.1, variant=prune_after_first, ViT-small)
  ⚡ Features déjà extraites trouvées : chargement depuis /home/2023029/PARTAGE/abelgh02/logs/lemumo/lemumo_vits16_llvip-kaistfull04_ep20_bs64_lamb0.1/probings_latest_runs10_cropsize224/ir_train_features_tbmTrue.pt
  ⚡ Features déjà extraites trouvées : chargement depuis /home/2023029/PARTAGE/abelgh02/logs/lemumo/lemumo_vits16_llvip-kaistfull04_ep20_bs64_lamb0.1/probings_latest_runs10_cropsize224/ir_val_features_tbmTrue.pt
🔒 Graine aléatoire fixée à : 44
[IR]   1/30 | train loss=0.8119 mAP=0.344 | val loss=0.9044 mAP=0.427 | person=0.271 | car=0.421 | bicycle=0.044 | background=0.972
  💾 Meilleur IR sauvegardé (val mAP=0.427)
[IR]   2/30 | train loss=0.6189 mAP=0.415 | val loss=0.8728 mAP=0.439 | person=0.301 | car=0.433 | bicycle=0.048 | background=0.975
  💾 Meilleur IR sauvegardé (val mAP=0.439)
[IR]   3/30 | train loss=0.5848 mAP=0.425 | val loss=0.8390 mAP=0.446 | person=0.320 | car=0.437 | bicycle=0.050 | background=0.977
  💾 Meilleur IR sauvegardé (val mAP=0.446)
[IR]   4/30 | train loss=0.5673 mAP=0.433 | val loss=0.8267 mAP=0.450 | person=0.331 | car=0.440 | bicycle=0.051 | background=0.978
  💾 Meilleur IR sauvegardé (val mAP=0.450)
[IR]   5/30 | train loss=0.5557 mAP=0.438 | val loss=0.8145 mAP=0.452 | person=0.337 | car=0.442 | bicycle=0.053 | background=0.978
  💾 Meilleur IR sauvegardé (val mAP=0.452)
[IR]   6/30 | train loss=0.5475 mAP=0.442 | val loss=0.8063 mAP=0.455 | person=0.343 | car=0.442 | bicycle=0.054 | background=0.978
  💾 Meilleur IR sauvegardé (val mAP=0.455)
[IR]   7/30 | train loss=0.5415 mAP=0.445 | val loss=0.7957 mAP=0.456 | person=0.347 | car=0.445 | bicycle=0.054 | background=0.979
  💾 Meilleur IR sauvegardé (val mAP=0.456)
[IR]   8/30 | train loss=0.5349 mAP=0.448 | val loss=0.7932 mAP=0.457 | person=0.350 | car=0.445 | bicycle=0.055 | background=0.979
  💾 Meilleur IR sauvegardé (val mAP=0.457)
[IR]   9/30 | train loss=0.5307 mAP=0.450 | val loss=0.7981 mAP=0.459 | person=0.353 | car=0.448 | bicycle=0.055 | background=0.979
  💾 Meilleur IR sauvegardé (val mAP=0.459)
[IR]  10/30 | train loss=0.5266 mAP=0.453 | val loss=0.7918 mAP=0.460 | person=0.358 | car=0.447 | bicycle=0.056 | background=0.979
  💾 Meilleur IR sauvegardé (val mAP=0.460)
[IR]  11/30 | train loss=0.5238 mAP=0.454 | val loss=0.7957 mAP=0.460 | person=0.358 | car=0.449 | bicycle=0.056 | background=0.979
  💾 Meilleur IR sauvegardé (val mAP=0.460)
[IR]  12/30 | train loss=0.5206 mAP=0.456 | val loss=0.7867 mAP=0.462 | person=0.361 | car=0.450 | bicycle=0.057 | background=0.979
  💾 Meilleur IR sauvegardé (val mAP=0.462)
[IR]  13/30 | train loss=0.5183 mAP=0.458 | val loss=0.7877 mAP=0.462 | person=0.361 | car=0.451 | bicycle=0.057 | background=0.980
  💾 Meilleur IR sauvegardé (val mAP=0.462)
[IR]  14/30 | train loss=0.5169 mAP=0.458 | val loss=0.7752 mAP=0.463 | person=0.362 | car=0.451 | bicycle=0.057 | background=0.980
  💾 Meilleur IR sauvegardé (val mAP=0.463)
[IR]  15/30 | train loss=0.5146 mAP=0.460 | val loss=0.7771 mAP=0.464 | person=0.366 | car=0.452 | bicycle=0.057 | background=0.980
  💾 Meilleur IR sauvegardé (val mAP=0.464)
[IR]  16/30 | train loss=0.5136 mAP=0.461 | val loss=0.7958 mAP=0.464 | person=0.365 | car=0.452 | bicycle=0.057 | background=0.980
[IR]  17/30 | train loss=0.5118 mAP=0.462 | val loss=0.7861 mAP=0.464 | person=0.367 | car=0.452 | bicycle=0.057 | background=0.980
  💾 Meilleur IR sauvegardé (val mAP=0.464)
[IR]  18/30 | train loss=0.5105 mAP=0.462 | val loss=0.7873 mAP=0.464 | person=0.367 | car=0.453 | bicycle=0.058 | background=0.980
  💾 Meilleur IR sauvegardé (val mAP=0.464)
[IR]  19/30 | train loss=0.5095 mAP=0.463 | val loss=0.7727 mAP=0.465 | person=0.368 | car=0.453 | bicycle=0.058 | background=0.980
  💾 Meilleur IR sauvegardé (val mAP=0.465)
[IR]  20/30 | train loss=0.5087 mAP=0.464 | val loss=0.7772 mAP=0.465 | person=0.369 | car=0.454 | bicycle=0.058 | background=0.980
  💾 Meilleur IR sauvegardé (val mAP=0.465)
[IR]  21/30 | train loss=0.5080 mAP=0.464 | val loss=0.7850 mAP=0.465 | person=0.369 | car=0.454 | bicycle=0.058 | background=0.980
  💾 Meilleur IR sauvegardé (val mAP=0.465)
[IR]  22/30 | train loss=0.5074 mAP=0.465 | val loss=0.7778 mAP=0.465 | person=0.369 | car=0.454 | bicycle=0.058 | background=0.980
  💾 Meilleur IR sauvegardé (val mAP=0.465)
[IR]  23/30 | train loss=0.5069 mAP=0.465 | val loss=0.7849 mAP=0.466 | person=0.370 | car=0.454 | bicycle=0.058 | background=0.980
  💾 Meilleur IR sauvegardé (val mAP=0.466)
[IR]  24/30 | train loss=0.5066 mAP=0.465 | val loss=0.7813 mAP=0.466 | person=0.370 | car=0.454 | bicycle=0.058 | background=0.980
  💾 Meilleur IR sauvegardé (val mAP=0.466)
[IR]  25/30 | train loss=0.5062 mAP=0.465 | val loss=0.7822 mAP=0.466 | person=0.370 | car=0.455 | bicycle=0.058 | background=0.980
  💾 Meilleur IR sauvegardé (val mAP=0.466)
[IR]  26/30 | train loss=0.5060 mAP=0.466 | val loss=0.7812 mAP=0.466 | person=0.370 | car=0.455 | bicycle=0.058 | background=0.980
  💾 Meilleur IR sauvegardé (val mAP=0.466)
[IR]  27/30 | train loss=0.5058 mAP=0.466 | val loss=0.7817 mAP=0.466 | person=0.370 | car=0.455 | bicycle=0.058 | background=0.980
[IR]  28/30 | train loss=0.5057 mAP=0.466 | val loss=0.7822 mAP=0.466 | person=0.370 | car=0.455 | bicycle=0.058 | background=0.980
  💾 Meilleur IR sauvegardé (val mAP=0.466)
[IR]  29/30 | train loss=0.5056 mAP=0.466 | val loss=0.7820 mAP=0.466 | person=0.370 | car=0.455 | bicycle=0.058 | background=0.980
[IR]  30/30 | train loss=0.5056 mAP=0.466 | val loss=0.7818 mAP=0.466 | person=0.370 | car=0.455 | bicycle=0.058 | background=0.980
  📊 Courbe ROC sauvegardée : /home/2023029/PARTAGE/abelgh02/logs/lemumo/lemumo_vits16_llvip-kaistfull04_ep20_bs64_lamb0.1/probings_latest_runs10_cropsize224/roc_curve_ir.png

✨ SCORES ROC FINAUX POUR IR (Meilleure Époque) :
METRIC_AUC_IR_PERSON: 0.8875
METRIC_AUC_IR_CAR: 0.8923
METRIC_AUC_IR_BICYCLE: 0.8930
METRIC_AUC_IR_BACKGROUND: 0.9145

=======================================================
  Linear Probing OFFLINE — mode : BOTH
=======================================================
[train] mode=both | 4129 images (0 ignorées) | person=23408 patches | car=70689 patches | bicycle=6911 patches | background=718426 patches
[val] mode=both | 1013 images (0 ignorées) | person=15537 patches | car=21472 patches | bicycle=1588 patches | background=163479 patches
✅ Le MuMo encoder chargé depuis /home/2023029/PARTAGE/abelgh02/logs/lemumo/lemumo_vits16_llvip-kaistfull04_ep20_bs64_lamb0.1/latest.pt (run lemumo_vits16_llvip-kaistfull04_ep20_bs64_lamb0.1, variant=prune_after_first, ViT-small)
  ⚡ Features déjà extraites trouvées : chargement depuis /home/2023029/PARTAGE/abelgh02/logs/lemumo/lemumo_vits16_llvip-kaistfull04_ep20_bs64_lamb0.1/probings_latest_runs10_cropsize224/both_train_features_tbmTrue.pt
  ⚡ Features déjà extraites trouvées : chargement depuis /home/2023029/PARTAGE/abelgh02/logs/lemumo/lemumo_vits16_llvip-kaistfull04_ep20_bs64_lamb0.1/probings_latest_runs10_cropsize224/both_val_features_tbmTrue.pt
🔒 Graine aléatoire fixée à : 44
[BOTH]   1/30 | train loss=0.7157 mAP=0.391 | val loss=0.9038 mAP=0.444 | person=0.300 | car=0.454 | bicycle=0.046 | background=0.977
  💾 Meilleur BOTH sauvegardé (val mAP=0.444)
[BOTH]   2/30 | train loss=0.5581 mAP=0.434 | val loss=0.8033 mAP=0.462 | person=0.332 | car=0.481 | bicycle=0.055 | background=0.980
  💾 Meilleur BOTH sauvegardé (val mAP=0.462)
[BOTH]   3/30 | train loss=0.5302 mAP=0.450 | val loss=0.8180 mAP=0.470 | person=0.349 | car=0.493 | bicycle=0.056 | background=0.981
  💾 Meilleur BOTH sauvegardé (val mAP=0.470)
[BOTH]   4/30 | train loss=0.5150 mAP=0.460 | val loss=0.7695 mAP=0.475 | person=0.357 | car=0.502 | bicycle=0.058 | background=0.982
  💾 Meilleur BOTH sauvegardé (val mAP=0.475)
[BOTH]   5/30 | train loss=0.5049 mAP=0.467 | val loss=0.7609 mAP=0.479 | person=0.366 | car=0.507 | bicycle=0.059 | background=0.983
  💾 Meilleur BOTH sauvegardé (val mAP=0.479)
[BOTH]   6/30 | train loss=0.4963 mAP=0.474 | val loss=0.7473 mAP=0.482 | person=0.371 | car=0.514 | bicycle=0.059 | background=0.983
  💾 Meilleur BOTH sauvegardé (val mAP=0.482)
[BOTH]   7/30 | train loss=0.4899 mAP=0.479 | val loss=0.7365 mAP=0.484 | person=0.375 | car=0.516 | bicycle=0.060 | background=0.983
  💾 Meilleur BOTH sauvegardé (val mAP=0.484)
[BOTH]   8/30 | train loss=0.4843 mAP=0.483 | val loss=0.7416 mAP=0.485 | person=0.379 | car=0.518 | bicycle=0.060 | background=0.983
  💾 Meilleur BOTH sauvegardé (val mAP=0.485)
[BOTH]   9/30 | train loss=0.4798 mAP=0.487 | val loss=0.7287 mAP=0.487 | person=0.382 | car=0.521 | bicycle=0.061 | background=0.984
  💾 Meilleur BOTH sauvegardé (val mAP=0.487)
[BOTH]  10/30 | train loss=0.4760 mAP=0.490 | val loss=0.7484 mAP=0.488 | person=0.385 | car=0.523 | bicycle=0.061 | background=0.984
  💾 Meilleur BOTH sauvegardé (val mAP=0.488)
[BOTH]  11/30 | train loss=0.4727 mAP=0.494 | val loss=0.7433 mAP=0.489 | person=0.387 | car=0.524 | bicycle=0.062 | background=0.984
  💾 Meilleur BOTH sauvegardé (val mAP=0.489)
[BOTH]  12/30 | train loss=0.4694 mAP=0.496 | val loss=0.7461 mAP=0.490 | person=0.388 | car=0.527 | bicycle=0.062 | background=0.984
  💾 Meilleur BOTH sauvegardé (val mAP=0.490)
[BOTH]  13/30 | train loss=0.4676 mAP=0.496 | val loss=0.7493 mAP=0.491 | person=0.390 | car=0.526 | bicycle=0.062 | background=0.984
  💾 Meilleur BOTH sauvegardé (val mAP=0.491)
[BOTH]  14/30 | train loss=0.4649 mAP=0.499 | val loss=0.7354 mAP=0.491 | person=0.391 | car=0.528 | bicycle=0.063 | background=0.984
  💾 Meilleur BOTH sauvegardé (val mAP=0.491)
[BOTH]  15/30 | train loss=0.4631 mAP=0.500 | val loss=0.7386 mAP=0.492 | person=0.392 | car=0.528 | bicycle=0.063 | background=0.984
  💾 Meilleur BOTH sauvegardé (val mAP=0.492)
[BOTH]  16/30 | train loss=0.4616 mAP=0.503 | val loss=0.7221 mAP=0.493 | person=0.394 | car=0.531 | bicycle=0.063 | background=0.984
  💾 Meilleur BOTH sauvegardé (val mAP=0.493)
[BOTH]  17/30 | train loss=0.4604 mAP=0.503 | val loss=0.7341 mAP=0.493 | person=0.395 | car=0.530 | bicycle=0.064 | background=0.984
  💾 Meilleur BOTH sauvegardé (val mAP=0.493)
[BOTH]  18/30 | train loss=0.4589 mAP=0.504 | val loss=0.7255 mAP=0.493 | person=0.395 | car=0.531 | bicycle=0.063 | background=0.984
  💾 Meilleur BOTH sauvegardé (val mAP=0.493)
[BOTH]  19/30 | train loss=0.4583 mAP=0.505 | val loss=0.7363 mAP=0.494 | person=0.396 | car=0.532 | bicycle=0.064 | background=0.984
  💾 Meilleur BOTH sauvegardé (val mAP=0.494)
[BOTH]  20/30 | train loss=0.4578 mAP=0.505 | val loss=0.7191 mAP=0.494 | person=0.397 | car=0.532 | bicycle=0.063 | background=0.985
  💾 Meilleur BOTH sauvegardé (val mAP=0.494)
[BOTH]  21/30 | train loss=0.4572 mAP=0.505 | val loss=0.7234 mAP=0.494 | person=0.396 | car=0.533 | bicycle=0.064 | background=0.985
  💾 Meilleur BOTH sauvegardé (val mAP=0.494)
[BOTH]  22/30 | train loss=0.4560 mAP=0.507 | val loss=0.7331 mAP=0.495 | person=0.398 | car=0.533 | bicycle=0.063 | background=0.985
  💾 Meilleur BOTH sauvegardé (val mAP=0.495)
[BOTH]  23/30 | train loss=0.4551 mAP=0.508 | val loss=0.7308 mAP=0.495 | person=0.397 | car=0.533 | bicycle=0.064 | background=0.985
[BOTH]  24/30 | train loss=0.4547 mAP=0.508 | val loss=0.7360 mAP=0.495 | person=0.398 | car=0.534 | bicycle=0.064 | background=0.985
  💾 Meilleur BOTH sauvegardé (val mAP=0.495)
[BOTH]  25/30 | train loss=0.4543 mAP=0.509 | val loss=0.7353 mAP=0.495 | person=0.398 | car=0.534 | bicycle=0.064 | background=0.985
  💾 Meilleur BOTH sauvegardé (val mAP=0.495)
[BOTH]  26/30 | train loss=0.4541 mAP=0.509 | val loss=0.7308 mAP=0.495 | person=0.398 | car=0.534 | bicycle=0.064 | background=0.985
  💾 Meilleur BOTH sauvegardé (val mAP=0.495)
[BOTH]  27/30 | train loss=0.4538 mAP=0.509 | val loss=0.7317 mAP=0.495 | person=0.398 | car=0.534 | bicycle=0.064 | background=0.985
  💾 Meilleur BOTH sauvegardé (val mAP=0.495)
[BOTH]  28/30 | train loss=0.4537 mAP=0.509 | val loss=0.7312 mAP=0.495 | person=0.398 | car=0.534 | bicycle=0.064 | background=0.985
[BOTH]  29/30 | train loss=0.4537 mAP=0.509 | val loss=0.7316 mAP=0.495 | person=0.398 | car=0.534 | bicycle=0.064 | background=0.985
[BOTH]  30/30 | train loss=0.4536 mAP=0.509 | val loss=0.7318 mAP=0.495 | person=0.398 | car=0.534 | bicycle=0.064 | background=0.985
  📊 Courbe ROC sauvegardée : /home/2023029/PARTAGE/abelgh02/logs/lemumo/lemumo_vits16_llvip-kaistfull04_ep20_bs64_lamb0.1/probings_latest_runs10_cropsize224/roc_curve_both.png

✨ SCORES ROC FINAUX POUR BOTH (Meilleure Époque) :
METRIC_AUC_BOTH_PERSON: 0.8952
METRIC_AUC_BOTH_CAR: 0.9183
METRIC_AUC_BOTH_BICYCLE: 0.9069
METRIC_AUC_BOTH_BACKGROUND: 0.9327

=======================================================
  Linear Probing OFFLINE — mode : JOINT
=======================================================
[train] mode=joint | 4129 images (0 ignorées) | person=23408 patches | car=70689 patches | bicycle=6911 patches | background=718426 patches
[val] mode=joint | 1013 images (0 ignorées) | person=15537 patches | car=21472 patches | bicycle=1588 patches | background=163479 patches
✅ Le MuMo encoder chargé depuis /home/2023029/PARTAGE/abelgh02/logs/lemumo/lemumo_vits16_llvip-kaistfull04_ep20_bs64_lamb0.1/latest.pt (run lemumo_vits16_llvip-kaistfull04_ep20_bs64_lamb0.1, variant=prune_after_first, ViT-small)
  ⚡ Features déjà extraites trouvées : chargement depuis /home/2023029/PARTAGE/abelgh02/logs/lemumo/lemumo_vits16_llvip-kaistfull04_ep20_bs64_lamb0.1/probings_latest_runs10_cropsize224/joint_train_features_tbmTrue.pt
  ⚡ Features déjà extraites trouvées : chargement depuis /home/2023029/PARTAGE/abelgh02/logs/lemumo/lemumo_vits16_llvip-kaistfull04_ep20_bs64_lamb0.1/probings_latest_runs10_cropsize224/joint_val_features_tbmTrue.pt
🔒 Graine aléatoire fixée à : 44
[JOINT]   1/30 | train loss=0.8061 mAP=0.341 | val loss=0.9214 mAP=0.416 | person=0.247 | car=0.399 | bicycle=0.047 | background=0.973
  💾 Meilleur JOINT sauvegardé (val mAP=0.416)
[JOINT]   2/30 | train loss=0.6108 mAP=0.413 | val loss=0.8468 mAP=0.437 | person=0.286 | car=0.433 | bicycle=0.051 | background=0.977
  💾 Meilleur JOINT sauvegardé (val mAP=0.437)
[JOINT]   3/30 | train loss=0.5710 mAP=0.428 | val loss=0.8232 mAP=0.447 | person=0.301 | car=0.454 | bicycle=0.053 | background=0.979
  💾 Meilleur JOINT sauvegardé (val mAP=0.447)
[JOINT]   4/30 | train loss=0.5519 mAP=0.438 | val loss=0.8217 mAP=0.453 | person=0.313 | car=0.465 | bicycle=0.055 | background=0.980
  💾 Meilleur JOINT sauvegardé (val mAP=0.453)
[JOINT]   5/30 | train loss=0.5399 mAP=0.445 | val loss=0.8170 mAP=0.457 | person=0.320 | car=0.472 | bicycle=0.056 | background=0.980
  💾 Meilleur JOINT sauvegardé (val mAP=0.457)
[JOINT]   6/30 | train loss=0.5316 mAP=0.449 | val loss=0.8082 mAP=0.461 | person=0.326 | car=0.478 | bicycle=0.058 | background=0.981
  💾 Meilleur JOINT sauvegardé (val mAP=0.461)
[JOINT]   7/30 | train loss=0.5250 mAP=0.453 | val loss=0.8031 mAP=0.463 | person=0.332 | car=0.482 | bicycle=0.059 | background=0.981
  💾 Meilleur JOINT sauvegardé (val mAP=0.463)
[JOINT]   8/30 | train loss=0.5198 mAP=0.456 | val loss=0.7819 mAP=0.465 | person=0.337 | car=0.484 | bicycle=0.059 | background=0.981
  💾 Meilleur JOINT sauvegardé (val mAP=0.465)
[JOINT]   9/30 | train loss=0.5152 mAP=0.459 | val loss=0.8069 mAP=0.466 | person=0.336 | car=0.487 | bicycle=0.060 | background=0.981
  💾 Meilleur JOINT sauvegardé (val mAP=0.466)
[JOINT]  10/30 | train loss=0.5116 mAP=0.461 | val loss=0.7872 mAP=0.468 | person=0.339 | car=0.489 | bicycle=0.061 | background=0.982
  💾 Meilleur JOINT sauvegardé (val mAP=0.468)
[JOINT]  11/30 | train loss=0.5086 mAP=0.464 | val loss=0.7828 mAP=0.469 | person=0.342 | car=0.491 | bicycle=0.060 | background=0.982
  💾 Meilleur JOINT sauvegardé (val mAP=0.469)
[JOINT]  12/30 | train loss=0.5056 mAP=0.465 | val loss=0.7861 mAP=0.470 | person=0.344 | car=0.492 | bicycle=0.061 | background=0.982
  💾 Meilleur JOINT sauvegardé (val mAP=0.470)
[JOINT]  13/30 | train loss=0.5034 mAP=0.467 | val loss=0.7917 mAP=0.471 | person=0.345 | car=0.494 | bicycle=0.061 | background=0.982
  💾 Meilleur JOINT sauvegardé (val mAP=0.471)
[JOINT]  14/30 | train loss=0.5015 mAP=0.468 | val loss=0.7699 mAP=0.471 | person=0.348 | car=0.494 | bicycle=0.062 | background=0.982
  💾 Meilleur JOINT sauvegardé (val mAP=0.471)
[JOINT]  15/30 | train loss=0.5001 mAP=0.469 | val loss=0.7832 mAP=0.472 | person=0.349 | car=0.495 | bicycle=0.061 | background=0.982
  💾 Meilleur JOINT sauvegardé (val mAP=0.472)
[JOINT]  16/30 | train loss=0.4984 mAP=0.470 | val loss=0.7760 mAP=0.473 | person=0.351 | car=0.496 | bicycle=0.062 | background=0.982
  💾 Meilleur JOINT sauvegardé (val mAP=0.473)
[JOINT]  17/30 | train loss=0.4969 mAP=0.471 | val loss=0.7822 mAP=0.473 | person=0.350 | car=0.497 | bicycle=0.061 | background=0.982
  💾 Meilleur JOINT sauvegardé (val mAP=0.473)
[JOINT]  18/30 | train loss=0.4960 mAP=0.472 | val loss=0.7794 mAP=0.473 | person=0.351 | car=0.498 | bicycle=0.062 | background=0.982
  💾 Meilleur JOINT sauvegardé (val mAP=0.473)
[JOINT]  19/30 | train loss=0.4948 mAP=0.473 | val loss=0.7838 mAP=0.474 | person=0.352 | car=0.498 | bicycle=0.062 | background=0.982
  💾 Meilleur JOINT sauvegardé (val mAP=0.474)
[JOINT]  20/30 | train loss=0.4940 mAP=0.474 | val loss=0.7734 mAP=0.474 | person=0.353 | car=0.498 | bicycle=0.062 | background=0.982
  💾 Meilleur JOINT sauvegardé (val mAP=0.474)
[JOINT]  21/30 | train loss=0.4932 mAP=0.474 | val loss=0.7766 mAP=0.474 | person=0.353 | car=0.499 | bicycle=0.062 | background=0.982
  💾 Meilleur JOINT sauvegardé (val mAP=0.474)
[JOINT]  22/30 | train loss=0.4927 mAP=0.475 | val loss=0.7723 mAP=0.474 | person=0.353 | car=0.499 | bicycle=0.062 | background=0.982
  💾 Meilleur JOINT sauvegardé (val mAP=0.474)
[JOINT]  23/30 | train loss=0.4923 mAP=0.475 | val loss=0.7718 mAP=0.474 | person=0.353 | car=0.499 | bicycle=0.062 | background=0.982
[JOINT]  24/30 | train loss=0.4919 mAP=0.475 | val loss=0.7734 mAP=0.474 | person=0.353 | car=0.499 | bicycle=0.063 | background=0.982
  💾 Meilleur JOINT sauvegardé (val mAP=0.474)
[JOINT]  25/30 | train loss=0.4914 mAP=0.475 | val loss=0.7750 mAP=0.474 | person=0.353 | car=0.500 | bicycle=0.062 | background=0.983
[JOINT]  26/30 | train loss=0.4912 mAP=0.475 | val loss=0.7725 mAP=0.474 | person=0.353 | car=0.500 | bicycle=0.063 | background=0.983
  💾 Meilleur JOINT sauvegardé (val mAP=0.474)
[JOINT]  27/30 | train loss=0.4911 mAP=0.476 | val loss=0.7739 mAP=0.475 | person=0.353 | car=0.500 | bicycle=0.062 | background=0.983
  💾 Meilleur JOINT sauvegardé (val mAP=0.475)
[JOINT]  28/30 | train loss=0.4909 mAP=0.476 | val loss=0.7738 mAP=0.475 | person=0.354 | car=0.500 | bicycle=0.062 | background=0.983
  💾 Meilleur JOINT sauvegardé (val mAP=0.475)
[JOINT]  29/30 | train loss=0.4909 mAP=0.476 | val loss=0.7741 mAP=0.475 | person=0.354 | car=0.500 | bicycle=0.062 | background=0.983
  💾 Meilleur JOINT sauvegardé (val mAP=0.475)
[JOINT]  30/30 | train loss=0.4909 mAP=0.476 | val loss=0.7740 mAP=0.475 | person=0.354 | car=0.500 | bicycle=0.062 | background=0.983
  💾 Meilleur JOINT sauvegardé (val mAP=0.475)
  📊 Courbe ROC sauvegardée : /home/2023029/PARTAGE/abelgh02/logs/lemumo/lemumo_vits16_llvip-kaistfull04_ep20_bs64_lamb0.1/probings_latest_runs10_cropsize224/roc_curve_joint.png

✨ SCORES ROC FINAUX POUR JOINT (Meilleure Époque) :
METRIC_AUC_JOINT_PERSON: 0.8853
METRIC_AUC_JOINT_CAR: 0.9094
METRIC_AUC_JOINT_BICYCLE: 0.8940
METRIC_AUC_JOINT_BACKGROUND: 0.9243

=======================================================
  RÉSUMÉ FINAL — Linear Probing JEPA sur FLIR Aligned
=======================================================
  RGB   │ █████████████                  │ mAP=0.444
  IR    │ █████████████                  │ mAP=0.466
  BOTH  │ ██████████████                 │ mAP=0.495
  JOINT │ ██████████████                 │ mAP=0.475
=======================================================

✅ mAP RGB ≈ mAP IR (gap < 5%) → le target_encoder aligne bien les deux modalités.
ℹ️  La fusion apporte +0.029 → les modalités restent complémentaires.

▶️  RUN 3/10 | cuda:0 | Seed: 45

=======================================================
  Linear Probing OFFLINE — mode : RGB
=======================================================
[train] mode=rgb | 4129 images (0 ignorées) | person=23408 patches | car=70689 patches | bicycle=6911 patches | background=718426 patches
[val] mode=rgb | 1013 images (0 ignorées) | person=15537 patches | car=21472 patches | bicycle=1588 patches | background=163479 patches
✅ Le MuMo encoder chargé depuis /home/2023029/PARTAGE/abelgh02/logs/lemumo/lemumo_vits16_llvip-kaistfull04_ep20_bs64_lamb0.1/latest.pt (run lemumo_vits16_llvip-kaistfull04_ep20_bs64_lamb0.1, variant=prune_after_first, ViT-small)
  ⚡ Features déjà extraites trouvées : chargement depuis /home/2023029/PARTAGE/abelgh02/logs/lemumo/lemumo_vits16_llvip-kaistfull04_ep20_bs64_lamb0.1/probings_latest_runs10_cropsize224/rgb_train_features_tbmTrue.pt
  ⚡ Features déjà extraites trouvées : chargement depuis /home/2023029/PARTAGE/abelgh02/logs/lemumo/lemumo_vits16_llvip-kaistfull04_ep20_bs64_lamb0.1/probings_latest_runs10_cropsize224/rgb_val_features_tbmTrue.pt
🔒 Graine aléatoire fixée à : 45
[RGB]   1/30 | train loss=0.8310 mAP=0.344 | val loss=1.0051 mAP=0.391 | person=0.216 | car=0.354 | bicycle=0.030 | background=0.964
  💾 Meilleur RGB sauvegardé (val mAP=0.391)
[RGB]   2/30 | train loss=0.6994 mAP=0.367 | val loss=1.0099 mAP=0.406 | person=0.234 | car=0.386 | bicycle=0.032 | background=0.970
  💾 Meilleur RGB sauvegardé (val mAP=0.406)
[RGB]   3/30 | train loss=0.6641 mAP=0.377 | val loss=0.9653 mAP=0.413 | person=0.243 | car=0.403 | bicycle=0.034 | background=0.973
  💾 Meilleur RGB sauvegardé (val mAP=0.413)
[RGB]   4/30 | train loss=0.6439 mAP=0.383 | val loss=0.9077 mAP=0.419 | person=0.250 | car=0.417 | bicycle=0.035 | background=0.974
  💾 Meilleur RGB sauvegardé (val mAP=0.419)
[RGB]   5/30 | train loss=0.6295 mAP=0.389 | val loss=0.8875 mAP=0.423 | person=0.256 | car=0.426 | bicycle=0.036 | background=0.975
  💾 Meilleur RGB sauvegardé (val mAP=0.423)
[RGB]   6/30 | train loss=0.6175 mAP=0.393 | val loss=0.9231 mAP=0.427 | person=0.259 | car=0.435 | bicycle=0.037 | background=0.976
  💾 Meilleur RGB sauvegardé (val mAP=0.427)
[RGB]   7/30 | train loss=0.6095 mAP=0.397 | val loss=0.8975 mAP=0.429 | person=0.263 | car=0.440 | bicycle=0.037 | background=0.976
  💾 Meilleur RGB sauvegardé (val mAP=0.429)
[RGB]   8/30 | train loss=0.6034 mAP=0.399 | val loss=0.9122 mAP=0.432 | person=0.266 | car=0.446 | bicycle=0.038 | background=0.977
  💾 Meilleur RGB sauvegardé (val mAP=0.432)
[RGB]   9/30 | train loss=0.5981 mAP=0.403 | val loss=0.9004 mAP=0.434 | person=0.269 | car=0.451 | bicycle=0.039 | background=0.977
  💾 Meilleur RGB sauvegardé (val mAP=0.434)
[RGB]  10/30 | train loss=0.5936 mAP=0.405 | val loss=0.9225 mAP=0.436 | person=0.271 | car=0.455 | bicycle=0.039 | background=0.977
  💾 Meilleur RGB sauvegardé (val mAP=0.436)
[RGB]  11/30 | train loss=0.5903 mAP=0.406 | val loss=0.8940 mAP=0.438 | person=0.273 | car=0.459 | bicycle=0.040 | background=0.977
  💾 Meilleur RGB sauvegardé (val mAP=0.438)
[RGB]  12/30 | train loss=0.5868 mAP=0.409 | val loss=0.8985 mAP=0.439 | person=0.275 | car=0.463 | bicycle=0.041 | background=0.978
  💾 Meilleur RGB sauvegardé (val mAP=0.439)
[RGB]  13/30 | train loss=0.5846 mAP=0.410 | val loss=0.8869 mAP=0.440 | person=0.277 | car=0.464 | bicycle=0.041 | background=0.978
  💾 Meilleur RGB sauvegardé (val mAP=0.440)
[RGB]  14/30 | train loss=0.5819 mAP=0.411 | val loss=0.8820 mAP=0.441 | person=0.278 | car=0.468 | bicycle=0.041 | background=0.978
  💾 Meilleur RGB sauvegardé (val mAP=0.441)
[RGB]  15/30 | train loss=0.5799 mAP=0.412 | val loss=0.9076 mAP=0.442 | person=0.279 | car=0.469 | bicycle=0.042 | background=0.978
  💾 Meilleur RGB sauvegardé (val mAP=0.442)
[RGB]  16/30 | train loss=0.5780 mAP=0.414 | val loss=0.8924 mAP=0.443 | person=0.280 | car=0.470 | bicycle=0.042 | background=0.978
  💾 Meilleur RGB sauvegardé (val mAP=0.443)
[RGB]  17/30 | train loss=0.5772 mAP=0.414 | val loss=0.8804 mAP=0.443 | person=0.282 | car=0.471 | bicycle=0.042 | background=0.978
  💾 Meilleur RGB sauvegardé (val mAP=0.443)
[RGB]  18/30 | train loss=0.5758 mAP=0.415 | val loss=0.9041 mAP=0.444 | person=0.282 | car=0.473 | bicycle=0.042 | background=0.978
  💾 Meilleur RGB sauvegardé (val mAP=0.444)
[RGB]  19/30 | train loss=0.5744 mAP=0.416 | val loss=0.9063 mAP=0.444 | person=0.283 | car=0.474 | bicycle=0.042 | background=0.978
  💾 Meilleur RGB sauvegardé (val mAP=0.444)
[RGB]  20/30 | train loss=0.5741 mAP=0.416 | val loss=0.8845 mAP=0.445 | person=0.283 | car=0.474 | bicycle=0.043 | background=0.978
  💾 Meilleur RGB sauvegardé (val mAP=0.445)
[RGB]  21/30 | train loss=0.5724 mAP=0.417 | val loss=0.9025 mAP=0.445 | person=0.284 | car=0.475 | bicycle=0.043 | background=0.978
  💾 Meilleur RGB sauvegardé (val mAP=0.445)
[RGB]  22/30 | train loss=0.5722 mAP=0.417 | val loss=0.8931 mAP=0.445 | person=0.284 | car=0.476 | bicycle=0.043 | background=0.978
  💾 Meilleur RGB sauvegardé (val mAP=0.445)
[RGB]  23/30 | train loss=0.5713 mAP=0.418 | val loss=0.8840 mAP=0.445 | person=0.284 | car=0.476 | bicycle=0.043 | background=0.978
  💾 Meilleur RGB sauvegardé (val mAP=0.445)
[RGB]  24/30 | train loss=0.5709 mAP=0.418 | val loss=0.8923 mAP=0.446 | person=0.284 | car=0.476 | bicycle=0.043 | background=0.978
  💾 Meilleur RGB sauvegardé (val mAP=0.446)
[RGB]  25/30 | train loss=0.5705 mAP=0.418 | val loss=0.8931 mAP=0.446 | person=0.285 | car=0.477 | bicycle=0.043 | background=0.978
  💾 Meilleur RGB sauvegardé (val mAP=0.446)
[RGB]  26/30 | train loss=0.5704 mAP=0.418 | val loss=0.8904 mAP=0.446 | person=0.285 | car=0.477 | bicycle=0.043 | background=0.978
  💾 Meilleur RGB sauvegardé (val mAP=0.446)
[RGB]  27/30 | train loss=0.5701 mAP=0.418 | val loss=0.8890 mAP=0.446 | person=0.285 | car=0.477 | bicycle=0.043 | background=0.978
  💾 Meilleur RGB sauvegardé (val mAP=0.446)
[RGB]  28/30 | train loss=0.5700 mAP=0.418 | val loss=0.8900 mAP=0.446 | person=0.285 | car=0.477 | bicycle=0.043 | background=0.978
  💾 Meilleur RGB sauvegardé (val mAP=0.446)
[RGB]  29/30 | train loss=0.5699 mAP=0.419 | val loss=0.8911 mAP=0.446 | person=0.285 | car=0.477 | bicycle=0.043 | background=0.978
  💾 Meilleur RGB sauvegardé (val mAP=0.446)
[RGB]  30/30 | train loss=0.5699 mAP=0.419 | val loss=0.8909 mAP=0.446 | person=0.285 | car=0.477 | bicycle=0.043 | background=0.978
  📊 Courbe ROC sauvegardée : /home/2023029/PARTAGE/abelgh02/logs/lemumo/lemumo_vits16_llvip-kaistfull04_ep20_bs64_lamb0.1/probings_latest_runs10_cropsize224/roc_curve_rgb.png

✨ SCORES ROC FINAUX POUR RGB (Meilleure Époque) :
METRIC_AUC_RGB_PERSON: 0.8500
METRIC_AUC_RGB_CAR: 0.9020
METRIC_AUC_RGB_BICYCLE: 0.8705
METRIC_AUC_RGB_BACKGROUND: 0.9081

=======================================================
  Linear Probing OFFLINE — mode : IR
=======================================================
[train] mode=ir | 4129 images (0 ignorées) | person=23408 patches | car=70689 patches | bicycle=6911 patches | background=718426 patches
[val] mode=ir | 1013 images (0 ignorées) | person=15537 patches | car=21472 patches | bicycle=1588 patches | background=163479 patches
✅ Le MuMo encoder chargé depuis /home/2023029/PARTAGE/abelgh02/logs/lemumo/lemumo_vits16_llvip-kaistfull04_ep20_bs64_lamb0.1/latest.pt (run lemumo_vits16_llvip-kaistfull04_ep20_bs64_lamb0.1, variant=prune_after_first, ViT-small)
  ⚡ Features déjà extraites trouvées : chargement depuis /home/2023029/PARTAGE/abelgh02/logs/lemumo/lemumo_vits16_llvip-kaistfull04_ep20_bs64_lamb0.1/probings_latest_runs10_cropsize224/ir_train_features_tbmTrue.pt
  ⚡ Features déjà extraites trouvées : chargement depuis /home/2023029/PARTAGE/abelgh02/logs/lemumo/lemumo_vits16_llvip-kaistfull04_ep20_bs64_lamb0.1/probings_latest_runs10_cropsize224/ir_val_features_tbmTrue.pt
🔒 Graine aléatoire fixée à : 45
[IR]   1/30 | train loss=0.7744 mAP=0.378 | val loss=0.9100 mAP=0.428 | person=0.284 | car=0.422 | bicycle=0.036 | background=0.972
  💾 Meilleur IR sauvegardé (val mAP=0.428)
[IR]   2/30 | train loss=0.6143 mAP=0.416 | val loss=0.8647 mAP=0.439 | person=0.307 | car=0.428 | bicycle=0.043 | background=0.976
  💾 Meilleur IR sauvegardé (val mAP=0.439)
[IR]   3/30 | train loss=0.5837 mAP=0.425 | val loss=0.8510 mAP=0.445 | person=0.321 | car=0.434 | bicycle=0.046 | background=0.977
  💾 Meilleur IR sauvegardé (val mAP=0.445)
[IR]   4/30 | train loss=0.5670 mAP=0.432 | val loss=0.8300 mAP=0.448 | person=0.332 | car=0.435 | bicycle=0.048 | background=0.978
  💾 Meilleur IR sauvegardé (val mAP=0.448)
[IR]   5/30 | train loss=0.5560 mAP=0.438 | val loss=0.8202 mAP=0.451 | person=0.337 | car=0.438 | bicycle=0.049 | background=0.979
  💾 Meilleur IR sauvegardé (val mAP=0.451)
[IR]   6/30 | train loss=0.5474 mAP=0.441 | val loss=0.8228 mAP=0.454 | person=0.346 | car=0.441 | bicycle=0.051 | background=0.979
  💾 Meilleur IR sauvegardé (val mAP=0.454)
[IR]   7/30 | train loss=0.5401 mAP=0.444 | val loss=0.8090 mAP=0.455 | person=0.348 | car=0.443 | bicycle=0.051 | background=0.979
  💾 Meilleur IR sauvegardé (val mAP=0.455)
[IR]   8/30 | train loss=0.5364 mAP=0.447 | val loss=0.7948 mAP=0.457 | person=0.353 | car=0.444 | bicycle=0.052 | background=0.979
  💾 Meilleur IR sauvegardé (val mAP=0.457)
[IR]   9/30 | train loss=0.5303 mAP=0.450 | val loss=0.8016 mAP=0.458 | person=0.356 | car=0.445 | bicycle=0.053 | background=0.980
  💾 Meilleur IR sauvegardé (val mAP=0.458)
[IR]  10/30 | train loss=0.5264 mAP=0.452 | val loss=0.7874 mAP=0.459 | person=0.360 | car=0.445 | bicycle=0.053 | background=0.980
  💾 Meilleur IR sauvegardé (val mAP=0.459)
[IR]  11/30 | train loss=0.5232 mAP=0.454 | val loss=0.7949 mAP=0.460 | person=0.360 | car=0.446 | bicycle=0.054 | background=0.980
  💾 Meilleur IR sauvegardé (val mAP=0.460)
[IR]  12/30 | train loss=0.5201 mAP=0.456 | val loss=0.7955 mAP=0.461 | person=0.362 | car=0.449 | bicycle=0.055 | background=0.980
  💾 Meilleur IR sauvegardé (val mAP=0.461)
[IR]  13/30 | train loss=0.5184 mAP=0.458 | val loss=0.7943 mAP=0.462 | person=0.363 | car=0.448 | bicycle=0.055 | background=0.980
  💾 Meilleur IR sauvegardé (val mAP=0.462)
[IR]  14/30 | train loss=0.5158 mAP=0.459 | val loss=0.7896 mAP=0.463 | person=0.368 | car=0.449 | bicycle=0.055 | background=0.980
  💾 Meilleur IR sauvegardé (val mAP=0.463)
[IR]  15/30 | train loss=0.5139 mAP=0.460 | val loss=0.7916 mAP=0.463 | person=0.365 | car=0.451 | bicycle=0.055 | background=0.980
[IR]  16/30 | train loss=0.5123 mAP=0.461 | val loss=0.7838 mAP=0.464 | person=0.368 | car=0.452 | bicycle=0.055 | background=0.980
  💾 Meilleur IR sauvegardé (val mAP=0.464)
[IR]  17/30 | train loss=0.5109 mAP=0.462 | val loss=0.7800 mAP=0.464 | person=0.368 | car=0.451 | bicycle=0.056 | background=0.980
[IR]  18/30 | train loss=0.5099 mAP=0.462 | val loss=0.7805 mAP=0.464 | person=0.369 | car=0.451 | bicycle=0.056 | background=0.980
  💾 Meilleur IR sauvegardé (val mAP=0.464)
[IR]  19/30 | train loss=0.5088 mAP=0.463 | val loss=0.7841 mAP=0.465 | person=0.370 | car=0.453 | bicycle=0.056 | background=0.980
  💾 Meilleur IR sauvegardé (val mAP=0.465)
[IR]  20/30 | train loss=0.5082 mAP=0.464 | val loss=0.7866 mAP=0.465 | person=0.371 | car=0.453 | bicycle=0.056 | background=0.980
  💾 Meilleur IR sauvegardé (val mAP=0.465)
[IR]  21/30 | train loss=0.5073 mAP=0.464 | val loss=0.7838 mAP=0.465 | person=0.372 | car=0.453 | bicycle=0.056 | background=0.980
  💾 Meilleur IR sauvegardé (val mAP=0.465)
[IR]  22/30 | train loss=0.5068 mAP=0.465 | val loss=0.7868 mAP=0.465 | person=0.371 | car=0.452 | bicycle=0.056 | background=0.980
[IR]  23/30 | train loss=0.5061 mAP=0.465 | val loss=0.7790 mAP=0.466 | person=0.372 | car=0.453 | bicycle=0.056 | background=0.980
  💾 Meilleur IR sauvegardé (val mAP=0.466)
[IR]  24/30 | train loss=0.5058 mAP=0.466 | val loss=0.7807 mAP=0.466 | person=0.372 | car=0.453 | bicycle=0.056 | background=0.980
[IR]  25/30 | train loss=0.5053 mAP=0.466 | val loss=0.7828 mAP=0.466 | person=0.373 | car=0.453 | bicycle=0.056 | background=0.980
  💾 Meilleur IR sauvegardé (val mAP=0.466)
[IR]  26/30 | train loss=0.5052 mAP=0.466 | val loss=0.7807 mAP=0.466 | person=0.373 | car=0.453 | bicycle=0.056 | background=0.980
[IR]  27/30 | train loss=0.5050 mAP=0.466 | val loss=0.7819 mAP=0.466 | person=0.373 | car=0.453 | bicycle=0.056 | background=0.980
  💾 Meilleur IR sauvegardé (val mAP=0.466)
[IR]  28/30 | train loss=0.5049 mAP=0.466 | val loss=0.7815 mAP=0.466 | person=0.373 | car=0.453 | bicycle=0.056 | background=0.980
  💾 Meilleur IR sauvegardé (val mAP=0.466)
[IR]  29/30 | train loss=0.5048 mAP=0.466 | val loss=0.7814 mAP=0.466 | person=0.373 | car=0.453 | bicycle=0.056 | background=0.980
  💾 Meilleur IR sauvegardé (val mAP=0.466)
[IR]  30/30 | train loss=0.5048 mAP=0.466 | val loss=0.7814 mAP=0.466 | person=0.373 | car=0.453 | bicycle=0.056 | background=0.980
  📊 Courbe ROC sauvegardée : /home/2023029/PARTAGE/abelgh02/logs/lemumo/lemumo_vits16_llvip-kaistfull04_ep20_bs64_lamb0.1/probings_latest_runs10_cropsize224/roc_curve_ir.png

✨ SCORES ROC FINAUX POUR IR (Meilleure Époque) :
METRIC_AUC_IR_PERSON: 0.8877
METRIC_AUC_IR_CAR: 0.8923
METRIC_AUC_IR_BICYCLE: 0.8920
METRIC_AUC_IR_BACKGROUND: 0.9156

=======================================================
  Linear Probing OFFLINE — mode : BOTH
=======================================================
[train] mode=both | 4129 images (0 ignorées) | person=23408 patches | car=70689 patches | bicycle=6911 patches | background=718426 patches
[val] mode=both | 1013 images (0 ignorées) | person=15537 patches | car=21472 patches | bicycle=1588 patches | background=163479 patches
✅ Le MuMo encoder chargé depuis /home/2023029/PARTAGE/abelgh02/logs/lemumo/lemumo_vits16_llvip-kaistfull04_ep20_bs64_lamb0.1/latest.pt (run lemumo_vits16_llvip-kaistfull04_ep20_bs64_lamb0.1, variant=prune_after_first, ViT-small)
  ⚡ Features déjà extraites trouvées : chargement depuis /home/2023029/PARTAGE/abelgh02/logs/lemumo/lemumo_vits16_llvip-kaistfull04_ep20_bs64_lamb0.1/probings_latest_runs10_cropsize224/both_train_features_tbmTrue.pt
  ⚡ Features déjà extraites trouvées : chargement depuis /home/2023029/PARTAGE/abelgh02/logs/lemumo/lemumo_vits16_llvip-kaistfull04_ep20_bs64_lamb0.1/probings_latest_runs10_cropsize224/both_val_features_tbmTrue.pt
🔒 Graine aléatoire fixée à : 45
[BOTH]   1/30 | train loss=0.6961 mAP=0.393 | val loss=0.8634 mAP=0.443 | person=0.304 | car=0.446 | bicycle=0.046 | background=0.977
  💾 Meilleur BOTH sauvegardé (val mAP=0.443)
[BOTH]   2/30 | train loss=0.5578 mAP=0.431 | val loss=0.8193 mAP=0.459 | person=0.333 | car=0.472 | bicycle=0.053 | background=0.980
  💾 Meilleur BOTH sauvegardé (val mAP=0.459)
[BOTH]   3/30 | train loss=0.5302 mAP=0.448 | val loss=0.8013 mAP=0.467 | person=0.345 | car=0.486 | bicycle=0.054 | background=0.982
  💾 Meilleur BOTH sauvegardé (val mAP=0.467)
[BOTH]   4/30 | train loss=0.5154 mAP=0.459 | val loss=0.7679 mAP=0.472 | person=0.355 | car=0.493 | bicycle=0.056 | background=0.982
  💾 Meilleur BOTH sauvegardé (val mAP=0.472)
[BOTH]   5/30 | train loss=0.5038 mAP=0.466 | val loss=0.7632 mAP=0.476 | person=0.361 | car=0.501 | bicycle=0.057 | background=0.983
  💾 Meilleur BOTH sauvegardé (val mAP=0.476)
[BOTH]   6/30 | train loss=0.4957 mAP=0.472 | val loss=0.7747 mAP=0.479 | person=0.367 | car=0.506 | bicycle=0.058 | background=0.983
  💾 Meilleur BOTH sauvegardé (val mAP=0.479)
[BOTH]   7/30 | train loss=0.4904 mAP=0.477 | val loss=0.7520 mAP=0.482 | person=0.374 | car=0.509 | bicycle=0.059 | background=0.984
  💾 Meilleur BOTH sauvegardé (val mAP=0.482)
[BOTH]   8/30 | train loss=0.4833 mAP=0.483 | val loss=0.7711 mAP=0.483 | person=0.376 | car=0.513 | bicycle=0.060 | background=0.984
  💾 Meilleur BOTH sauvegardé (val mAP=0.483)
[BOTH]   9/30 | train loss=0.4793 mAP=0.485 | val loss=0.7515 mAP=0.485 | person=0.382 | car=0.514 | bicycle=0.060 | background=0.984
  💾 Meilleur BOTH sauvegardé (val mAP=0.485)
[BOTH]  10/30 | train loss=0.4758 mAP=0.489 | val loss=0.7345 mAP=0.486 | person=0.381 | car=0.518 | bicycle=0.061 | background=0.984
  💾 Meilleur BOTH sauvegardé (val mAP=0.486)
[BOTH]  11/30 | train loss=0.4730 mAP=0.490 | val loss=0.7486 mAP=0.487 | person=0.383 | car=0.520 | bicycle=0.062 | background=0.984
  💾 Meilleur BOTH sauvegardé (val mAP=0.487)
[BOTH]  12/30 | train loss=0.4695 mAP=0.493 | val loss=0.7425 mAP=0.488 | person=0.385 | car=0.521 | bicycle=0.062 | background=0.984
  💾 Meilleur BOTH sauvegardé (val mAP=0.488)
[BOTH]  13/30 | train loss=0.4673 mAP=0.496 | val loss=0.7416 mAP=0.488 | person=0.385 | car=0.520 | bicycle=0.062 | background=0.984
[BOTH]  14/30 | train loss=0.4668 mAP=0.495 | val loss=0.7361 mAP=0.490 | person=0.389 | car=0.522 | bicycle=0.063 | background=0.984
  💾 Meilleur BOTH sauvegardé (val mAP=0.490)
[BOTH]  15/30 | train loss=0.4641 mAP=0.498 | val loss=0.7373 mAP=0.490 | person=0.391 | car=0.524 | bicycle=0.062 | background=0.984
  💾 Meilleur BOTH sauvegardé (val mAP=0.490)
[BOTH]  16/30 | train loss=0.4617 mAP=0.501 | val loss=0.7526 mAP=0.491 | person=0.391 | car=0.526 | bicycle=0.063 | background=0.985
  💾 Meilleur BOTH sauvegardé (val mAP=0.491)
[BOTH]  17/30 | train loss=0.4608 mAP=0.501 | val loss=0.7309 mAP=0.491 | person=0.393 | car=0.525 | bicycle=0.063 | background=0.985
  💾 Meilleur BOTH sauvegardé (val mAP=0.491)
[BOTH]  18/30 | train loss=0.4595 mAP=0.503 | val loss=0.7352 mAP=0.492 | person=0.393 | car=0.526 | bicycle=0.062 | background=0.985
  💾 Meilleur BOTH sauvegardé (val mAP=0.492)
[BOTH]  19/30 | train loss=0.4580 mAP=0.504 | val loss=0.7484 mAP=0.492 | person=0.394 | car=0.526 | bicycle=0.063 | background=0.985
  💾 Meilleur BOTH sauvegardé (val mAP=0.492)
[BOTH]  20/30 | train loss=0.4570 mAP=0.505 | val loss=0.7194 mAP=0.492 | person=0.394 | car=0.527 | bicycle=0.063 | background=0.985
  💾 Meilleur BOTH sauvegardé (val mAP=0.492)
[BOTH]  21/30 | train loss=0.4563 mAP=0.505 | val loss=0.7408 mAP=0.493 | person=0.395 | car=0.527 | bicycle=0.063 | background=0.985
  💾 Meilleur BOTH sauvegardé (val mAP=0.493)
[BOTH]  22/30 | train loss=0.4561 mAP=0.505 | val loss=0.7415 mAP=0.493 | person=0.396 | car=0.528 | bicycle=0.063 | background=0.985
  💾 Meilleur BOTH sauvegardé (val mAP=0.493)
[BOTH]  23/30 | train loss=0.4551 mAP=0.507 | val loss=0.7344 mAP=0.493 | person=0.396 | car=0.528 | bicycle=0.063 | background=0.985
  💾 Meilleur BOTH sauvegardé (val mAP=0.493)
[BOTH]  24/30 | train loss=0.4548 mAP=0.507 | val loss=0.7359 mAP=0.493 | person=0.395 | car=0.528 | bicycle=0.063 | background=0.985
[BOTH]  25/30 | train loss=0.4544 mAP=0.507 | val loss=0.7326 mAP=0.493 | person=0.396 | car=0.528 | bicycle=0.063 | background=0.985
  💾 Meilleur BOTH sauvegardé (val mAP=0.493)
[BOTH]  26/30 | train loss=0.4542 mAP=0.508 | val loss=0.7308 mAP=0.493 | person=0.396 | car=0.529 | bicycle=0.063 | background=0.985
  💾 Meilleur BOTH sauvegardé (val mAP=0.493)
[BOTH]  27/30 | train loss=0.4540 mAP=0.508 | val loss=0.7333 mAP=0.493 | person=0.396 | car=0.529 | bicycle=0.063 | background=0.985
  💾 Meilleur BOTH sauvegardé (val mAP=0.493)
[BOTH]  28/30 | train loss=0.4539 mAP=0.508 | val loss=0.7317 mAP=0.493 | person=0.396 | car=0.529 | bicycle=0.063 | background=0.985
  💾 Meilleur BOTH sauvegardé (val mAP=0.493)
[BOTH]  29/30 | train loss=0.4537 mAP=0.508 | val loss=0.7325 mAP=0.493 | person=0.396 | car=0.529 | bicycle=0.063 | background=0.985
  💾 Meilleur BOTH sauvegardé (val mAP=0.493)
[BOTH]  30/30 | train loss=0.4537 mAP=0.508 | val loss=0.7325 mAP=0.493 | person=0.396 | car=0.529 | bicycle=0.063 | background=0.985
  💾 Meilleur BOTH sauvegardé (val mAP=0.493)
  📊 Courbe ROC sauvegardée : /home/2023029/PARTAGE/abelgh02/logs/lemumo/lemumo_vits16_llvip-kaistfull04_ep20_bs64_lamb0.1/probings_latest_runs10_cropsize224/roc_curve_both.png

✨ SCORES ROC FINAUX POUR BOTH (Meilleure Époque) :
METRIC_AUC_BOTH_PERSON: 0.8950
METRIC_AUC_BOTH_CAR: 0.9172
METRIC_AUC_BOTH_BICYCLE: 0.9055
METRIC_AUC_BOTH_BACKGROUND: 0.9331

=======================================================
  Linear Probing OFFLINE — mode : JOINT
=======================================================
[train] mode=joint | 4129 images (0 ignorées) | person=23408 patches | car=70689 patches | bicycle=6911 patches | background=718426 patches
[val] mode=joint | 1013 images (0 ignorées) | person=15537 patches | car=21472 patches | bicycle=1588 patches | background=163479 patches
✅ Le MuMo encoder chargé depuis /home/2023029/PARTAGE/abelgh02/logs/lemumo/lemumo_vits16_llvip-kaistfull04_ep20_bs64_lamb0.1/latest.pt (run lemumo_vits16_llvip-kaistfull04_ep20_bs64_lamb0.1, variant=prune_after_first, ViT-small)
  ⚡ Features déjà extraites trouvées : chargement depuis /home/2023029/PARTAGE/abelgh02/logs/lemumo/lemumo_vits16_llvip-kaistfull04_ep20_bs64_lamb0.1/probings_latest_runs10_cropsize224/joint_train_features_tbmTrue.pt
  ⚡ Features déjà extraites trouvées : chargement depuis /home/2023029/PARTAGE/abelgh02/logs/lemumo/lemumo_vits16_llvip-kaistfull04_ep20_bs64_lamb0.1/probings_latest_runs10_cropsize224/joint_val_features_tbmTrue.pt
🔒 Graine aléatoire fixée à : 45
[JOINT]   1/30 | train loss=0.7750 mAP=0.375 | val loss=0.9157 mAP=0.421 | person=0.254 | car=0.416 | bicycle=0.040 | background=0.974
  💾 Meilleur JOINT sauvegardé (val mAP=0.421)
[JOINT]   2/30 | train loss=0.6059 mAP=0.417 | val loss=0.8678 mAP=0.439 | person=0.284 | car=0.444 | bicycle=0.048 | background=0.978
  💾 Meilleur JOINT sauvegardé (val mAP=0.439)
[JOINT]   3/30 | train loss=0.5696 mAP=0.430 | val loss=0.8503 mAP=0.448 | person=0.301 | car=0.462 | bicycle=0.051 | background=0.980
  💾 Meilleur JOINT sauvegardé (val mAP=0.448)
[JOINT]   4/30 | train loss=0.5511 mAP=0.439 | val loss=0.8342 mAP=0.454 | person=0.311 | car=0.471 | bicycle=0.052 | background=0.980
  💾 Meilleur JOINT sauvegardé (val mAP=0.454)
[JOINT]   5/30 | train loss=0.5399 mAP=0.445 | val loss=0.8217 mAP=0.458 | person=0.321 | car=0.477 | bicycle=0.054 | background=0.981
  💾 Meilleur JOINT sauvegardé (val mAP=0.458)
[JOINT]   6/30 | train loss=0.5310 mAP=0.450 | val loss=0.8087 mAP=0.461 | person=0.327 | car=0.482 | bicycle=0.056 | background=0.981
  💾 Meilleur JOINT sauvegardé (val mAP=0.461)
[JOINT]   7/30 | train loss=0.5249 mAP=0.454 | val loss=0.8088 mAP=0.464 | person=0.333 | car=0.484 | bicycle=0.057 | background=0.981
  💾 Meilleur JOINT sauvegardé (val mAP=0.464)
[JOINT]   8/30 | train loss=0.5191 mAP=0.456 | val loss=0.8200 mAP=0.465 | person=0.335 | car=0.487 | bicycle=0.057 | background=0.982
  💾 Meilleur JOINT sauvegardé (val mAP=0.465)
[JOINT]   9/30 | train loss=0.5155 mAP=0.459 | val loss=0.7901 mAP=0.467 | person=0.339 | car=0.489 | bicycle=0.058 | background=0.982
  💾 Meilleur JOINT sauvegardé (val mAP=0.467)
[JOINT]  10/30 | train loss=0.5112 mAP=0.462 | val loss=0.7894 mAP=0.469 | person=0.347 | car=0.489 | bicycle=0.059 | background=0.982
  💾 Meilleur JOINT sauvegardé (val mAP=0.469)
[JOINT]  11/30 | train loss=0.5083 mAP=0.464 | val loss=0.7902 mAP=0.470 | person=0.346 | car=0.491 | bicycle=0.059 | background=0.982
  💾 Meilleur JOINT sauvegardé (val mAP=0.470)
[JOINT]  12/30 | train loss=0.5058 mAP=0.465 | val loss=0.7826 mAP=0.470 | person=0.347 | car=0.492 | bicycle=0.059 | background=0.982
  💾 Meilleur JOINT sauvegardé (val mAP=0.470)
[JOINT]  13/30 | train loss=0.5035 mAP=0.466 | val loss=0.7985 mAP=0.471 | person=0.350 | car=0.493 | bicycle=0.059 | background=0.982
  💾 Meilleur JOINT sauvegardé (val mAP=0.471)
[JOINT]  14/30 | train loss=0.5014 mAP=0.468 | val loss=0.7800 mAP=0.471 | person=0.349 | car=0.494 | bicycle=0.060 | background=0.982
[JOINT]  15/30 | train loss=0.4994 mAP=0.470 | val loss=0.7896 mAP=0.471 | person=0.348 | car=0.494 | bicycle=0.060 | background=0.982
[JOINT]  16/30 | train loss=0.4979 mAP=0.470 | val loss=0.7809 mAP=0.472 | person=0.352 | car=0.496 | bicycle=0.060 | background=0.982
  💾 Meilleur JOINT sauvegardé (val mAP=0.472)
[JOINT]  17/30 | train loss=0.4964 mAP=0.471 | val loss=0.7860 mAP=0.473 | person=0.353 | car=0.496 | bicycle=0.060 | background=0.982
  💾 Meilleur JOINT sauvegardé (val mAP=0.473)
[JOINT]  18/30 | train loss=0.4953 mAP=0.473 | val loss=0.7831 mAP=0.473 | person=0.353 | car=0.497 | bicycle=0.060 | background=0.983
  💾 Meilleur JOINT sauvegardé (val mAP=0.473)
[JOINT]  19/30 | train loss=0.4944 mAP=0.473 | val loss=0.7789 mAP=0.473 | person=0.353 | car=0.497 | bicycle=0.060 | background=0.983
  💾 Meilleur JOINT sauvegardé (val mAP=0.473)
[JOINT]  20/30 | train loss=0.4936 mAP=0.474 | val loss=0.7731 mAP=0.474 | person=0.354 | car=0.497 | bicycle=0.060 | background=0.983
  💾 Meilleur JOINT sauvegardé (val mAP=0.474)
[JOINT]  21/30 | train loss=0.4927 mAP=0.474 | val loss=0.7790 mAP=0.474 | person=0.356 | car=0.497 | bicycle=0.060 | background=0.983
  💾 Meilleur JOINT sauvegardé (val mAP=0.474)
[JOINT]  22/30 | train loss=0.4920 mAP=0.475 | val loss=0.7768 mAP=0.474 | person=0.355 | car=0.498 | bicycle=0.060 | background=0.983
[JOINT]  23/30 | train loss=0.4916 mAP=0.475 | val loss=0.7799 mAP=0.474 | person=0.355 | car=0.498 | bicycle=0.061 | background=0.983
  💾 Meilleur JOINT sauvegardé (val mAP=0.474)
[JOINT]  24/30 | train loss=0.4911 mAP=0.475 | val loss=0.7779 mAP=0.474 | person=0.356 | car=0.498 | bicycle=0.060 | background=0.983
  💾 Meilleur JOINT sauvegardé (val mAP=0.474)
[JOINT]  25/30 | train loss=0.4908 mAP=0.476 | val loss=0.7768 mAP=0.474 | person=0.356 | car=0.498 | bicycle=0.061 | background=0.983
  💾 Meilleur JOINT sauvegardé (val mAP=0.474)
[JOINT]  26/30 | train loss=0.4906 mAP=0.476 | val loss=0.7782 mAP=0.474 | person=0.356 | car=0.498 | bicycle=0.061 | background=0.983
[JOINT]  27/30 | train loss=0.4904 mAP=0.476 | val loss=0.7789 mAP=0.474 | person=0.356 | car=0.498 | bicycle=0.061 | background=0.983
[JOINT]  28/30 | train loss=0.4903 mAP=0.476 | val loss=0.7781 mAP=0.474 | person=0.356 | car=0.498 | bicycle=0.061 | background=0.983
  💾 Meilleur JOINT sauvegardé (val mAP=0.474)
[JOINT]  29/30 | train loss=0.4903 mAP=0.476 | val loss=0.7778 mAP=0.474 | person=0.356 | car=0.499 | bicycle=0.061 | background=0.983
  💾 Meilleur JOINT sauvegardé (val mAP=0.474)
[JOINT]  30/30 | train loss=0.4902 mAP=0.476 | val loss=0.7778 mAP=0.474 | person=0.356 | car=0.499 | bicycle=0.061 | background=0.983
  💾 Meilleur JOINT sauvegardé (val mAP=0.474)
  📊 Courbe ROC sauvegardée : /home/2023029/PARTAGE/abelgh02/logs/lemumo/lemumo_vits16_llvip-kaistfull04_ep20_bs64_lamb0.1/probings_latest_runs10_cropsize224/roc_curve_joint.png

✨ SCORES ROC FINAUX POUR JOINT (Meilleure Époque) :
METRIC_AUC_JOINT_PERSON: 0.8852
METRIC_AUC_JOINT_CAR: 0.9092
METRIC_AUC_JOINT_BICYCLE: 0.8933
METRIC_AUC_JOINT_BACKGROUND: 0.9250

=======================================================
  RÉSUMÉ FINAL — Linear Probing JEPA sur FLIR Aligned
=======================================================
  RGB   │ █████████████                  │ mAP=0.446
  IR    │ █████████████                  │ mAP=0.466
  BOTH  │ ██████████████                 │ mAP=0.493
  JOINT │ ██████████████                 │ mAP=0.474
=======================================================

✅ mAP RGB ≈ mAP IR (gap < 5%) → le target_encoder aligne bien les deux modalités.
ℹ️  La fusion apporte +0.027 → les modalités restent complémentaires.

▶️  RUN 4/10 | cuda:0 | Seed: 46

=======================================================
  Linear Probing OFFLINE — mode : RGB
=======================================================
[train] mode=rgb | 4129 images (0 ignorées) | person=23408 patches | car=70689 patches | bicycle=6911 patches | background=718426 patches
[val] mode=rgb | 1013 images (0 ignorées) | person=15537 patches | car=21472 patches | bicycle=1588 patches | background=163479 patches
✅ Le MuMo encoder chargé depuis /home/2023029/PARTAGE/abelgh02/logs/lemumo/lemumo_vits16_llvip-kaistfull04_ep20_bs64_lamb0.1/latest.pt (run lemumo_vits16_llvip-kaistfull04_ep20_bs64_lamb0.1, variant=prune_after_first, ViT-small)
  ⚡ Features déjà extraites trouvées : chargement depuis /home/2023029/PARTAGE/abelgh02/logs/lemumo/lemumo_vits16_llvip-kaistfull04_ep20_bs64_lamb0.1/probings_latest_runs10_cropsize224/rgb_train_features_tbmTrue.pt
  ⚡ Features déjà extraites trouvées : chargement depuis /home/2023029/PARTAGE/abelgh02/logs/lemumo/lemumo_vits16_llvip-kaistfull04_ep20_bs64_lamb0.1/probings_latest_runs10_cropsize224/rgb_val_features_tbmTrue.pt
🔒 Graine aléatoire fixée à : 46
[RGB]   1/30 | train loss=0.8146 mAP=0.346 | val loss=1.0421 mAP=0.392 | person=0.214 | car=0.359 | bicycle=0.031 | background=0.964
  💾 Meilleur RGB sauvegardé (val mAP=0.392)
[RGB]   2/30 | train loss=0.6902 mAP=0.368 | val loss=0.9612 mAP=0.408 | person=0.234 | car=0.392 | bicycle=0.034 | background=0.971
  💾 Meilleur RGB sauvegardé (val mAP=0.408)
[RGB]   3/30 | train loss=0.6574 mAP=0.378 | val loss=0.9576 mAP=0.415 | person=0.243 | car=0.408 | bicycle=0.035 | background=0.974
  💾 Meilleur RGB sauvegardé (val mAP=0.415)
[RGB]   4/30 | train loss=0.6362 mAP=0.385 | val loss=0.9497 mAP=0.421 | person=0.251 | car=0.420 | bicycle=0.036 | background=0.975
  💾 Meilleur RGB sauvegardé (val mAP=0.421)
[RGB]   5/30 | train loss=0.6230 mAP=0.391 | val loss=0.8892 mAP=0.425 | person=0.257 | car=0.429 | bicycle=0.037 | background=0.976
  💾 Meilleur RGB sauvegardé (val mAP=0.425)
[RGB]   6/30 | train loss=0.6148 mAP=0.393 | val loss=0.9133 mAP=0.428 | person=0.262 | car=0.435 | bicycle=0.038 | background=0.977
  💾 Meilleur RGB sauvegardé (val mAP=0.428)
[RGB]   7/30 | train loss=0.6059 mAP=0.397 | val loss=0.9158 mAP=0.430 | person=0.265 | car=0.440 | bicycle=0.039 | background=0.977
  💾 Meilleur RGB sauvegardé (val mAP=0.430)
[RGB]   8/30 | train loss=0.5999 mAP=0.401 | val loss=0.9232 mAP=0.433 | person=0.268 | car=0.446 | bicycle=0.039 | background=0.977
  💾 Meilleur RGB sauvegardé (val mAP=0.433)
[RGB]   9/30 | train loss=0.5952 mAP=0.402 | val loss=0.9068 mAP=0.435 | person=0.271 | car=0.450 | bicycle=0.040 | background=0.978
  💾 Meilleur RGB sauvegardé (val mAP=0.435)
[RGB]  10/30 | train loss=0.5909 mAP=0.405 | val loss=0.8972 mAP=0.436 | person=0.275 | car=0.453 | bicycle=0.040 | background=0.978
  💾 Meilleur RGB sauvegardé (val mAP=0.436)
[RGB]  11/30 | train loss=0.5880 mAP=0.407 | val loss=0.8973 mAP=0.437 | person=0.276 | car=0.455 | bicycle=0.041 | background=0.978
  💾 Meilleur RGB sauvegardé (val mAP=0.437)
[RGB]  12/30 | train loss=0.5840 mAP=0.409 | val loss=0.8967 mAP=0.439 | person=0.278 | car=0.458 | bicycle=0.041 | background=0.978
  💾 Meilleur RGB sauvegardé (val mAP=0.439)
[RGB]  13/30 | train loss=0.5825 mAP=0.409 | val loss=0.8991 mAP=0.440 | person=0.280 | car=0.460 | bicycle=0.042 | background=0.978
  💾 Meilleur RGB sauvegardé (val mAP=0.440)
[RGB]  14/30 | train loss=0.5796 mAP=0.412 | val loss=0.9150 mAP=0.441 | person=0.281 | car=0.462 | bicycle=0.042 | background=0.978
  💾 Meilleur RGB sauvegardé (val mAP=0.441)
[RGB]  15/30 | train loss=0.5784 mAP=0.412 | val loss=0.9007 mAP=0.442 | person=0.282 | car=0.464 | bicycle=0.042 | background=0.978
  💾 Meilleur RGB sauvegardé (val mAP=0.442)
[RGB]  16/30 | train loss=0.5762 mAP=0.414 | val loss=0.8895 mAP=0.442 | person=0.283 | car=0.465 | bicycle=0.043 | background=0.978
  💾 Meilleur RGB sauvegardé (val mAP=0.442)
[RGB]  17/30 | train loss=0.5749 mAP=0.414 | val loss=0.9032 mAP=0.443 | person=0.284 | car=0.466 | bicycle=0.043 | background=0.978
  💾 Meilleur RGB sauvegardé (val mAP=0.443)
[RGB]  18/30 | train loss=0.5737 mAP=0.415 | val loss=0.8878 mAP=0.444 | person=0.284 | car=0.469 | bicycle=0.043 | background=0.979
  💾 Meilleur RGB sauvegardé (val mAP=0.444)
[RGB]  19/30 | train loss=0.5728 mAP=0.415 | val loss=0.8958 mAP=0.444 | person=0.285 | car=0.468 | bicycle=0.043 | background=0.979
  💾 Meilleur RGB sauvegardé (val mAP=0.444)
[RGB]  20/30 | train loss=0.5720 mAP=0.416 | val loss=0.8942 mAP=0.444 | person=0.285 | car=0.469 | bicycle=0.043 | background=0.979
  💾 Meilleur RGB sauvegardé (val mAP=0.444)
[RGB]  21/30 | train loss=0.5708 mAP=0.417 | val loss=0.9041 mAP=0.444 | person=0.286 | car=0.469 | bicycle=0.043 | background=0.979
  💾 Meilleur RGB sauvegardé (val mAP=0.444)
[RGB]  22/30 | train loss=0.5705 mAP=0.417 | val loss=0.8858 mAP=0.445 | person=0.286 | car=0.470 | bicycle=0.043 | background=0.979
  💾 Meilleur RGB sauvegardé (val mAP=0.445)
[RGB]  23/30 | train loss=0.5695 mAP=0.418 | val loss=0.8944 mAP=0.445 | person=0.286 | car=0.471 | bicycle=0.043 | background=0.979
  💾 Meilleur RGB sauvegardé (val mAP=0.445)
[RGB]  24/30 | train loss=0.5694 mAP=0.418 | val loss=0.8986 mAP=0.445 | person=0.287 | car=0.471 | bicycle=0.043 | background=0.979
  💾 Meilleur RGB sauvegardé (val mAP=0.445)
[RGB]  25/30 | train loss=0.5689 mAP=0.418 | val loss=0.8931 mAP=0.445 | person=0.287 | car=0.472 | bicycle=0.044 | background=0.979
  💾 Meilleur RGB sauvegardé (val mAP=0.445)
[RGB]  26/30 | train loss=0.5687 mAP=0.418 | val loss=0.8925 mAP=0.445 | person=0.287 | car=0.472 | bicycle=0.044 | background=0.979
  💾 Meilleur RGB sauvegardé (val mAP=0.445)
[RGB]  27/30 | train loss=0.5685 mAP=0.418 | val loss=0.8921 mAP=0.445 | person=0.287 | car=0.472 | bicycle=0.044 | background=0.979
  💾 Meilleur RGB sauvegardé (val mAP=0.445)
[RGB]  28/30 | train loss=0.5684 mAP=0.418 | val loss=0.8905 mAP=0.445 | person=0.287 | car=0.472 | bicycle=0.044 | background=0.979
  💾 Meilleur RGB sauvegardé (val mAP=0.445)
[RGB]  29/30 | train loss=0.5683 mAP=0.418 | val loss=0.8905 mAP=0.445 | person=0.287 | car=0.472 | bicycle=0.044 | background=0.979
  💾 Meilleur RGB sauvegardé (val mAP=0.445)
[RGB]  30/30 | train loss=0.5683 mAP=0.418 | val loss=0.8908 mAP=0.445 | person=0.287 | car=0.472 | bicycle=0.044 | background=0.979
  💾 Meilleur RGB sauvegardé (val mAP=0.445)
  📊 Courbe ROC sauvegardée : /home/2023029/PARTAGE/abelgh02/logs/lemumo/lemumo_vits16_llvip-kaistfull04_ep20_bs64_lamb0.1/probings_latest_runs10_cropsize224/roc_curve_rgb.png

✨ SCORES ROC FINAUX POUR RGB (Meilleure Époque) :
METRIC_AUC_RGB_PERSON: 0.8505
METRIC_AUC_RGB_CAR: 0.9014
METRIC_AUC_RGB_BICYCLE: 0.8717
METRIC_AUC_RGB_BACKGROUND: 0.9097

=======================================================
  Linear Probing OFFLINE — mode : IR
=======================================================
[train] mode=ir | 4129 images (0 ignorées) | person=23408 patches | car=70689 patches | bicycle=6911 patches | background=718426 patches
[val] mode=ir | 1013 images (0 ignorées) | person=15537 patches | car=21472 patches | bicycle=1588 patches | background=163479 patches
✅ Le MuMo encoder chargé depuis /home/2023029/PARTAGE/abelgh02/logs/lemumo/lemumo_vits16_llvip-kaistfull04_ep20_bs64_lamb0.1/latest.pt (run lemumo_vits16_llvip-kaistfull04_ep20_bs64_lamb0.1, variant=prune_after_first, ViT-small)
  ⚡ Features déjà extraites trouvées : chargement depuis /home/2023029/PARTAGE/abelgh02/logs/lemumo/lemumo_vits16_llvip-kaistfull04_ep20_bs64_lamb0.1/probings_latest_runs10_cropsize224/ir_train_features_tbmTrue.pt
  ⚡ Features déjà extraites trouvées : chargement depuis /home/2023029/PARTAGE/abelgh02/logs/lemumo/lemumo_vits16_llvip-kaistfull04_ep20_bs64_lamb0.1/probings_latest_runs10_cropsize224/ir_val_features_tbmTrue.pt
🔒 Graine aléatoire fixée à : 46
[IR]   1/30 | train loss=0.7704 mAP=0.377 | val loss=0.9192 mAP=0.432 | person=0.274 | car=0.444 | bicycle=0.038 | background=0.972
  💾 Meilleur IR sauvegardé (val mAP=0.432)
[IR]   2/30 | train loss=0.6106 mAP=0.416 | val loss=0.8650 mAP=0.440 | person=0.302 | car=0.441 | bicycle=0.044 | background=0.975
  💾 Meilleur IR sauvegardé (val mAP=0.440)
[IR]   3/30 | train loss=0.5796 mAP=0.426 | val loss=0.8406 mAP=0.447 | person=0.323 | car=0.441 | bicycle=0.047 | background=0.977
  💾 Meilleur IR sauvegardé (val mAP=0.447)
[IR]   4/30 | train loss=0.5634 mAP=0.433 | val loss=0.8177 mAP=0.450 | person=0.332 | car=0.442 | bicycle=0.050 | background=0.978
  💾 Meilleur IR sauvegardé (val mAP=0.450)
[IR]   5/30 | train loss=0.5533 mAP=0.438 | val loss=0.8131 mAP=0.453 | person=0.339 | car=0.443 | bicycle=0.051 | background=0.978
  💾 Meilleur IR sauvegardé (val mAP=0.453)
[IR]   6/30 | train loss=0.5444 mAP=0.442 | val loss=0.8086 mAP=0.454 | person=0.342 | car=0.444 | bicycle=0.052 | background=0.979
  💾 Meilleur IR sauvegardé (val mAP=0.454)
[IR]   7/30 | train loss=0.5385 mAP=0.445 | val loss=0.7936 mAP=0.456 | person=0.349 | car=0.445 | bicycle=0.052 | background=0.979
  💾 Meilleur IR sauvegardé (val mAP=0.456)
[IR]   8/30 | train loss=0.5333 mAP=0.448 | val loss=0.8084 mAP=0.458 | person=0.353 | car=0.447 | bicycle=0.053 | background=0.979
  💾 Meilleur IR sauvegardé (val mAP=0.458)
[IR]   9/30 | train loss=0.5288 mAP=0.450 | val loss=0.7909 mAP=0.460 | person=0.358 | car=0.447 | bicycle=0.054 | background=0.979
  💾 Meilleur IR sauvegardé (val mAP=0.460)
[IR]  10/30 | train loss=0.5252 mAP=0.453 | val loss=0.7962 mAP=0.460 | person=0.358 | car=0.448 | bicycle=0.054 | background=0.979
  💾 Meilleur IR sauvegardé (val mAP=0.460)
[IR]  11/30 | train loss=0.5221 mAP=0.455 | val loss=0.7795 mAP=0.460 | person=0.358 | car=0.449 | bicycle=0.055 | background=0.979
  💾 Meilleur IR sauvegardé (val mAP=0.460)
[IR]  12/30 | train loss=0.5193 mAP=0.456 | val loss=0.7904 mAP=0.462 | person=0.364 | car=0.449 | bicycle=0.055 | background=0.980
  💾 Meilleur IR sauvegardé (val mAP=0.462)
[IR]  13/30 | train loss=0.5172 mAP=0.458 | val loss=0.7922 mAP=0.462 | person=0.362 | car=0.451 | bicycle=0.056 | background=0.980
  💾 Meilleur IR sauvegardé (val mAP=0.462)
[IR]  14/30 | train loss=0.5152 mAP=0.458 | val loss=0.7713 mAP=0.463 | person=0.365 | car=0.451 | bicycle=0.056 | background=0.980
  💾 Meilleur IR sauvegardé (val mAP=0.463)
[IR]  15/30 | train loss=0.5132 mAP=0.460 | val loss=0.7833 mAP=0.464 | person=0.367 | car=0.452 | bicycle=0.056 | background=0.980
  💾 Meilleur IR sauvegardé (val mAP=0.464)
[IR]  16/30 | train loss=0.5117 mAP=0.461 | val loss=0.7847 mAP=0.464 | person=0.368 | car=0.452 | bicycle=0.056 | background=0.980
  💾 Meilleur IR sauvegardé (val mAP=0.464)
[IR]  17/30 | train loss=0.5106 mAP=0.462 | val loss=0.7883 mAP=0.464 | person=0.369 | car=0.452 | bicycle=0.057 | background=0.980
  💾 Meilleur IR sauvegardé (val mAP=0.464)
[IR]  18/30 | train loss=0.5094 mAP=0.462 | val loss=0.7859 mAP=0.465 | person=0.369 | car=0.453 | bicycle=0.056 | background=0.980
  💾 Meilleur IR sauvegardé (val mAP=0.465)
[IR]  19/30 | train loss=0.5084 mAP=0.464 | val loss=0.7825 mAP=0.465 | person=0.370 | car=0.453 | bicycle=0.057 | background=0.980
  💾 Meilleur IR sauvegardé (val mAP=0.465)
[IR]  20/30 | train loss=0.5075 mAP=0.464 | val loss=0.7771 mAP=0.465 | person=0.370 | car=0.453 | bicycle=0.057 | background=0.980
  💾 Meilleur IR sauvegardé (val mAP=0.465)
[IR]  21/30 | train loss=0.5068 mAP=0.465 | val loss=0.7813 mAP=0.465 | person=0.371 | car=0.453 | bicycle=0.057 | background=0.980
  💾 Meilleur IR sauvegardé (val mAP=0.465)
[IR]  22/30 | train loss=0.5063 mAP=0.465 | val loss=0.7767 mAP=0.465 | person=0.371 | car=0.453 | bicycle=0.057 | background=0.980
[IR]  23/30 | train loss=0.5058 mAP=0.465 | val loss=0.7795 mAP=0.466 | person=0.372 | car=0.454 | bicycle=0.057 | background=0.980
  💾 Meilleur IR sauvegardé (val mAP=0.466)
[IR]  24/30 | train loss=0.5054 mAP=0.465 | val loss=0.7776 mAP=0.466 | person=0.372 | car=0.454 | bicycle=0.057 | background=0.980
  💾 Meilleur IR sauvegardé (val mAP=0.466)
[IR]  25/30 | train loss=0.5051 mAP=0.466 | val loss=0.7759 mAP=0.466 | person=0.372 | car=0.454 | bicycle=0.057 | background=0.980
[IR]  26/30 | train loss=0.5049 mAP=0.466 | val loss=0.7770 mAP=0.466 | person=0.372 | car=0.454 | bicycle=0.057 | background=0.980
  💾 Meilleur IR sauvegardé (val mAP=0.466)
[IR]  27/30 | train loss=0.5046 mAP=0.466 | val loss=0.7757 mAP=0.466 | person=0.372 | car=0.454 | bicycle=0.057 | background=0.980
  💾 Meilleur IR sauvegardé (val mAP=0.466)
[IR]  28/30 | train loss=0.5045 mAP=0.466 | val loss=0.7753 mAP=0.466 | person=0.372 | car=0.454 | bicycle=0.057 | background=0.980
  💾 Meilleur IR sauvegardé (val mAP=0.466)
[IR]  29/30 | train loss=0.5045 mAP=0.466 | val loss=0.7754 mAP=0.466 | person=0.372 | car=0.454 | bicycle=0.057 | background=0.980
[IR]  30/30 | train loss=0.5045 mAP=0.466 | val loss=0.7754 mAP=0.466 | person=0.372 | car=0.454 | bicycle=0.057 | background=0.980
  📊 Courbe ROC sauvegardée : /home/2023029/PARTAGE/abelgh02/logs/lemumo/lemumo_vits16_llvip-kaistfull04_ep20_bs64_lamb0.1/probings_latest_runs10_cropsize224/roc_curve_ir.png

✨ SCORES ROC FINAUX POUR IR (Meilleure Époque) :
METRIC_AUC_IR_PERSON: 0.8882
METRIC_AUC_IR_CAR: 0.8924
METRIC_AUC_IR_BICYCLE: 0.8923
METRIC_AUC_IR_BACKGROUND: 0.9150

=======================================================
  Linear Probing OFFLINE — mode : BOTH
=======================================================
[train] mode=both | 4129 images (0 ignorées) | person=23408 patches | car=70689 patches | bicycle=6911 patches | background=718426 patches
[val] mode=both | 1013 images (0 ignorées) | person=15537 patches | car=21472 patches | bicycle=1588 patches | background=163479 patches
✅ Le MuMo encoder chargé depuis /home/2023029/PARTAGE/abelgh02/logs/lemumo/lemumo_vits16_llvip-kaistfull04_ep20_bs64_lamb0.1/latest.pt (run lemumo_vits16_llvip-kaistfull04_ep20_bs64_lamb0.1, variant=prune_after_first, ViT-small)
  ⚡ Features déjà extraites trouvées : chargement depuis /home/2023029/PARTAGE/abelgh02/logs/lemumo/lemumo_vits16_llvip-kaistfull04_ep20_bs64_lamb0.1/probings_latest_runs10_cropsize224/both_train_features_tbmTrue.pt
  ⚡ Features déjà extraites trouvées : chargement depuis /home/2023029/PARTAGE/abelgh02/logs/lemumo/lemumo_vits16_llvip-kaistfull04_ep20_bs64_lamb0.1/probings_latest_runs10_cropsize224/both_val_features_tbmTrue.pt
🔒 Graine aléatoire fixée à : 46
[BOTH]   1/30 | train loss=0.6946 mAP=0.389 | val loss=0.8569 mAP=0.447 | person=0.307 | car=0.455 | bicycle=0.049 | background=0.978
  💾 Meilleur BOTH sauvegardé (val mAP=0.447)
[BOTH]   2/30 | train loss=0.5519 mAP=0.434 | val loss=0.8125 mAP=0.463 | person=0.336 | car=0.476 | bicycle=0.057 | background=0.981
  💾 Meilleur BOTH sauvegardé (val mAP=0.463)
[BOTH]   3/30 | train loss=0.5270 mAP=0.450 | val loss=0.7730 mAP=0.470 | person=0.348 | car=0.491 | bicycle=0.058 | background=0.982
  💾 Meilleur BOTH sauvegardé (val mAP=0.470)
[BOTH]   4/30 | train loss=0.5123 mAP=0.460 | val loss=0.7459 mAP=0.474 | person=0.357 | car=0.499 | bicycle=0.059 | background=0.983
  💾 Meilleur BOTH sauvegardé (val mAP=0.474)
[BOTH]   5/30 | train loss=0.5013 mAP=0.469 | val loss=0.7666 mAP=0.478 | person=0.366 | car=0.505 | bicycle=0.060 | background=0.983
  💾 Meilleur BOTH sauvegardé (val mAP=0.478)
[BOTH]   6/30 | train loss=0.4936 mAP=0.474 | val loss=0.7539 mAP=0.480 | person=0.368 | car=0.509 | bicycle=0.061 | background=0.984
  💾 Meilleur BOTH sauvegardé (val mAP=0.480)
[BOTH]   7/30 | train loss=0.4886 mAP=0.478 | val loss=0.7558 mAP=0.483 | person=0.374 | car=0.512 | bicycle=0.062 | background=0.984
  💾 Meilleur BOTH sauvegardé (val mAP=0.483)
[BOTH]   8/30 | train loss=0.4841 mAP=0.483 | val loss=0.7462 mAP=0.485 | person=0.379 | car=0.515 | bicycle=0.063 | background=0.984
  💾 Meilleur BOTH sauvegardé (val mAP=0.485)
[BOTH]   9/30 | train loss=0.4786 mAP=0.485 | val loss=0.7365 mAP=0.486 | person=0.382 | car=0.516 | bicycle=0.063 | background=0.984
  💾 Meilleur BOTH sauvegardé (val mAP=0.486)
[BOTH]  10/30 | train loss=0.4750 mAP=0.490 | val loss=0.7503 mAP=0.488 | person=0.384 | car=0.518 | bicycle=0.064 | background=0.984
  💾 Meilleur BOTH sauvegardé (val mAP=0.488)
[BOTH]  11/30 | train loss=0.4718 mAP=0.492 | val loss=0.7538 mAP=0.488 | person=0.386 | car=0.520 | bicycle=0.064 | background=0.984
  💾 Meilleur BOTH sauvegardé (val mAP=0.488)
[BOTH]  12/30 | train loss=0.4700 mAP=0.493 | val loss=0.7308 mAP=0.490 | person=0.390 | car=0.521 | bicycle=0.064 | background=0.984
  💾 Meilleur BOTH sauvegardé (val mAP=0.490)
[BOTH]  13/30 | train loss=0.4664 mAP=0.496 | val loss=0.7361 mAP=0.490 | person=0.390 | car=0.521 | bicycle=0.065 | background=0.984
  💾 Meilleur BOTH sauvegardé (val mAP=0.490)
[BOTH]  14/30 | train loss=0.4647 mAP=0.497 | val loss=0.7391 mAP=0.491 | person=0.391 | car=0.522 | bicycle=0.064 | background=0.985
  💾 Meilleur BOTH sauvegardé (val mAP=0.491)
[BOTH]  15/30 | train loss=0.4641 mAP=0.498 | val loss=0.7398 mAP=0.491 | person=0.394 | car=0.523 | bicycle=0.064 | background=0.985
  💾 Meilleur BOTH sauvegardé (val mAP=0.491)
[BOTH]  16/30 | train loss=0.4621 mAP=0.500 | val loss=0.7283 mAP=0.492 | person=0.394 | car=0.524 | bicycle=0.064 | background=0.985
  💾 Meilleur BOTH sauvegardé (val mAP=0.492)
[BOTH]  17/30 | train loss=0.4603 mAP=0.502 | val loss=0.7331 mAP=0.492 | person=0.395 | car=0.525 | bicycle=0.064 | background=0.985
  💾 Meilleur BOTH sauvegardé (val mAP=0.492)
[BOTH]  18/30 | train loss=0.4592 mAP=0.503 | val loss=0.7385 mAP=0.492 | person=0.395 | car=0.526 | bicycle=0.064 | background=0.985
  💾 Meilleur BOTH sauvegardé (val mAP=0.492)
[BOTH]  19/30 | train loss=0.4580 mAP=0.504 | val loss=0.7456 mAP=0.493 | person=0.397 | car=0.526 | bicycle=0.065 | background=0.985
  💾 Meilleur BOTH sauvegardé (val mAP=0.493)
[BOTH]  20/30 | train loss=0.4567 mAP=0.505 | val loss=0.7269 mAP=0.493 | person=0.397 | car=0.527 | bicycle=0.065 | background=0.985
  💾 Meilleur BOTH sauvegardé (val mAP=0.493)
[BOTH]  21/30 | train loss=0.4558 mAP=0.506 | val loss=0.7314 mAP=0.494 | person=0.398 | car=0.527 | bicycle=0.065 | background=0.985
  💾 Meilleur BOTH sauvegardé (val mAP=0.494)
[BOTH]  22/30 | train loss=0.4558 mAP=0.506 | val loss=0.7362 mAP=0.494 | person=0.398 | car=0.527 | bicycle=0.065 | background=0.985
[BOTH]  23/30 | train loss=0.4551 mAP=0.507 | val loss=0.7329 mAP=0.494 | person=0.399 | car=0.528 | bicycle=0.065 | background=0.985
  💾 Meilleur BOTH sauvegardé (val mAP=0.494)
[BOTH]  24/30 | train loss=0.4545 mAP=0.507 | val loss=0.7344 mAP=0.494 | person=0.398 | car=0.528 | bicycle=0.065 | background=0.985
[BOTH]  25/30 | train loss=0.4541 mAP=0.508 | val loss=0.7364 mAP=0.494 | person=0.398 | car=0.528 | bicycle=0.065 | background=0.985
  💾 Meilleur BOTH sauvegardé (val mAP=0.494)
[BOTH]  26/30 | train loss=0.4539 mAP=0.508 | val loss=0.7322 mAP=0.494 | person=0.398 | car=0.528 | bicycle=0.065 | background=0.985
[BOTH]  27/30 | train loss=0.4537 mAP=0.508 | val loss=0.7319 mAP=0.494 | person=0.398 | car=0.528 | bicycle=0.065 | background=0.985
[BOTH]  28/30 | train loss=0.4536 mAP=0.508 | val loss=0.7324 mAP=0.494 | person=0.398 | car=0.528 | bicycle=0.065 | background=0.985
  💾 Meilleur BOTH sauvegardé (val mAP=0.494)
[BOTH]  29/30 | train loss=0.4535 mAP=0.508 | val loss=0.7321 mAP=0.494 | person=0.399 | car=0.528 | bicycle=0.065 | background=0.985
  💾 Meilleur BOTH sauvegardé (val mAP=0.494)
[BOTH]  30/30 | train loss=0.4535 mAP=0.508 | val loss=0.7320 mAP=0.494 | person=0.399 | car=0.528 | bicycle=0.065 | background=0.985
  💾 Meilleur BOTH sauvegardé (val mAP=0.494)
  📊 Courbe ROC sauvegardée : /home/2023029/PARTAGE/abelgh02/logs/lemumo/lemumo_vits16_llvip-kaistfull04_ep20_bs64_lamb0.1/probings_latest_runs10_cropsize224/roc_curve_both.png

✨ SCORES ROC FINAUX POUR BOTH (Meilleure Époque) :
METRIC_AUC_BOTH_PERSON: 0.8954
METRIC_AUC_BOTH_CAR: 0.9177
METRIC_AUC_BOTH_BICYCLE: 0.9069
METRIC_AUC_BOTH_BACKGROUND: 0.9336

=======================================================
  Linear Probing OFFLINE — mode : JOINT
=======================================================
[train] mode=joint | 4129 images (0 ignorées) | person=23408 patches | car=70689 patches | bicycle=6911 patches | background=718426 patches
[val] mode=joint | 1013 images (0 ignorées) | person=15537 patches | car=21472 patches | bicycle=1588 patches | background=163479 patches
✅ Le MuMo encoder chargé depuis /home/2023029/PARTAGE/abelgh02/logs/lemumo/lemumo_vits16_llvip-kaistfull04_ep20_bs64_lamb0.1/latest.pt (run lemumo_vits16_llvip-kaistfull04_ep20_bs64_lamb0.1, variant=prune_after_first, ViT-small)
  ⚡ Features déjà extraites trouvées : chargement depuis /home/2023029/PARTAGE/abelgh02/logs/lemumo/lemumo_vits16_llvip-kaistfull04_ep20_bs64_lamb0.1/probings_latest_runs10_cropsize224/joint_train_features_tbmTrue.pt
  ⚡ Features déjà extraites trouvées : chargement depuis /home/2023029/PARTAGE/abelgh02/logs/lemumo/lemumo_vits16_llvip-kaistfull04_ep20_bs64_lamb0.1/probings_latest_runs10_cropsize224/joint_val_features_tbmTrue.pt
🔒 Graine aléatoire fixée à : 46
[JOINT]   1/30 | train loss=0.7517 mAP=0.380 | val loss=0.8990 mAP=0.427 | person=0.266 | car=0.436 | bicycle=0.035 | background=0.973
  💾 Meilleur JOINT sauvegardé (val mAP=0.427)
[JOINT]   2/30 | train loss=0.5951 mAP=0.421 | val loss=0.8468 mAP=0.442 | person=0.295 | car=0.453 | bicycle=0.043 | background=0.977
  💾 Meilleur JOINT sauvegardé (val mAP=0.442)
[JOINT]   3/30 | train loss=0.5622 mAP=0.433 | val loss=0.8293 mAP=0.450 | person=0.308 | car=0.466 | bicycle=0.048 | background=0.979
  💾 Meilleur JOINT sauvegardé (val mAP=0.450)
[JOINT]   4/30 | train loss=0.5454 mAP=0.441 | val loss=0.8073 mAP=0.457 | person=0.323 | car=0.473 | bicycle=0.051 | background=0.980
  💾 Meilleur JOINT sauvegardé (val mAP=0.457)
[JOINT]   5/30 | train loss=0.5345 mAP=0.446 | val loss=0.8032 mAP=0.461 | person=0.332 | car=0.478 | bicycle=0.052 | background=0.981
  💾 Meilleur JOINT sauvegardé (val mAP=0.461)
[JOINT]   6/30 | train loss=0.5269 mAP=0.451 | val loss=0.7976 mAP=0.463 | person=0.335 | car=0.482 | bicycle=0.055 | background=0.981
  💾 Meilleur JOINT sauvegardé (val mAP=0.463)
[JOINT]   7/30 | train loss=0.5206 mAP=0.455 | val loss=0.8032 mAP=0.465 | person=0.337 | car=0.485 | bicycle=0.056 | background=0.981
  💾 Meilleur JOINT sauvegardé (val mAP=0.465)
[JOINT]   8/30 | train loss=0.5158 mAP=0.457 | val loss=0.7787 mAP=0.466 | person=0.340 | car=0.487 | bicycle=0.056 | background=0.982
  💾 Meilleur JOINT sauvegardé (val mAP=0.466)
[JOINT]   9/30 | train loss=0.5110 mAP=0.461 | val loss=0.7866 mAP=0.467 | person=0.340 | car=0.489 | bicycle=0.058 | background=0.982
  💾 Meilleur JOINT sauvegardé (val mAP=0.467)
[JOINT]  10/30 | train loss=0.5074 mAP=0.463 | val loss=0.7748 mAP=0.469 | person=0.347 | car=0.490 | bicycle=0.059 | background=0.982
  💾 Meilleur JOINT sauvegardé (val mAP=0.469)
[JOINT]  11/30 | train loss=0.5056 mAP=0.464 | val loss=0.7772 mAP=0.470 | person=0.348 | car=0.491 | bicycle=0.059 | background=0.982
  💾 Meilleur JOINT sauvegardé (val mAP=0.470)
[JOINT]  12/30 | train loss=0.5029 mAP=0.465 | val loss=0.7732 mAP=0.470 | person=0.348 | car=0.492 | bicycle=0.059 | background=0.982
  💾 Meilleur JOINT sauvegardé (val mAP=0.470)
[JOINT]  13/30 | train loss=0.5002 mAP=0.468 | val loss=0.7818 mAP=0.472 | person=0.351 | car=0.494 | bicycle=0.059 | background=0.982
  💾 Meilleur JOINT sauvegardé (val mAP=0.472)
[JOINT]  14/30 | train loss=0.4986 mAP=0.469 | val loss=0.7787 mAP=0.472 | person=0.352 | car=0.495 | bicycle=0.059 | background=0.982
  💾 Meilleur JOINT sauvegardé (val mAP=0.472)
[JOINT]  15/30 | train loss=0.4965 mAP=0.471 | val loss=0.7707 mAP=0.472 | person=0.352 | car=0.495 | bicycle=0.059 | background=0.982
  💾 Meilleur JOINT sauvegardé (val mAP=0.472)
[JOINT]  16/30 | train loss=0.4952 mAP=0.472 | val loss=0.7714 mAP=0.473 | person=0.355 | car=0.495 | bicycle=0.059 | background=0.983
  💾 Meilleur JOINT sauvegardé (val mAP=0.473)
[JOINT]  17/30 | train loss=0.4935 mAP=0.473 | val loss=0.7756 mAP=0.473 | person=0.355 | car=0.496 | bicycle=0.059 | background=0.983
  💾 Meilleur JOINT sauvegardé (val mAP=0.473)
[JOINT]  18/30 | train loss=0.4928 mAP=0.474 | val loss=0.7797 mAP=0.474 | person=0.357 | car=0.496 | bicycle=0.059 | background=0.983
  💾 Meilleur JOINT sauvegardé (val mAP=0.474)
[JOINT]  19/30 | train loss=0.4919 mAP=0.474 | val loss=0.7807 mAP=0.474 | person=0.355 | car=0.498 | bicycle=0.060 | background=0.983
[JOINT]  20/30 | train loss=0.4909 mAP=0.475 | val loss=0.7743 mAP=0.474 | person=0.355 | car=0.497 | bicycle=0.060 | background=0.983
  💾 Meilleur JOINT sauvegardé (val mAP=0.474)
[JOINT]  21/30 | train loss=0.4901 mAP=0.475 | val loss=0.7707 mAP=0.474 | person=0.357 | car=0.498 | bicycle=0.060 | background=0.983
  💾 Meilleur JOINT sauvegardé (val mAP=0.474)
[JOINT]  22/30 | train loss=0.4895 mAP=0.476 | val loss=0.7662 mAP=0.475 | person=0.358 | car=0.498 | bicycle=0.060 | background=0.983
  💾 Meilleur JOINT sauvegardé (val mAP=0.475)
[JOINT]  23/30 | train loss=0.4890 mAP=0.477 | val loss=0.7698 mAP=0.475 | person=0.357 | car=0.498 | bicycle=0.060 | background=0.983
[JOINT]  24/30 | train loss=0.4887 mAP=0.477 | val loss=0.7691 mAP=0.475 | person=0.357 | car=0.499 | bicycle=0.060 | background=0.983
  💾 Meilleur JOINT sauvegardé (val mAP=0.475)
[JOINT]  25/30 | train loss=0.4884 mAP=0.477 | val loss=0.7685 mAP=0.475 | person=0.357 | car=0.499 | bicycle=0.060 | background=0.983
  💾 Meilleur JOINT sauvegardé (val mAP=0.475)
[JOINT]  26/30 | train loss=0.4882 mAP=0.477 | val loss=0.7698 mAP=0.475 | person=0.358 | car=0.499 | bicycle=0.060 | background=0.983
  💾 Meilleur JOINT sauvegardé (val mAP=0.475)
[JOINT]  27/30 | train loss=0.4880 mAP=0.477 | val loss=0.7703 mAP=0.475 | person=0.358 | car=0.499 | bicycle=0.060 | background=0.983
  💾 Meilleur JOINT sauvegardé (val mAP=0.475)
[JOINT]  28/30 | train loss=0.4879 mAP=0.477 | val loss=0.7689 mAP=0.475 | person=0.358 | car=0.499 | bicycle=0.060 | background=0.983
  💾 Meilleur JOINT sauvegardé (val mAP=0.475)
[JOINT]  29/30 | train loss=0.4878 mAP=0.477 | val loss=0.7695 mAP=0.475 | person=0.358 | car=0.499 | bicycle=0.060 | background=0.983
[JOINT]  30/30 | train loss=0.4878 mAP=0.477 | val loss=0.7696 mAP=0.475 | person=0.358 | car=0.499 | bicycle=0.060 | background=0.983
  📊 Courbe ROC sauvegardée : /home/2023029/PARTAGE/abelgh02/logs/lemumo/lemumo_vits16_llvip-kaistfull04_ep20_bs64_lamb0.1/probings_latest_runs10_cropsize224/roc_curve_joint.png

✨ SCORES ROC FINAUX POUR JOINT (Meilleure Époque) :
METRIC_AUC_JOINT_PERSON: 0.8863
METRIC_AUC_JOINT_CAR: 0.9095
METRIC_AUC_JOINT_BICYCLE: 0.8944
METRIC_AUC_JOINT_BACKGROUND: 0.9254

=======================================================
  RÉSUMÉ FINAL — Linear Probing JEPA sur FLIR Aligned
=======================================================
  RGB   │ █████████████                  │ mAP=0.445
  IR    │ █████████████                  │ mAP=0.466
  BOTH  │ ██████████████                 │ mAP=0.494
  JOINT │ ██████████████                 │ mAP=0.475
=======================================================

✅ mAP RGB ≈ mAP IR (gap < 5%) → le target_encoder aligne bien les deux modalités.
ℹ️  La fusion apporte +0.028 → les modalités restent complémentaires.

▶️  RUN 5/10 | cuda:0 | Seed: 47

=======================================================
  Linear Probing OFFLINE — mode : RGB
=======================================================
[train] mode=rgb | 4129 images (0 ignorées) | person=23408 patches | car=70689 patches | bicycle=6911 patches | background=718426 patches
[val] mode=rgb | 1013 images (0 ignorées) | person=15537 patches | car=21472 patches | bicycle=1588 patches | background=163479 patches
✅ Le MuMo encoder chargé depuis /home/2023029/PARTAGE/abelgh02/logs/lemumo/lemumo_vits16_llvip-kaistfull04_ep20_bs64_lamb0.1/latest.pt (run lemumo_vits16_llvip-kaistfull04_ep20_bs64_lamb0.1, variant=prune_after_first, ViT-small)
  ⚡ Features déjà extraites trouvées : chargement depuis /home/2023029/PARTAGE/abelgh02/logs/lemumo/lemumo_vits16_llvip-kaistfull04_ep20_bs64_lamb0.1/probings_latest_runs10_cropsize224/rgb_train_features_tbmTrue.pt
  ⚡ Features déjà extraites trouvées : chargement depuis /home/2023029/PARTAGE/abelgh02/logs/lemumo/lemumo_vits16_llvip-kaistfull04_ep20_bs64_lamb0.1/probings_latest_runs10_cropsize224/rgb_val_features_tbmTrue.pt
🔒 Graine aléatoire fixée à : 47
[RGB]   1/30 | train loss=0.8385 mAP=0.337 | val loss=1.0335 mAP=0.390 | person=0.218 | car=0.350 | bicycle=0.029 | background=0.962
  💾 Meilleur RGB sauvegardé (val mAP=0.390)
[RGB]   2/30 | train loss=0.6992 mAP=0.367 | val loss=1.0210 mAP=0.405 | person=0.237 | car=0.384 | bicycle=0.032 | background=0.968
  💾 Meilleur RGB sauvegardé (val mAP=0.405)
[RGB]   3/30 | train loss=0.6646 mAP=0.377 | val loss=0.9579 mAP=0.413 | person=0.246 | car=0.402 | bicycle=0.033 | background=0.972
  💾 Meilleur RGB sauvegardé (val mAP=0.413)
[RGB]   4/30 | train loss=0.6421 mAP=0.384 | val loss=0.9228 mAP=0.419 | person=0.254 | car=0.414 | bicycle=0.035 | background=0.974
  💾 Meilleur RGB sauvegardé (val mAP=0.419)
[RGB]   5/30 | train loss=0.6281 mAP=0.389 | val loss=0.9335 mAP=0.423 | person=0.258 | car=0.423 | bicycle=0.035 | background=0.975
  💾 Meilleur RGB sauvegardé (val mAP=0.423)
[RGB]   6/30 | train loss=0.6166 mAP=0.393 | val loss=0.9209 mAP=0.426 | person=0.262 | car=0.431 | bicycle=0.036 | background=0.975
  💾 Meilleur RGB sauvegardé (val mAP=0.426)
[RGB]   7/30 | train loss=0.6082 mAP=0.397 | val loss=0.8935 mAP=0.429 | person=0.266 | car=0.437 | bicycle=0.037 | background=0.976
  💾 Meilleur RGB sauvegardé (val mAP=0.429)
[RGB]   8/30 | train loss=0.6019 mAP=0.400 | val loss=0.8869 mAP=0.432 | person=0.269 | car=0.444 | bicycle=0.038 | background=0.976
  💾 Meilleur RGB sauvegardé (val mAP=0.432)
[RGB]   9/30 | train loss=0.5982 mAP=0.401 | val loss=0.9217 mAP=0.434 | person=0.272 | car=0.449 | bicycle=0.039 | background=0.977
  💾 Meilleur RGB sauvegardé (val mAP=0.434)
[RGB]  10/30 | train loss=0.5928 mAP=0.405 | val loss=0.8923 mAP=0.436 | person=0.274 | car=0.452 | bicycle=0.040 | background=0.977
  💾 Meilleur RGB sauvegardé (val mAP=0.436)
[RGB]  11/30 | train loss=0.5886 mAP=0.407 | val loss=0.9042 mAP=0.438 | person=0.277 | car=0.457 | bicycle=0.040 | background=0.977
  💾 Meilleur RGB sauvegardé (val mAP=0.438)
[RGB]  12/30 | train loss=0.5858 mAP=0.408 | val loss=0.8830 mAP=0.439 | person=0.279 | car=0.461 | bicycle=0.041 | background=0.977
  💾 Meilleur RGB sauvegardé (val mAP=0.439)
[RGB]  13/30 | train loss=0.5837 mAP=0.410 | val loss=0.9072 mAP=0.440 | person=0.280 | car=0.462 | bicycle=0.041 | background=0.978
  💾 Meilleur RGB sauvegardé (val mAP=0.440)
[RGB]  14/30 | train loss=0.5824 mAP=0.410 | val loss=0.8721 mAP=0.441 | person=0.281 | car=0.465 | bicycle=0.041 | background=0.978
  💾 Meilleur RGB sauvegardé (val mAP=0.441)
[RGB]  15/30 | train loss=0.5799 mAP=0.412 | val loss=0.8955 mAP=0.442 | person=0.282 | car=0.466 | bicycle=0.041 | background=0.978
  💾 Meilleur RGB sauvegardé (val mAP=0.442)
[RGB]  16/30 | train loss=0.5778 mAP=0.413 | val loss=0.8920 mAP=0.443 | person=0.283 | car=0.469 | bicycle=0.042 | background=0.978
  💾 Meilleur RGB sauvegardé (val mAP=0.443)
[RGB]  17/30 | train loss=0.5760 mAP=0.414 | val loss=0.8971 mAP=0.444 | person=0.284 | car=0.471 | bicycle=0.042 | background=0.978
  💾 Meilleur RGB sauvegardé (val mAP=0.444)
[RGB]  18/30 | train loss=0.5750 mAP=0.415 | val loss=0.8877 mAP=0.444 | person=0.285 | car=0.470 | bicycle=0.042 | background=0.978
  💾 Meilleur RGB sauvegardé (val mAP=0.444)
[RGB]  19/30 | train loss=0.5730 mAP=0.416 | val loss=0.9044 mAP=0.444 | person=0.285 | car=0.471 | bicycle=0.042 | background=0.978
  💾 Meilleur RGB sauvegardé (val mAP=0.444)
[RGB]  20/30 | train loss=0.5730 mAP=0.416 | val loss=0.8944 mAP=0.445 | person=0.286 | car=0.473 | bicycle=0.042 | background=0.978
  💾 Meilleur RGB sauvegardé (val mAP=0.445)
[RGB]  21/30 | train loss=0.5717 mAP=0.417 | val loss=0.8861 mAP=0.445 | person=0.287 | car=0.473 | bicycle=0.043 | background=0.978
  💾 Meilleur RGB sauvegardé (val mAP=0.445)
[RGB]  22/30 | train loss=0.5708 mAP=0.418 | val loss=0.8771 mAP=0.446 | person=0.287 | car=0.474 | bicycle=0.043 | background=0.978
  💾 Meilleur RGB sauvegardé (val mAP=0.446)
[RGB]  23/30 | train loss=0.5706 mAP=0.418 | val loss=0.8792 mAP=0.446 | person=0.287 | car=0.475 | bicycle=0.043 | background=0.978
  💾 Meilleur RGB sauvegardé (val mAP=0.446)
[RGB]  24/30 | train loss=0.5700 mAP=0.418 | val loss=0.8988 mAP=0.446 | person=0.287 | car=0.474 | bicycle=0.043 | background=0.978
  💾 Meilleur RGB sauvegardé (val mAP=0.446)
[RGB]  25/30 | train loss=0.5697 mAP=0.418 | val loss=0.8858 mAP=0.446 | person=0.287 | car=0.475 | bicycle=0.043 | background=0.978
  💾 Meilleur RGB sauvegardé (val mAP=0.446)
[RGB]  26/30 | train loss=0.5694 mAP=0.418 | val loss=0.8908 mAP=0.446 | person=0.288 | car=0.475 | bicycle=0.043 | background=0.978
  💾 Meilleur RGB sauvegardé (val mAP=0.446)
[RGB]  27/30 | train loss=0.5693 mAP=0.418 | val loss=0.8872 mAP=0.446 | person=0.288 | car=0.475 | bicycle=0.043 | background=0.978
  💾 Meilleur RGB sauvegardé (val mAP=0.446)
[RGB]  28/30 | train loss=0.5691 mAP=0.418 | val loss=0.8910 mAP=0.446 | person=0.288 | car=0.475 | bicycle=0.043 | background=0.978
  💾 Meilleur RGB sauvegardé (val mAP=0.446)
[RGB]  29/30 | train loss=0.5690 mAP=0.419 | val loss=0.8910 mAP=0.446 | person=0.288 | car=0.475 | bicycle=0.043 | background=0.978
  💾 Meilleur RGB sauvegardé (val mAP=0.446)
[RGB]  30/30 | train loss=0.5690 mAP=0.419 | val loss=0.8907 mAP=0.446 | person=0.288 | car=0.475 | bicycle=0.043 | background=0.978
  💾 Meilleur RGB sauvegardé (val mAP=0.446)
  📊 Courbe ROC sauvegardée : /home/2023029/PARTAGE/abelgh02/logs/lemumo/lemumo_vits16_llvip-kaistfull04_ep20_bs64_lamb0.1/probings_latest_runs10_cropsize224/roc_curve_rgb.png

✨ SCORES ROC FINAUX POUR RGB (Meilleure Époque) :
METRIC_AUC_RGB_PERSON: 0.8508
METRIC_AUC_RGB_CAR: 0.9017
METRIC_AUC_RGB_BICYCLE: 0.8704
METRIC_AUC_RGB_BACKGROUND: 0.9082

=======================================================
  Linear Probing OFFLINE — mode : IR
=======================================================
[train] mode=ir | 4129 images (0 ignorées) | person=23408 patches | car=70689 patches | bicycle=6911 patches | background=718426 patches
[val] mode=ir | 1013 images (0 ignorées) | person=15537 patches | car=21472 patches | bicycle=1588 patches | background=163479 patches
✅ Le MuMo encoder chargé depuis /home/2023029/PARTAGE/abelgh02/logs/lemumo/lemumo_vits16_llvip-kaistfull04_ep20_bs64_lamb0.1/latest.pt (run lemumo_vits16_llvip-kaistfull04_ep20_bs64_lamb0.1, variant=prune_after_first, ViT-small)
  ⚡ Features déjà extraites trouvées : chargement depuis /home/2023029/PARTAGE/abelgh02/logs/lemumo/lemumo_vits16_llvip-kaistfull04_ep20_bs64_lamb0.1/probings_latest_runs10_cropsize224/ir_train_features_tbmTrue.pt
  ⚡ Features déjà extraites trouvées : chargement depuis /home/2023029/PARTAGE/abelgh02/logs/lemumo/lemumo_vits16_llvip-kaistfull04_ep20_bs64_lamb0.1/probings_latest_runs10_cropsize224/ir_val_features_tbmTrue.pt
🔒 Graine aléatoire fixée à : 47
[IR]   1/30 | train loss=0.7995 mAP=0.368 | val loss=0.9100 mAP=0.429 | person=0.290 | car=0.415 | bicycle=0.043 | background=0.969
  💾 Meilleur IR sauvegardé (val mAP=0.429)
[IR]   2/30 | train loss=0.6180 mAP=0.412 | val loss=0.8533 mAP=0.439 | person=0.307 | car=0.428 | bicycle=0.046 | background=0.974
  💾 Meilleur IR sauvegardé (val mAP=0.439)
[IR]   3/30 | train loss=0.5846 mAP=0.423 | val loss=0.8511 mAP=0.445 | person=0.321 | car=0.435 | bicycle=0.048 | background=0.976
  💾 Meilleur IR sauvegardé (val mAP=0.445)
[IR]   4/30 | train loss=0.5691 mAP=0.429 | val loss=0.8296 mAP=0.449 | person=0.331 | car=0.438 | bicycle=0.051 | background=0.977
  💾 Meilleur IR sauvegardé (val mAP=0.449)
[IR]   5/30 | train loss=0.5575 mAP=0.435 | val loss=0.8228 mAP=0.452 | person=0.338 | car=0.442 | bicycle=0.051 | background=0.978
  💾 Meilleur IR sauvegardé (val mAP=0.452)
[IR]   6/30 | train loss=0.5506 mAP=0.438 | val loss=0.8097 mAP=0.454 | person=0.342 | car=0.444 | bicycle=0.053 | background=0.978
  💾 Meilleur IR sauvegardé (val mAP=0.454)
[IR]   7/30 | train loss=0.5426 mAP=0.443 | val loss=0.7985 mAP=0.456 | person=0.346 | car=0.445 | bicycle=0.054 | background=0.979
  💾 Meilleur IR sauvegardé (val mAP=0.456)
[IR]   8/30 | train loss=0.5368 mAP=0.446 | val loss=0.8044 mAP=0.457 | person=0.349 | car=0.446 | bicycle=0.054 | background=0.979
  💾 Meilleur IR sauvegardé (val mAP=0.457)
[IR]   9/30 | train loss=0.5325 mAP=0.448 | val loss=0.7942 mAP=0.458 | person=0.351 | car=0.448 | bicycle=0.055 | background=0.979
  💾 Meilleur IR sauvegardé (val mAP=0.458)
[IR]  10/30 | train loss=0.5286 mAP=0.450 | val loss=0.7962 mAP=0.460 | person=0.354 | car=0.450 | bicycle=0.055 | background=0.979
  💾 Meilleur IR sauvegardé (val mAP=0.460)
[IR]  11/30 | train loss=0.5258 mAP=0.452 | val loss=0.7920 mAP=0.460 | person=0.356 | car=0.450 | bicycle=0.056 | background=0.979
  💾 Meilleur IR sauvegardé (val mAP=0.460)
[IR]  12/30 | train loss=0.5227 mAP=0.454 | val loss=0.7845 mAP=0.461 | person=0.359 | car=0.451 | bicycle=0.056 | background=0.979
  💾 Meilleur IR sauvegardé (val mAP=0.461)
[IR]  13/30 | train loss=0.5201 mAP=0.456 | val loss=0.7945 mAP=0.462 | person=0.360 | car=0.453 | bicycle=0.057 | background=0.979
  💾 Meilleur IR sauvegardé (val mAP=0.462)
[IR]  14/30 | train loss=0.5182 mAP=0.457 | val loss=0.7926 mAP=0.462 | person=0.359 | car=0.453 | bicycle=0.057 | background=0.980
[IR]  15/30 | train loss=0.5158 mAP=0.458 | val loss=0.7863 mAP=0.463 | person=0.361 | car=0.454 | bicycle=0.058 | background=0.980
  💾 Meilleur IR sauvegardé (val mAP=0.463)
[IR]  16/30 | train loss=0.5148 mAP=0.459 | val loss=0.7915 mAP=0.463 | person=0.363 | car=0.454 | bicycle=0.057 | background=0.980
  💾 Meilleur IR sauvegardé (val mAP=0.463)
[IR]  17/30 | train loss=0.5134 mAP=0.460 | val loss=0.7898 mAP=0.464 | person=0.363 | car=0.455 | bicycle=0.057 | background=0.980
  💾 Meilleur IR sauvegardé (val mAP=0.464)
[IR]  18/30 | train loss=0.5121 mAP=0.461 | val loss=0.7835 mAP=0.464 | person=0.363 | car=0.456 | bicycle=0.058 | background=0.980
  💾 Meilleur IR sauvegardé (val mAP=0.464)
[IR]  19/30 | train loss=0.5110 mAP=0.462 | val loss=0.7841 mAP=0.464 | person=0.363 | car=0.456 | bicycle=0.058 | background=0.980
  💾 Meilleur IR sauvegardé (val mAP=0.464)
[IR]  20/30 | train loss=0.5102 mAP=0.462 | val loss=0.7822 mAP=0.465 | person=0.365 | car=0.456 | bicycle=0.058 | background=0.980
  💾 Meilleur IR sauvegardé (val mAP=0.465)
[IR]  21/30 | train loss=0.5093 mAP=0.463 | val loss=0.7845 mAP=0.465 | person=0.364 | car=0.456 | bicycle=0.058 | background=0.980
  💾 Meilleur IR sauvegardé (val mAP=0.465)
[IR]  22/30 | train loss=0.5091 mAP=0.463 | val loss=0.7786 mAP=0.465 | person=0.365 | car=0.457 | bicycle=0.058 | background=0.980
  💾 Meilleur IR sauvegardé (val mAP=0.465)
[IR]  23/30 | train loss=0.5083 mAP=0.463 | val loss=0.7825 mAP=0.465 | person=0.365 | car=0.457 | bicycle=0.058 | background=0.980
[IR]  24/30 | train loss=0.5079 mAP=0.464 | val loss=0.7805 mAP=0.465 | person=0.366 | car=0.457 | bicycle=0.058 | background=0.980
  💾 Meilleur IR sauvegardé (val mAP=0.465)
[IR]  25/30 | train loss=0.5077 mAP=0.464 | val loss=0.7806 mAP=0.465 | person=0.366 | car=0.457 | bicycle=0.058 | background=0.980
  💾 Meilleur IR sauvegardé (val mAP=0.465)
[IR]  26/30 | train loss=0.5074 mAP=0.464 | val loss=0.7811 mAP=0.465 | person=0.366 | car=0.457 | bicycle=0.058 | background=0.980
  💾 Meilleur IR sauvegardé (val mAP=0.465)
[IR]  27/30 | train loss=0.5073 mAP=0.464 | val loss=0.7824 mAP=0.465 | person=0.366 | car=0.457 | bicycle=0.058 | background=0.980
  💾 Meilleur IR sauvegardé (val mAP=0.465)
[IR]  28/30 | train loss=0.5071 mAP=0.464 | val loss=0.7819 mAP=0.465 | person=0.366 | car=0.457 | bicycle=0.058 | background=0.980
  💾 Meilleur IR sauvegardé (val mAP=0.465)
[IR]  29/30 | train loss=0.5070 mAP=0.464 | val loss=0.7816 mAP=0.465 | person=0.366 | car=0.457 | bicycle=0.058 | background=0.980
  💾 Meilleur IR sauvegardé (val mAP=0.465)
[IR]  30/30 | train loss=0.5070 mAP=0.464 | val loss=0.7816 mAP=0.465 | person=0.366 | car=0.457 | bicycle=0.058 | background=0.980
  💾 Meilleur IR sauvegardé (val mAP=0.465)
  📊 Courbe ROC sauvegardée : /home/2023029/PARTAGE/abelgh02/logs/lemumo/lemumo_vits16_llvip-kaistfull04_ep20_bs64_lamb0.1/probings_latest_runs10_cropsize224/roc_curve_ir.png

✨ SCORES ROC FINAUX POUR IR (Meilleure Époque) :
METRIC_AUC_IR_PERSON: 0.8867
METRIC_AUC_IR_CAR: 0.8927
METRIC_AUC_IR_BICYCLE: 0.8928
METRIC_AUC_IR_BACKGROUND: 0.9141

=======================================================
  Linear Probing OFFLINE — mode : BOTH
=======================================================
[train] mode=both | 4129 images (0 ignorées) | person=23408 patches | car=70689 patches | bicycle=6911 patches | background=718426 patches
[val] mode=both | 1013 images (0 ignorées) | person=15537 patches | car=21472 patches | bicycle=1588 patches | background=163479 patches
✅ Le MuMo encoder chargé depuis /home/2023029/PARTAGE/abelgh02/logs/lemumo/lemumo_vits16_llvip-kaistfull04_ep20_bs64_lamb0.1/latest.pt (run lemumo_vits16_llvip-kaistfull04_ep20_bs64_lamb0.1, variant=prune_after_first, ViT-small)
  ⚡ Features déjà extraites trouvées : chargement depuis /home/2023029/PARTAGE/abelgh02/logs/lemumo/lemumo_vits16_llvip-kaistfull04_ep20_bs64_lamb0.1/probings_latest_runs10_cropsize224/both_train_features_tbmTrue.pt
  ⚡ Features déjà extraites trouvées : chargement depuis /home/2023029/PARTAGE/abelgh02/logs/lemumo/lemumo_vits16_llvip-kaistfull04_ep20_bs64_lamb0.1/probings_latest_runs10_cropsize224/both_val_features_tbmTrue.pt
🔒 Graine aléatoire fixée à : 47
[BOTH]   1/30 | train loss=0.6905 mAP=0.397 | val loss=0.8507 mAP=0.448 | person=0.308 | car=0.455 | bicycle=0.050 | background=0.978
  💾 Meilleur BOTH sauvegardé (val mAP=0.448)
[BOTH]   2/30 | train loss=0.5541 mAP=0.435 | val loss=0.8124 mAP=0.462 | person=0.334 | car=0.479 | bicycle=0.054 | background=0.981
  💾 Meilleur BOTH sauvegardé (val mAP=0.462)
[BOTH]   3/30 | train loss=0.5300 mAP=0.450 | val loss=0.8105 mAP=0.468 | person=0.347 | car=0.489 | bicycle=0.056 | background=0.982
  💾 Meilleur BOTH sauvegardé (val mAP=0.468)
[BOTH]   4/30 | train loss=0.5147 mAP=0.459 | val loss=0.7837 mAP=0.474 | person=0.360 | car=0.497 | bicycle=0.057 | background=0.983
  💾 Meilleur BOTH sauvegardé (val mAP=0.474)
[BOTH]   5/30 | train loss=0.5029 mAP=0.467 | val loss=0.7634 mAP=0.477 | person=0.366 | car=0.503 | bicycle=0.058 | background=0.983
  💾 Meilleur BOTH sauvegardé (val mAP=0.477)
[BOTH]   6/30 | train loss=0.4959 mAP=0.473 | val loss=0.7677 mAP=0.480 | person=0.371 | car=0.508 | bicycle=0.058 | background=0.983
  💾 Meilleur BOTH sauvegardé (val mAP=0.480)
[BOTH]   7/30 | train loss=0.4887 mAP=0.477 | val loss=0.7668 mAP=0.483 | person=0.375 | car=0.513 | bicycle=0.059 | background=0.984
  💾 Meilleur BOTH sauvegardé (val mAP=0.483)
[BOTH]   8/30 | train loss=0.4837 mAP=0.482 | val loss=0.7464 mAP=0.483 | person=0.378 | car=0.512 | bicycle=0.060 | background=0.984
  💾 Meilleur BOTH sauvegardé (val mAP=0.483)
[BOTH]   9/30 | train loss=0.4785 mAP=0.486 | val loss=0.7520 mAP=0.486 | person=0.381 | car=0.516 | bicycle=0.061 | background=0.984
  💾 Meilleur BOTH sauvegardé (val mAP=0.486)
[BOTH]  10/30 | train loss=0.4747 mAP=0.489 | val loss=0.7498 mAP=0.487 | person=0.384 | car=0.518 | bicycle=0.062 | background=0.984
  💾 Meilleur BOTH sauvegardé (val mAP=0.487)
[BOTH]  11/30 | train loss=0.4718 mAP=0.491 | val loss=0.7378 mAP=0.488 | person=0.386 | car=0.520 | bicycle=0.061 | background=0.984
  💾 Meilleur BOTH sauvegardé (val mAP=0.488)
[BOTH]  12/30 | train loss=0.4691 mAP=0.494 | val loss=0.7352 mAP=0.489 | person=0.386 | car=0.522 | bicycle=0.062 | background=0.984
  💾 Meilleur BOTH sauvegardé (val mAP=0.489)
[BOTH]  13/30 | train loss=0.4663 mAP=0.497 | val loss=0.7449 mAP=0.489 | person=0.390 | car=0.521 | bicycle=0.062 | background=0.984
  💾 Meilleur BOTH sauvegardé (val mAP=0.489)
[BOTH]  14/30 | train loss=0.4645 mAP=0.499 | val loss=0.7372 mAP=0.490 | person=0.392 | car=0.523 | bicycle=0.062 | background=0.984
  💾 Meilleur BOTH sauvegardé (val mAP=0.490)
[BOTH]  15/30 | train loss=0.4631 mAP=0.499 | val loss=0.7240 mAP=0.491 | person=0.394 | car=0.525 | bicycle=0.063 | background=0.984
  💾 Meilleur BOTH sauvegardé (val mAP=0.491)
[BOTH]  16/30 | train loss=0.4617 mAP=0.500 | val loss=0.7528 mAP=0.491 | person=0.393 | car=0.525 | bicycle=0.063 | background=0.985
  💾 Meilleur BOTH sauvegardé (val mAP=0.491)
[BOTH]  17/30 | train loss=0.4606 mAP=0.501 | val loss=0.7374 mAP=0.492 | person=0.395 | car=0.526 | bicycle=0.063 | background=0.985
  💾 Meilleur BOTH sauvegardé (val mAP=0.492)
[BOTH]  18/30 | train loss=0.4590 mAP=0.502 | val loss=0.7303 mAP=0.492 | person=0.394 | car=0.525 | bicycle=0.063 | background=0.985
[BOTH]  19/30 | train loss=0.4573 mAP=0.504 | val loss=0.7431 mAP=0.492 | person=0.395 | car=0.527 | bicycle=0.063 | background=0.985
  💾 Meilleur BOTH sauvegardé (val mAP=0.492)
[BOTH]  20/30 | train loss=0.4572 mAP=0.504 | val loss=0.7282 mAP=0.493 | person=0.396 | car=0.527 | bicycle=0.064 | background=0.985
  💾 Meilleur BOTH sauvegardé (val mAP=0.493)
[BOTH]  21/30 | train loss=0.4562 mAP=0.506 | val loss=0.7322 mAP=0.493 | person=0.396 | car=0.528 | bicycle=0.063 | background=0.985
  💾 Meilleur BOTH sauvegardé (val mAP=0.493)
[BOTH]  22/30 | train loss=0.4553 mAP=0.506 | val loss=0.7354 mAP=0.493 | person=0.396 | car=0.528 | bicycle=0.064 | background=0.985
  💾 Meilleur BOTH sauvegardé (val mAP=0.493)
[BOTH]  23/30 | train loss=0.4545 mAP=0.507 | val loss=0.7332 mAP=0.493 | person=0.397 | car=0.528 | bicycle=0.064 | background=0.985
  💾 Meilleur BOTH sauvegardé (val mAP=0.493)
[BOTH]  24/30 | train loss=0.4542 mAP=0.507 | val loss=0.7348 mAP=0.493 | person=0.397 | car=0.528 | bicycle=0.064 | background=0.985
[BOTH]  25/30 | train loss=0.4539 mAP=0.508 | val loss=0.7387 mAP=0.494 | person=0.397 | car=0.528 | bicycle=0.064 | background=0.985
  💾 Meilleur BOTH sauvegardé (val mAP=0.494)
[BOTH]  26/30 | train loss=0.4536 mAP=0.508 | val loss=0.7305 mAP=0.494 | person=0.397 | car=0.529 | bicycle=0.064 | background=0.985
  💾 Meilleur BOTH sauvegardé (val mAP=0.494)
[BOTH]  27/30 | train loss=0.4533 mAP=0.508 | val loss=0.7310 mAP=0.494 | person=0.397 | car=0.529 | bicycle=0.064 | background=0.985
  💾 Meilleur BOTH sauvegardé (val mAP=0.494)
[BOTH]  28/30 | train loss=0.4532 mAP=0.508 | val loss=0.7322 mAP=0.494 | person=0.397 | car=0.529 | bicycle=0.064 | background=0.985
  💾 Meilleur BOTH sauvegardé (val mAP=0.494)
[BOTH]  29/30 | train loss=0.4532 mAP=0.508 | val loss=0.7319 mAP=0.494 | person=0.397 | car=0.529 | bicycle=0.064 | background=0.985
[BOTH]  30/30 | train loss=0.4531 mAP=0.508 | val loss=0.7317 mAP=0.494 | person=0.397 | car=0.529 | bicycle=0.064 | background=0.985
  📊 Courbe ROC sauvegardée : /home/2023029/PARTAGE/abelgh02/logs/lemumo/lemumo_vits16_llvip-kaistfull04_ep20_bs64_lamb0.1/probings_latest_runs10_cropsize224/roc_curve_both.png

✨ SCORES ROC FINAUX POUR BOTH (Meilleure Époque) :
METRIC_AUC_BOTH_PERSON: 0.8957
METRIC_AUC_BOTH_CAR: 0.9176
METRIC_AUC_BOTH_BICYCLE: 0.9063
METRIC_AUC_BOTH_BACKGROUND: 0.9332

=======================================================
  Linear Probing OFFLINE — mode : JOINT
=======================================================
[train] mode=joint | 4129 images (0 ignorées) | person=23408 patches | car=70689 patches | bicycle=6911 patches | background=718426 patches
[val] mode=joint | 1013 images (0 ignorées) | person=15537 patches | car=21472 patches | bicycle=1588 patches | background=163479 patches
✅ Le MuMo encoder chargé depuis /home/2023029/PARTAGE/abelgh02/logs/lemumo/lemumo_vits16_llvip-kaistfull04_ep20_bs64_lamb0.1/latest.pt (run lemumo_vits16_llvip-kaistfull04_ep20_bs64_lamb0.1, variant=prune_after_first, ViT-small)
  ⚡ Features déjà extraites trouvées : chargement depuis /home/2023029/PARTAGE/abelgh02/logs/lemumo/lemumo_vits16_llvip-kaistfull04_ep20_bs64_lamb0.1/probings_latest_runs10_cropsize224/joint_train_features_tbmTrue.pt
  ⚡ Features déjà extraites trouvées : chargement depuis /home/2023029/PARTAGE/abelgh02/logs/lemumo/lemumo_vits16_llvip-kaistfull04_ep20_bs64_lamb0.1/probings_latest_runs10_cropsize224/joint_val_features_tbmTrue.pt
🔒 Graine aléatoire fixée à : 47
[JOINT]   1/30 | train loss=0.7946 mAP=0.366 | val loss=0.9234 mAP=0.418 | person=0.255 | car=0.400 | bicycle=0.044 | background=0.973
  💾 Meilleur JOINT sauvegardé (val mAP=0.418)
[JOINT]   2/30 | train loss=0.6084 mAP=0.412 | val loss=0.8494 mAP=0.437 | person=0.286 | car=0.438 | bicycle=0.048 | background=0.977
  💾 Meilleur JOINT sauvegardé (val mAP=0.437)
[JOINT]   3/30 | train loss=0.5704 mAP=0.427 | val loss=0.8380 mAP=0.448 | person=0.302 | car=0.458 | bicycle=0.051 | background=0.979
  💾 Meilleur JOINT sauvegardé (val mAP=0.448)
[JOINT]   4/30 | train loss=0.5521 mAP=0.436 | val loss=0.8206 mAP=0.454 | person=0.315 | car=0.469 | bicycle=0.053 | background=0.980
  💾 Meilleur JOINT sauvegardé (val mAP=0.454)
[JOINT]   5/30 | train loss=0.5409 mAP=0.443 | val loss=0.8104 mAP=0.458 | person=0.318 | car=0.478 | bicycle=0.054 | background=0.980
  💾 Meilleur JOINT sauvegardé (val mAP=0.458)
[JOINT]   6/30 | train loss=0.5317 mAP=0.448 | val loss=0.8053 mAP=0.461 | person=0.325 | car=0.482 | bicycle=0.056 | background=0.981
  💾 Meilleur JOINT sauvegardé (val mAP=0.461)
[JOINT]   7/30 | train loss=0.5259 mAP=0.451 | val loss=0.8117 mAP=0.464 | person=0.329 | car=0.487 | bicycle=0.057 | background=0.981
  💾 Meilleur JOINT sauvegardé (val mAP=0.464)
[JOINT]   8/30 | train loss=0.5200 mAP=0.455 | val loss=0.7897 mAP=0.466 | person=0.336 | car=0.490 | bicycle=0.058 | background=0.981
  💾 Meilleur JOINT sauvegardé (val mAP=0.466)
[JOINT]   9/30 | train loss=0.5162 mAP=0.459 | val loss=0.8016 mAP=0.467 | person=0.336 | car=0.493 | bicycle=0.058 | background=0.981
  💾 Meilleur JOINT sauvegardé (val mAP=0.467)
[JOINT]  10/30 | train loss=0.5128 mAP=0.460 | val loss=0.7966 mAP=0.469 | person=0.341 | car=0.495 | bicycle=0.059 | background=0.982
  💾 Meilleur JOINT sauvegardé (val mAP=0.469)
[JOINT]  11/30 | train loss=0.5089 mAP=0.463 | val loss=0.7896 mAP=0.470 | person=0.342 | car=0.496 | bicycle=0.059 | background=0.982
  💾 Meilleur JOINT sauvegardé (val mAP=0.470)
[JOINT]  12/30 | train loss=0.5064 mAP=0.465 | val loss=0.7851 mAP=0.470 | person=0.342 | car=0.497 | bicycle=0.060 | background=0.982
  💾 Meilleur JOINT sauvegardé (val mAP=0.470)
[JOINT]  13/30 | train loss=0.5038 mAP=0.467 | val loss=0.7884 mAP=0.472 | person=0.346 | car=0.499 | bicycle=0.060 | background=0.982
  💾 Meilleur JOINT sauvegardé (val mAP=0.472)
[JOINT]  14/30 | train loss=0.5023 mAP=0.468 | val loss=0.7828 mAP=0.472 | person=0.348 | car=0.499 | bicycle=0.060 | background=0.982
  💾 Meilleur JOINT sauvegardé (val mAP=0.472)
[JOINT]  15/30 | train loss=0.5001 mAP=0.469 | val loss=0.7787 mAP=0.473 | person=0.350 | car=0.500 | bicycle=0.060 | background=0.982
  💾 Meilleur JOINT sauvegardé (val mAP=0.473)
[JOINT]  16/30 | train loss=0.4987 mAP=0.471 | val loss=0.7825 mAP=0.473 | person=0.347 | car=0.501 | bicycle=0.060 | background=0.982
[JOINT]  17/30 | train loss=0.4973 mAP=0.471 | val loss=0.7769 mAP=0.474 | person=0.350 | car=0.502 | bicycle=0.060 | background=0.982
  💾 Meilleur JOINT sauvegardé (val mAP=0.474)
[JOINT]  18/30 | train loss=0.4961 mAP=0.472 | val loss=0.7783 mAP=0.474 | person=0.350 | car=0.502 | bicycle=0.060 | background=0.982
  💾 Meilleur JOINT sauvegardé (val mAP=0.474)
[JOINT]  19/30 | train loss=0.4951 mAP=0.473 | val loss=0.7737 mAP=0.474 | person=0.351 | car=0.503 | bicycle=0.060 | background=0.982
  💾 Meilleur JOINT sauvegardé (val mAP=0.474)
[JOINT]  20/30 | train loss=0.4942 mAP=0.474 | val loss=0.7791 mAP=0.474 | person=0.351 | car=0.503 | bicycle=0.061 | background=0.982
  💾 Meilleur JOINT sauvegardé (val mAP=0.474)
[JOINT]  21/30 | train loss=0.4934 mAP=0.474 | val loss=0.7716 mAP=0.475 | person=0.352 | car=0.503 | bicycle=0.061 | background=0.982
  💾 Meilleur JOINT sauvegardé (val mAP=0.475)
[JOINT]  22/30 | train loss=0.4929 mAP=0.475 | val loss=0.7742 mAP=0.475 | person=0.352 | car=0.504 | bicycle=0.060 | background=0.982
[JOINT]  23/30 | train loss=0.4923 mAP=0.475 | val loss=0.7727 mAP=0.475 | person=0.352 | car=0.504 | bicycle=0.060 | background=0.982
[JOINT]  24/30 | train loss=0.4920 mAP=0.475 | val loss=0.7739 mAP=0.475 | person=0.353 | car=0.504 | bicycle=0.060 | background=0.983
  💾 Meilleur JOINT sauvegardé (val mAP=0.475)
[JOINT]  25/30 | train loss=0.4917 mAP=0.475 | val loss=0.7722 mAP=0.475 | person=0.353 | car=0.504 | bicycle=0.061 | background=0.983
  💾 Meilleur JOINT sauvegardé (val mAP=0.475)
[JOINT]  26/30 | train loss=0.4914 mAP=0.476 | val loss=0.7725 mAP=0.475 | person=0.353 | car=0.504 | bicycle=0.061 | background=0.983
  💾 Meilleur JOINT sauvegardé (val mAP=0.475)
[JOINT]  27/30 | train loss=0.4913 mAP=0.476 | val loss=0.7723 mAP=0.475 | person=0.353 | car=0.504 | bicycle=0.061 | background=0.983
  💾 Meilleur JOINT sauvegardé (val mAP=0.475)
[JOINT]  28/30 | train loss=0.4912 mAP=0.476 | val loss=0.7726 mAP=0.475 | person=0.353 | car=0.504 | bicycle=0.061 | background=0.983
[JOINT]  29/30 | train loss=0.4911 mAP=0.476 | val loss=0.7726 mAP=0.475 | person=0.353 | car=0.505 | bicycle=0.061 | background=0.983
[JOINT]  30/30 | train loss=0.4911 mAP=0.476 | val loss=0.7726 mAP=0.475 | person=0.353 | car=0.505 | bicycle=0.061 | background=0.983
  📊 Courbe ROC sauvegardée : /home/2023029/PARTAGE/abelgh02/logs/lemumo/lemumo_vits16_llvip-kaistfull04_ep20_bs64_lamb0.1/probings_latest_runs10_cropsize224/roc_curve_joint.png

✨ SCORES ROC FINAUX POUR JOINT (Meilleure Époque) :
METRIC_AUC_JOINT_PERSON: 0.8848
METRIC_AUC_JOINT_CAR: 0.9098
METRIC_AUC_JOINT_BICYCLE: 0.8939
METRIC_AUC_JOINT_BACKGROUND: 0.9244

=======================================================
  RÉSUMÉ FINAL — Linear Probing JEPA sur FLIR Aligned
=======================================================
  RGB   │ █████████████                  │ mAP=0.446
  IR    │ █████████████                  │ mAP=0.465
  BOTH  │ ██████████████                 │ mAP=0.494
  JOINT │ ██████████████                 │ mAP=0.475
=======================================================

✅ mAP RGB ≈ mAP IR (gap < 5%) → le target_encoder aligne bien les deux modalités.
ℹ️  La fusion apporte +0.028 → les modalités restent complémentaires.

▶️  RUN 6/10 | cuda:0 | Seed: 48

=======================================================
  Linear Probing OFFLINE — mode : RGB
=======================================================
[train] mode=rgb | 4129 images (0 ignorées) | person=23408 patches | car=70689 patches | bicycle=6911 patches | background=718426 patches
[val] mode=rgb | 1013 images (0 ignorées) | person=15537 patches | car=21472 patches | bicycle=1588 patches | background=163479 patches
✅ Le MuMo encoder chargé depuis /home/2023029/PARTAGE/abelgh02/logs/lemumo/lemumo_vits16_llvip-kaistfull04_ep20_bs64_lamb0.1/latest.pt (run lemumo_vits16_llvip-kaistfull04_ep20_bs64_lamb0.1, variant=prune_after_first, ViT-small)
  ⚡ Features déjà extraites trouvées : chargement depuis /home/2023029/PARTAGE/abelgh02/logs/lemumo/lemumo_vits16_llvip-kaistfull04_ep20_bs64_lamb0.1/probings_latest_runs10_cropsize224/rgb_train_features_tbmTrue.pt
  ⚡ Features déjà extraites trouvées : chargement depuis /home/2023029/PARTAGE/abelgh02/logs/lemumo/lemumo_vits16_llvip-kaistfull04_ep20_bs64_lamb0.1/probings_latest_runs10_cropsize224/rgb_val_features_tbmTrue.pt
🔒 Graine aléatoire fixée à : 48
[RGB]   1/30 | train loss=0.8175 mAP=0.350 | val loss=1.0406 mAP=0.393 | person=0.214 | car=0.370 | bicycle=0.028 | background=0.961
  💾 Meilleur RGB sauvegardé (val mAP=0.393)
[RGB]   2/30 | train loss=0.6963 mAP=0.369 | val loss=1.0120 mAP=0.409 | person=0.233 | car=0.401 | bicycle=0.032 | background=0.969
  💾 Meilleur RGB sauvegardé (val mAP=0.409)
[RGB]   3/30 | train loss=0.6597 mAP=0.380 | val loss=0.9482 mAP=0.416 | person=0.242 | car=0.416 | bicycle=0.033 | background=0.972
  💾 Meilleur RGB sauvegardé (val mAP=0.416)
[RGB]   4/30 | train loss=0.6388 mAP=0.386 | val loss=0.9658 mAP=0.421 | person=0.248 | car=0.428 | bicycle=0.035 | background=0.974
  💾 Meilleur RGB sauvegardé (val mAP=0.421)
[RGB]   5/30 | train loss=0.6245 mAP=0.391 | val loss=0.9196 mAP=0.425 | person=0.254 | car=0.435 | bicycle=0.035 | background=0.975
  💾 Meilleur RGB sauvegardé (val mAP=0.425)
[RGB]   6/30 | train loss=0.6151 mAP=0.394 | val loss=0.8927 mAP=0.429 | person=0.259 | car=0.444 | bicycle=0.036 | background=0.976
  💾 Meilleur RGB sauvegardé (val mAP=0.429)
[RGB]   7/30 | train loss=0.6062 mAP=0.398 | val loss=0.9063 mAP=0.431 | person=0.262 | car=0.447 | bicycle=0.037 | background=0.976
  💾 Meilleur RGB sauvegardé (val mAP=0.431)
[RGB]   8/30 | train loss=0.5996 mAP=0.401 | val loss=0.9003 mAP=0.433 | person=0.266 | car=0.453 | bicycle=0.038 | background=0.977
  💾 Meilleur RGB sauvegardé (val mAP=0.433)
[RGB]   9/30 | train loss=0.5955 mAP=0.403 | val loss=0.9130 mAP=0.435 | person=0.268 | car=0.456 | bicycle=0.039 | background=0.977
  💾 Meilleur RGB sauvegardé (val mAP=0.435)
[RGB]  10/30 | train loss=0.5913 mAP=0.405 | val loss=0.8792 mAP=0.437 | person=0.271 | car=0.459 | bicycle=0.039 | background=0.977
  💾 Meilleur RGB sauvegardé (val mAP=0.437)
[RGB]  11/30 | train loss=0.5873 mAP=0.407 | val loss=0.9283 mAP=0.438 | person=0.273 | car=0.461 | bicycle=0.040 | background=0.977
  💾 Meilleur RGB sauvegardé (val mAP=0.438)
[RGB]  12/30 | train loss=0.5855 mAP=0.408 | val loss=0.9056 mAP=0.439 | person=0.275 | car=0.464 | bicycle=0.040 | background=0.978
  💾 Meilleur RGB sauvegardé (val mAP=0.439)
[RGB]  13/30 | train loss=0.5822 mAP=0.410 | val loss=0.9008 mAP=0.440 | person=0.277 | car=0.466 | bicycle=0.041 | background=0.978
  💾 Meilleur RGB sauvegardé (val mAP=0.440)
[RGB]  14/30 | train loss=0.5798 mAP=0.412 | val loss=0.9075 mAP=0.441 | person=0.278 | car=0.468 | bicycle=0.041 | background=0.978
  💾 Meilleur RGB sauvegardé (val mAP=0.441)
[RGB]  15/30 | train loss=0.5777 mAP=0.413 | val loss=0.8899 mAP=0.442 | person=0.280 | car=0.469 | bicycle=0.041 | background=0.978
  💾 Meilleur RGB sauvegardé (val mAP=0.442)
[RGB]  16/30 | train loss=0.5759 mAP=0.414 | val loss=0.8848 mAP=0.443 | person=0.281 | car=0.472 | bicycle=0.042 | background=0.978
  💾 Meilleur RGB sauvegardé (val mAP=0.443)
[RGB]  17/30 | train loss=0.5746 mAP=0.414 | val loss=0.8829 mAP=0.443 | person=0.282 | car=0.471 | bicycle=0.042 | background=0.978
  💾 Meilleur RGB sauvegardé (val mAP=0.443)
[RGB]  18/30 | train loss=0.5733 mAP=0.415 | val loss=0.9029 mAP=0.444 | person=0.282 | car=0.473 | bicycle=0.042 | background=0.978
  💾 Meilleur RGB sauvegardé (val mAP=0.444)
[RGB]  19/30 | train loss=0.5726 mAP=0.416 | val loss=0.8967 mAP=0.444 | person=0.283 | car=0.474 | bicycle=0.042 | background=0.978
  💾 Meilleur RGB sauvegardé (val mAP=0.444)
[RGB]  20/30 | train loss=0.5716 mAP=0.416 | val loss=0.9004 mAP=0.445 | person=0.283 | car=0.475 | bicycle=0.042 | background=0.978
  💾 Meilleur RGB sauvegardé (val mAP=0.445)
[RGB]  21/30 | train loss=0.5708 mAP=0.417 | val loss=0.8833 mAP=0.445 | person=0.284 | car=0.475 | bicycle=0.043 | background=0.978
  💾 Meilleur RGB sauvegardé (val mAP=0.445)
[RGB]  22/30 | train loss=0.5701 mAP=0.417 | val loss=0.8907 mAP=0.445 | person=0.284 | car=0.475 | bicycle=0.043 | background=0.978
  💾 Meilleur RGB sauvegardé (val mAP=0.445)
[RGB]  23/30 | train loss=0.5700 mAP=0.417 | val loss=0.8913 mAP=0.445 | person=0.285 | car=0.476 | bicycle=0.043 | background=0.978
  💾 Meilleur RGB sauvegardé (val mAP=0.445)
[RGB]  24/30 | train loss=0.5691 mAP=0.418 | val loss=0.8922 mAP=0.445 | person=0.285 | car=0.476 | bicycle=0.043 | background=0.978
  💾 Meilleur RGB sauvegardé (val mAP=0.445)
[RGB]  25/30 | train loss=0.5689 mAP=0.418 | val loss=0.8873 mAP=0.446 | person=0.285 | car=0.477 | bicycle=0.043 | background=0.978
  💾 Meilleur RGB sauvegardé (val mAP=0.446)
[RGB]  26/30 | train loss=0.5685 mAP=0.418 | val loss=0.8905 mAP=0.446 | person=0.285 | car=0.476 | bicycle=0.043 | background=0.978
  💾 Meilleur RGB sauvegardé (val mAP=0.446)
[RGB]  27/30 | train loss=0.5684 mAP=0.418 | val loss=0.8863 mAP=0.446 | person=0.285 | car=0.477 | bicycle=0.043 | background=0.978
  💾 Meilleur RGB sauvegardé (val mAP=0.446)
[RGB]  28/30 | train loss=0.5682 mAP=0.418 | val loss=0.8886 mAP=0.446 | person=0.285 | car=0.477 | bicycle=0.043 | background=0.978
  💾 Meilleur RGB sauvegardé (val mAP=0.446)
[RGB]  29/30 | train loss=0.5681 mAP=0.418 | val loss=0.8886 mAP=0.446 | person=0.285 | car=0.477 | bicycle=0.043 | background=0.978
  💾 Meilleur RGB sauvegardé (val mAP=0.446)
[RGB]  30/30 | train loss=0.5681 mAP=0.418 | val loss=0.8885 mAP=0.446 | person=0.285 | car=0.477 | bicycle=0.043 | background=0.978
  💾 Meilleur RGB sauvegardé (val mAP=0.446)
  📊 Courbe ROC sauvegardée : /home/2023029/PARTAGE/abelgh02/logs/lemumo/lemumo_vits16_llvip-kaistfull04_ep20_bs64_lamb0.1/probings_latest_runs10_cropsize224/roc_curve_rgb.png

✨ SCORES ROC FINAUX POUR RGB (Meilleure Époque) :
METRIC_AUC_RGB_PERSON: 0.8512
METRIC_AUC_RGB_CAR: 0.9024
METRIC_AUC_RGB_BICYCLE: 0.8700
METRIC_AUC_RGB_BACKGROUND: 0.9085

=======================================================
  Linear Probing OFFLINE — mode : IR
=======================================================
[train] mode=ir | 4129 images (0 ignorées) | person=23408 patches | car=70689 patches | bicycle=6911 patches | background=718426 patches
[val] mode=ir | 1013 images (0 ignorées) | person=15537 patches | car=21472 patches | bicycle=1588 patches | background=163479 patches
✅ Le MuMo encoder chargé depuis /home/2023029/PARTAGE/abelgh02/logs/lemumo/lemumo_vits16_llvip-kaistfull04_ep20_bs64_lamb0.1/latest.pt (run lemumo_vits16_llvip-kaistfull04_ep20_bs64_lamb0.1, variant=prune_after_first, ViT-small)
  ⚡ Features déjà extraites trouvées : chargement depuis /home/2023029/PARTAGE/abelgh02/logs/lemumo/lemumo_vits16_llvip-kaistfull04_ep20_bs64_lamb0.1/probings_latest_runs10_cropsize224/ir_train_features_tbmTrue.pt
  ⚡ Features déjà extraites trouvées : chargement depuis /home/2023029/PARTAGE/abelgh02/logs/lemumo/lemumo_vits16_llvip-kaistfull04_ep20_bs64_lamb0.1/probings_latest_runs10_cropsize224/ir_val_features_tbmTrue.pt
🔒 Graine aléatoire fixée à : 48
[IR]   1/30 | train loss=0.7860 mAP=0.364 | val loss=0.8748 mAP=0.433 | person=0.296 | car=0.424 | bicycle=0.042 | background=0.971
  💾 Meilleur IR sauvegardé (val mAP=0.433)
[IR]   2/30 | train loss=0.6107 mAP=0.418 | val loss=0.8577 mAP=0.443 | person=0.320 | car=0.429 | bicycle=0.047 | background=0.975
  💾 Meilleur IR sauvegardé (val mAP=0.443)
[IR]   3/30 | train loss=0.5801 mAP=0.427 | val loss=0.8295 mAP=0.448 | person=0.330 | car=0.435 | bicycle=0.049 | background=0.977
  💾 Meilleur IR sauvegardé (val mAP=0.448)
[IR]   4/30 | train loss=0.5640 mAP=0.434 | val loss=0.8449 mAP=0.451 | person=0.337 | car=0.438 | bicycle=0.051 | background=0.978
  💾 Meilleur IR sauvegardé (val mAP=0.451)
[IR]   5/30 | train loss=0.5532 mAP=0.439 | val loss=0.8088 mAP=0.454 | person=0.345 | car=0.440 | bicycle=0.053 | background=0.978
  💾 Meilleur IR sauvegardé (val mAP=0.454)
[IR]   6/30 | train loss=0.5452 mAP=0.443 | val loss=0.8198 mAP=0.454 | person=0.346 | car=0.440 | bicycle=0.054 | background=0.979
  💾 Meilleur IR sauvegardé (val mAP=0.454)
[IR]   7/30 | train loss=0.5389 mAP=0.445 | val loss=0.8067 mAP=0.457 | person=0.352 | car=0.442 | bicycle=0.054 | background=0.979
  💾 Meilleur IR sauvegardé (val mAP=0.457)
[IR]   8/30 | train loss=0.5333 mAP=0.448 | val loss=0.7978 mAP=0.458 | person=0.354 | car=0.443 | bicycle=0.055 | background=0.979
  💾 Meilleur IR sauvegardé (val mAP=0.458)
[IR]   9/30 | train loss=0.5292 mAP=0.450 | val loss=0.7986 mAP=0.459 | person=0.357 | car=0.444 | bicycle=0.056 | background=0.979
  💾 Meilleur IR sauvegardé (val mAP=0.459)
[IR]  10/30 | train loss=0.5250 mAP=0.454 | val loss=0.7979 mAP=0.460 | person=0.361 | car=0.444 | bicycle=0.056 | background=0.979
  💾 Meilleur IR sauvegardé (val mAP=0.460)
[IR]  11/30 | train loss=0.5217 mAP=0.455 | val loss=0.7996 mAP=0.461 | person=0.361 | car=0.446 | bicycle=0.056 | background=0.980
  💾 Meilleur IR sauvegardé (val mAP=0.461)
[IR]  12/30 | train loss=0.5191 mAP=0.456 | val loss=0.7847 mAP=0.462 | person=0.364 | car=0.447 | bicycle=0.057 | background=0.980
  💾 Meilleur IR sauvegardé (val mAP=0.462)
[IR]  13/30 | train loss=0.5164 mAP=0.458 | val loss=0.7858 mAP=0.462 | person=0.365 | car=0.447 | bicycle=0.058 | background=0.980
  💾 Meilleur IR sauvegardé (val mAP=0.462)
[IR]  14/30 | train loss=0.5150 mAP=0.459 | val loss=0.8072 mAP=0.463 | person=0.366 | car=0.449 | bicycle=0.057 | background=0.980
  💾 Meilleur IR sauvegardé (val mAP=0.463)
[IR]  15/30 | train loss=0.5138 mAP=0.459 | val loss=0.7853 mAP=0.463 | person=0.368 | car=0.448 | bicycle=0.057 | background=0.980
  💾 Meilleur IR sauvegardé (val mAP=0.463)
[IR]  16/30 | train loss=0.5114 mAP=0.461 | val loss=0.7752 mAP=0.464 | person=0.369 | car=0.449 | bicycle=0.058 | background=0.980
  💾 Meilleur IR sauvegardé (val mAP=0.464)
[IR]  17/30 | train loss=0.5102 mAP=0.462 | val loss=0.7765 mAP=0.464 | person=0.370 | car=0.450 | bicycle=0.058 | background=0.980
  💾 Meilleur IR sauvegardé (val mAP=0.464)
[IR]  18/30 | train loss=0.5089 mAP=0.463 | val loss=0.7884 mAP=0.465 | person=0.371 | car=0.450 | bicycle=0.058 | background=0.980
  💾 Meilleur IR sauvegardé (val mAP=0.465)
[IR]  19/30 | train loss=0.5081 mAP=0.463 | val loss=0.7798 mAP=0.465 | person=0.370 | car=0.450 | bicycle=0.058 | background=0.980
[IR]  20/30 | train loss=0.5070 mAP=0.464 | val loss=0.7881 mAP=0.465 | person=0.372 | car=0.450 | bicycle=0.058 | background=0.980
  💾 Meilleur IR sauvegardé (val mAP=0.465)
[IR]  21/30 | train loss=0.5063 mAP=0.465 | val loss=0.7848 mAP=0.465 | person=0.372 | car=0.450 | bicycle=0.058 | background=0.980
  💾 Meilleur IR sauvegardé (val mAP=0.465)
[IR]  22/30 | train loss=0.5058 mAP=0.465 | val loss=0.7810 mAP=0.465 | person=0.373 | car=0.451 | bicycle=0.058 | background=0.980
  💾 Meilleur IR sauvegardé (val mAP=0.465)
[IR]  23/30 | train loss=0.5053 mAP=0.466 | val loss=0.7837 mAP=0.466 | person=0.373 | car=0.451 | bicycle=0.058 | background=0.980
  💾 Meilleur IR sauvegardé (val mAP=0.466)
[IR]  24/30 | train loss=0.5049 mAP=0.466 | val loss=0.7808 mAP=0.466 | person=0.373 | car=0.451 | bicycle=0.058 | background=0.980
[IR]  25/30 | train loss=0.5046 mAP=0.466 | val loss=0.7816 mAP=0.466 | person=0.373 | car=0.451 | bicycle=0.059 | background=0.980
[IR]  26/30 | train loss=0.5044 mAP=0.466 | val loss=0.7812 mAP=0.466 | person=0.373 | car=0.451 | bicycle=0.059 | background=0.980
  💾 Meilleur IR sauvegardé (val mAP=0.466)
[IR]  27/30 | train loss=0.5041 mAP=0.466 | val loss=0.7805 mAP=0.466 | person=0.373 | car=0.451 | bicycle=0.058 | background=0.980
  💾 Meilleur IR sauvegardé (val mAP=0.466)
[IR]  28/30 | train loss=0.5041 mAP=0.466 | val loss=0.7804 mAP=0.466 | person=0.373 | car=0.451 | bicycle=0.059 | background=0.980
[IR]  29/30 | train loss=0.5040 mAP=0.466 | val loss=0.7805 mAP=0.466 | person=0.373 | car=0.451 | bicycle=0.059 | background=0.980
[IR]  30/30 | train loss=0.5039 mAP=0.466 | val loss=0.7805 mAP=0.466 | person=0.373 | car=0.451 | bicycle=0.059 | background=0.980
  📊 Courbe ROC sauvegardée : /home/2023029/PARTAGE/abelgh02/logs/lemumo/lemumo_vits16_llvip-kaistfull04_ep20_bs64_lamb0.1/probings_latest_runs10_cropsize224/roc_curve_ir.png

✨ SCORES ROC FINAUX POUR IR (Meilleure Époque) :
METRIC_AUC_IR_PERSON: 0.8882
METRIC_AUC_IR_CAR: 0.8913
METRIC_AUC_IR_BICYCLE: 0.8925
METRIC_AUC_IR_BACKGROUND: 0.9149

=======================================================
  Linear Probing OFFLINE — mode : BOTH
=======================================================
[train] mode=both | 4129 images (0 ignorées) | person=23408 patches | car=70689 patches | bicycle=6911 patches | background=718426 patches
[val] mode=both | 1013 images (0 ignorées) | person=15537 patches | car=21472 patches | bicycle=1588 patches | background=163479 patches
✅ Le MuMo encoder chargé depuis /home/2023029/PARTAGE/abelgh02/logs/lemumo/lemumo_vits16_llvip-kaistfull04_ep20_bs64_lamb0.1/latest.pt (run lemumo_vits16_llvip-kaistfull04_ep20_bs64_lamb0.1, variant=prune_after_first, ViT-small)
  ⚡ Features déjà extraites trouvées : chargement depuis /home/2023029/PARTAGE/abelgh02/logs/lemumo/lemumo_vits16_llvip-kaistfull04_ep20_bs64_lamb0.1/probings_latest_runs10_cropsize224/both_train_features_tbmTrue.pt
  ⚡ Features déjà extraites trouvées : chargement depuis /home/2023029/PARTAGE/abelgh02/logs/lemumo/lemumo_vits16_llvip-kaistfull04_ep20_bs64_lamb0.1/probings_latest_runs10_cropsize224/both_val_features_tbmTrue.pt
🔒 Graine aléatoire fixée à : 48
[BOTH]   1/30 | train loss=0.6944 mAP=0.395 | val loss=0.8800 mAP=0.445 | person=0.299 | car=0.449 | bicycle=0.051 | background=0.978
  💾 Meilleur BOTH sauvegardé (val mAP=0.445)
[BOTH]   2/30 | train loss=0.5533 mAP=0.436 | val loss=0.8151 mAP=0.462 | person=0.332 | car=0.479 | bicycle=0.056 | background=0.981
  💾 Meilleur BOTH sauvegardé (val mAP=0.462)
[BOTH]   3/30 | train loss=0.5269 mAP=0.450 | val loss=0.7759 mAP=0.471 | person=0.348 | car=0.494 | bicycle=0.058 | background=0.982
  💾 Meilleur BOTH sauvegardé (val mAP=0.471)
[BOTH]   4/30 | train loss=0.5121 mAP=0.461 | val loss=0.7935 mAP=0.474 | person=0.353 | car=0.502 | bicycle=0.058 | background=0.983
  💾 Meilleur BOTH sauvegardé (val mAP=0.474)
[BOTH]   5/30 | train loss=0.5023 mAP=0.468 | val loss=0.7624 mAP=0.478 | person=0.365 | car=0.507 | bicycle=0.059 | background=0.983
  💾 Meilleur BOTH sauvegardé (val mAP=0.478)
[BOTH]   6/30 | train loss=0.4941 mAP=0.474 | val loss=0.7547 mAP=0.482 | person=0.370 | car=0.513 | bicycle=0.060 | background=0.983
  💾 Meilleur BOTH sauvegardé (val mAP=0.482)
[BOTH]   7/30 | train loss=0.4874 mAP=0.480 | val loss=0.7476 mAP=0.484 | person=0.376 | car=0.515 | bicycle=0.060 | background=0.984
  💾 Meilleur BOTH sauvegardé (val mAP=0.484)
[BOTH]   8/30 | train loss=0.4820 mAP=0.485 | val loss=0.7468 mAP=0.485 | person=0.378 | car=0.516 | bicycle=0.061 | background=0.984
  💾 Meilleur BOTH sauvegardé (val mAP=0.485)
[BOTH]   9/30 | train loss=0.4788 mAP=0.487 | val loss=0.7497 mAP=0.487 | person=0.383 | car=0.519 | bicycle=0.061 | background=0.984
  💾 Meilleur BOTH sauvegardé (val mAP=0.487)
[BOTH]  10/30 | train loss=0.4740 mAP=0.491 | val loss=0.7428 mAP=0.488 | person=0.386 | car=0.522 | bicycle=0.062 | background=0.984
  💾 Meilleur BOTH sauvegardé (val mAP=0.488)
[BOTH]  11/30 | train loss=0.4713 mAP=0.492 | val loss=0.7513 mAP=0.490 | person=0.389 | car=0.524 | bicycle=0.061 | background=0.984
  💾 Meilleur BOTH sauvegardé (val mAP=0.490)
[BOTH]  12/30 | train loss=0.4683 mAP=0.496 | val loss=0.7583 mAP=0.490 | person=0.389 | car=0.525 | bicycle=0.062 | background=0.984
  💾 Meilleur BOTH sauvegardé (val mAP=0.490)
[BOTH]  13/30 | train loss=0.4668 mAP=0.496 | val loss=0.7625 mAP=0.490 | person=0.391 | car=0.525 | bicycle=0.062 | background=0.984
  💾 Meilleur BOTH sauvegardé (val mAP=0.490)
[BOTH]  14/30 | train loss=0.4641 mAP=0.499 | val loss=0.7352 mAP=0.491 | person=0.392 | car=0.527 | bicycle=0.063 | background=0.984
  💾 Meilleur BOTH sauvegardé (val mAP=0.491)
[BOTH]  15/30 | train loss=0.4619 mAP=0.501 | val loss=0.7337 mAP=0.491 | person=0.391 | car=0.527 | bicycle=0.062 | background=0.984
[BOTH]  16/30 | train loss=0.4611 mAP=0.501 | val loss=0.7413 mAP=0.493 | person=0.396 | car=0.529 | bicycle=0.063 | background=0.984
  💾 Meilleur BOTH sauvegardé (val mAP=0.493)
[BOTH]  17/30 | train loss=0.4596 mAP=0.503 | val loss=0.7612 mAP=0.493 | person=0.396 | car=0.529 | bicycle=0.063 | background=0.985
  💾 Meilleur BOTH sauvegardé (val mAP=0.493)
[BOTH]  18/30 | train loss=0.4580 mAP=0.504 | val loss=0.7216 mAP=0.493 | person=0.397 | car=0.529 | bicycle=0.063 | background=0.985
  💾 Meilleur BOTH sauvegardé (val mAP=0.493)
[BOTH]  19/30 | train loss=0.4573 mAP=0.505 | val loss=0.7359 mAP=0.494 | person=0.397 | car=0.530 | bicycle=0.063 | background=0.985
  💾 Meilleur BOTH sauvegardé (val mAP=0.494)
[BOTH]  20/30 | train loss=0.4558 mAP=0.506 | val loss=0.7226 mAP=0.494 | person=0.398 | car=0.530 | bicycle=0.063 | background=0.985
  💾 Meilleur BOTH sauvegardé (val mAP=0.494)
[BOTH]  21/30 | train loss=0.4559 mAP=0.505 | val loss=0.7184 mAP=0.494 | person=0.399 | car=0.530 | bicycle=0.063 | background=0.985
  💾 Meilleur BOTH sauvegardé (val mAP=0.494)
[BOTH]  22/30 | train loss=0.4550 mAP=0.506 | val loss=0.7198 mAP=0.495 | person=0.401 | car=0.531 | bicycle=0.063 | background=0.985
  💾 Meilleur BOTH sauvegardé (val mAP=0.495)
[BOTH]  23/30 | train loss=0.4543 mAP=0.508 | val loss=0.7261 mAP=0.495 | person=0.401 | car=0.531 | bicycle=0.063 | background=0.985
  💾 Meilleur BOTH sauvegardé (val mAP=0.495)
[BOTH]  24/30 | train loss=0.4539 mAP=0.508 | val loss=0.7242 mAP=0.495 | person=0.400 | car=0.532 | bicycle=0.063 | background=0.985
[BOTH]  25/30 | train loss=0.4534 mAP=0.509 | val loss=0.7323 mAP=0.495 | person=0.400 | car=0.532 | bicycle=0.063 | background=0.985
[BOTH]  26/30 | train loss=0.4531 mAP=0.509 | val loss=0.7297 mAP=0.495 | person=0.400 | car=0.532 | bicycle=0.063 | background=0.985
[BOTH]  27/30 | train loss=0.4530 mAP=0.509 | val loss=0.7302 mAP=0.495 | person=0.400 | car=0.532 | bicycle=0.063 | background=0.985
  💾 Meilleur BOTH sauvegardé (val mAP=0.495)
[BOTH]  28/30 | train loss=0.4528 mAP=0.509 | val loss=0.7297 mAP=0.495 | person=0.400 | car=0.532 | bicycle=0.063 | background=0.985
[BOTH]  29/30 | train loss=0.4527 mAP=0.509 | val loss=0.7292 mAP=0.495 | person=0.400 | car=0.532 | bicycle=0.063 | background=0.985
  💾 Meilleur BOTH sauvegardé (val mAP=0.495)
[BOTH]  30/30 | train loss=0.4526 mAP=0.509 | val loss=0.7292 mAP=0.495 | person=0.400 | car=0.532 | bicycle=0.063 | background=0.985
  💾 Meilleur BOTH sauvegardé (val mAP=0.495)
  📊 Courbe ROC sauvegardée : /home/2023029/PARTAGE/abelgh02/logs/lemumo/lemumo_vits16_llvip-kaistfull04_ep20_bs64_lamb0.1/probings_latest_runs10_cropsize224/roc_curve_both.png

✨ SCORES ROC FINAUX POUR BOTH (Meilleure Époque) :
METRIC_AUC_BOTH_PERSON: 0.8963
METRIC_AUC_BOTH_CAR: 0.9182
METRIC_AUC_BOTH_BICYCLE: 0.9059
METRIC_AUC_BOTH_BACKGROUND: 0.9331

=======================================================
  Linear Probing OFFLINE — mode : JOINT
=======================================================
[train] mode=joint | 4129 images (0 ignorées) | person=23408 patches | car=70689 patches | bicycle=6911 patches | background=718426 patches
[val] mode=joint | 1013 images (0 ignorées) | person=15537 patches | car=21472 patches | bicycle=1588 patches | background=163479 patches
✅ Le MuMo encoder chargé depuis /home/2023029/PARTAGE/abelgh02/logs/lemumo/lemumo_vits16_llvip-kaistfull04_ep20_bs64_lamb0.1/latest.pt (run lemumo_vits16_llvip-kaistfull04_ep20_bs64_lamb0.1, variant=prune_after_first, ViT-small)
  ⚡ Features déjà extraites trouvées : chargement depuis /home/2023029/PARTAGE/abelgh02/logs/lemumo/lemumo_vits16_llvip-kaistfull04_ep20_bs64_lamb0.1/probings_latest_runs10_cropsize224/joint_train_features_tbmTrue.pt
  ⚡ Features déjà extraites trouvées : chargement depuis /home/2023029/PARTAGE/abelgh02/logs/lemumo/lemumo_vits16_llvip-kaistfull04_ep20_bs64_lamb0.1/probings_latest_runs10_cropsize224/joint_val_features_tbmTrue.pt
🔒 Graine aléatoire fixée à : 48
[JOINT]   1/30 | train loss=0.7747 mAP=0.364 | val loss=0.8853 mAP=0.426 | person=0.279 | car=0.410 | bicycle=0.044 | background=0.972
  💾 Meilleur JOINT sauvegardé (val mAP=0.426)
[JOINT]   2/30 | train loss=0.5972 mAP=0.419 | val loss=0.8625 mAP=0.441 | person=0.303 | car=0.436 | bicycle=0.049 | background=0.977
  💾 Meilleur JOINT sauvegardé (val mAP=0.441)
[JOINT]   3/30 | train loss=0.5632 mAP=0.432 | val loss=0.8130 mAP=0.451 | person=0.317 | car=0.454 | bicycle=0.053 | background=0.979
  💾 Meilleur JOINT sauvegardé (val mAP=0.451)
[JOINT]   4/30 | train loss=0.5466 mAP=0.440 | val loss=0.8239 mAP=0.455 | person=0.321 | car=0.464 | bicycle=0.053 | background=0.979
  💾 Meilleur JOINT sauvegardé (val mAP=0.455)
[JOINT]   5/30 | train loss=0.5357 mAP=0.445 | val loss=0.8160 mAP=0.460 | person=0.331 | car=0.472 | bicycle=0.055 | background=0.980
  💾 Meilleur JOINT sauvegardé (val mAP=0.460)
[JOINT]   6/30 | train loss=0.5276 mAP=0.451 | val loss=0.8052 mAP=0.462 | person=0.334 | car=0.477 | bicycle=0.056 | background=0.981
  💾 Meilleur JOINT sauvegardé (val mAP=0.462)
[JOINT]   7/30 | train loss=0.5214 mAP=0.453 | val loss=0.8110 mAP=0.464 | person=0.337 | car=0.480 | bicycle=0.057 | background=0.981
  💾 Meilleur JOINT sauvegardé (val mAP=0.464)
[JOINT]   8/30 | train loss=0.5162 mAP=0.457 | val loss=0.7910 mAP=0.466 | person=0.341 | car=0.484 | bicycle=0.059 | background=0.981
  💾 Meilleur JOINT sauvegardé (val mAP=0.466)
[JOINT]   9/30 | train loss=0.5127 mAP=0.459 | val loss=0.7974 mAP=0.467 | person=0.344 | car=0.485 | bicycle=0.058 | background=0.981
  💾 Meilleur JOINT sauvegardé (val mAP=0.467)
[JOINT]  10/30 | train loss=0.5091 mAP=0.461 | val loss=0.8070 mAP=0.468 | person=0.345 | car=0.488 | bicycle=0.059 | background=0.982
  💾 Meilleur JOINT sauvegardé (val mAP=0.468)
[JOINT]  11/30 | train loss=0.5066 mAP=0.463 | val loss=0.7912 mAP=0.469 | person=0.345 | car=0.490 | bicycle=0.060 | background=0.982
  💾 Meilleur JOINT sauvegardé (val mAP=0.469)
[JOINT]  12/30 | train loss=0.5031 mAP=0.466 | val loss=0.7955 mAP=0.470 | person=0.347 | car=0.491 | bicycle=0.060 | background=0.982
  💾 Meilleur JOINT sauvegardé (val mAP=0.470)
[JOINT]  13/30 | train loss=0.5010 mAP=0.467 | val loss=0.7860 mAP=0.471 | person=0.350 | car=0.492 | bicycle=0.060 | background=0.982
  💾 Meilleur JOINT sauvegardé (val mAP=0.471)
[JOINT]  14/30 | train loss=0.4994 mAP=0.468 | val loss=0.7904 mAP=0.472 | person=0.351 | car=0.493 | bicycle=0.061 | background=0.982
  💾 Meilleur JOINT sauvegardé (val mAP=0.472)
[JOINT]  15/30 | train loss=0.4972 mAP=0.470 | val loss=0.7731 mAP=0.472 | person=0.352 | car=0.494 | bicycle=0.061 | background=0.982
  💾 Meilleur JOINT sauvegardé (val mAP=0.472)
[JOINT]  16/30 | train loss=0.4960 mAP=0.471 | val loss=0.7756 mAP=0.473 | person=0.354 | car=0.495 | bicycle=0.061 | background=0.982
  💾 Meilleur JOINT sauvegardé (val mAP=0.473)
[JOINT]  17/30 | train loss=0.4952 mAP=0.472 | val loss=0.7805 mAP=0.473 | person=0.353 | car=0.496 | bicycle=0.061 | background=0.982
[JOINT]  18/30 | train loss=0.4934 mAP=0.473 | val loss=0.7850 mAP=0.473 | person=0.353 | car=0.496 | bicycle=0.060 | background=0.982
[JOINT]  19/30 | train loss=0.4927 mAP=0.474 | val loss=0.7786 mAP=0.474 | person=0.355 | car=0.497 | bicycle=0.061 | background=0.982
  💾 Meilleur JOINT sauvegardé (val mAP=0.474)
[JOINT]  20/30 | train loss=0.4917 mAP=0.474 | val loss=0.7824 mAP=0.473 | person=0.353 | car=0.497 | bicycle=0.061 | background=0.982
[JOINT]  21/30 | train loss=0.4911 mAP=0.475 | val loss=0.7759 mAP=0.474 | person=0.356 | car=0.497 | bicycle=0.061 | background=0.982
  💾 Meilleur JOINT sauvegardé (val mAP=0.474)
[JOINT]  22/30 | train loss=0.4906 mAP=0.475 | val loss=0.7762 mAP=0.474 | person=0.356 | car=0.498 | bicycle=0.061 | background=0.982
  💾 Meilleur JOINT sauvegardé (val mAP=0.474)
[JOINT]  23/30 | train loss=0.4901 mAP=0.476 | val loss=0.7805 mAP=0.474 | person=0.356 | car=0.498 | bicycle=0.061 | background=0.983
[JOINT]  24/30 | train loss=0.4897 mAP=0.476 | val loss=0.7756 mAP=0.474 | person=0.356 | car=0.498 | bicycle=0.061 | background=0.983
  💾 Meilleur JOINT sauvegardé (val mAP=0.474)
[JOINT]  25/30 | train loss=0.4894 mAP=0.476 | val loss=0.7766 mAP=0.475 | person=0.357 | car=0.498 | bicycle=0.061 | background=0.983
  💾 Meilleur JOINT sauvegardé (val mAP=0.475)
[JOINT]  26/30 | train loss=0.4892 mAP=0.476 | val loss=0.7767 mAP=0.475 | person=0.357 | car=0.498 | bicycle=0.061 | background=0.983
  💾 Meilleur JOINT sauvegardé (val mAP=0.475)
[JOINT]  27/30 | train loss=0.4890 mAP=0.476 | val loss=0.7748 mAP=0.475 | person=0.357 | car=0.498 | bicycle=0.061 | background=0.983
[JOINT]  28/30 | train loss=0.4889 mAP=0.477 | val loss=0.7750 mAP=0.475 | person=0.357 | car=0.498 | bicycle=0.061 | background=0.983
  💾 Meilleur JOINT sauvegardé (val mAP=0.475)
[JOINT]  29/30 | train loss=0.4888 mAP=0.477 | val loss=0.7753 mAP=0.475 | person=0.357 | car=0.498 | bicycle=0.061 | background=0.983
  💾 Meilleur JOINT sauvegardé (val mAP=0.475)
[JOINT]  30/30 | train loss=0.4888 mAP=0.477 | val loss=0.7753 mAP=0.475 | person=0.357 | car=0.498 | bicycle=0.061 | background=0.983
  💾 Meilleur JOINT sauvegardé (val mAP=0.475)
  📊 Courbe ROC sauvegardée : /home/2023029/PARTAGE/abelgh02/logs/lemumo/lemumo_vits16_llvip-kaistfull04_ep20_bs64_lamb0.1/probings_latest_runs10_cropsize224/roc_curve_joint.png

✨ SCORES ROC FINAUX POUR JOINT (Meilleure Époque) :
METRIC_AUC_JOINT_PERSON: 0.8859
METRIC_AUC_JOINT_CAR: 0.9088
METRIC_AUC_JOINT_BICYCLE: 0.8924
METRIC_AUC_JOINT_BACKGROUND: 0.9246

=======================================================
  RÉSUMÉ FINAL — Linear Probing JEPA sur FLIR Aligned
=======================================================
  RGB   │ █████████████                  │ mAP=0.446
  IR    │ █████████████                  │ mAP=0.466
  BOTH  │ ██████████████                 │ mAP=0.495
  JOINT │ ██████████████                 │ mAP=0.475
=======================================================

✅ mAP RGB ≈ mAP IR (gap < 5%) → le target_encoder aligne bien les deux modalités.
ℹ️  La fusion apporte +0.029 → les modalités restent complémentaires.

▶️  RUN 7/10 | cuda:0 | Seed: 49

=======================================================
  Linear Probing OFFLINE — mode : RGB
=======================================================
[train] mode=rgb | 4129 images (0 ignorées) | person=23408 patches | car=70689 patches | bicycle=6911 patches | background=718426 patches
[val] mode=rgb | 1013 images (0 ignorées) | person=15537 patches | car=21472 patches | bicycle=1588 patches | background=163479 patches
✅ Le MuMo encoder chargé depuis /home/2023029/PARTAGE/abelgh02/logs/lemumo/lemumo_vits16_llvip-kaistfull04_ep20_bs64_lamb0.1/latest.pt (run lemumo_vits16_llvip-kaistfull04_ep20_bs64_lamb0.1, variant=prune_after_first, ViT-small)
  ⚡ Features déjà extraites trouvées : chargement depuis /home/2023029/PARTAGE/abelgh02/logs/lemumo/lemumo_vits16_llvip-kaistfull04_ep20_bs64_lamb0.1/probings_latest_runs10_cropsize224/rgb_train_features_tbmTrue.pt
  ⚡ Features déjà extraites trouvées : chargement depuis /home/2023029/PARTAGE/abelgh02/logs/lemumo/lemumo_vits16_llvip-kaistfull04_ep20_bs64_lamb0.1/probings_latest_runs10_cropsize224/rgb_val_features_tbmTrue.pt
🔒 Graine aléatoire fixée à : 49
[RGB]   1/30 | train loss=0.8434 mAP=0.341 | val loss=1.0101 mAP=0.391 | person=0.213 | car=0.353 | bicycle=0.031 | background=0.966
  💾 Meilleur RGB sauvegardé (val mAP=0.391)
[RGB]   2/30 | train loss=0.7016 mAP=0.366 | val loss=1.0108 mAP=0.405 | person=0.232 | car=0.384 | bicycle=0.033 | background=0.971
  💾 Meilleur RGB sauvegardé (val mAP=0.405)
[RGB]   3/30 | train loss=0.6653 mAP=0.376 | val loss=0.9575 mAP=0.412 | person=0.241 | car=0.399 | bicycle=0.034 | background=0.974
  💾 Meilleur RGB sauvegardé (val mAP=0.412)
[RGB]   4/30 | train loss=0.6451 mAP=0.382 | val loss=0.9317 mAP=0.417 | person=0.248 | car=0.410 | bicycle=0.035 | background=0.975
  💾 Meilleur RGB sauvegardé (val mAP=0.417)
[RGB]   5/30 | train loss=0.6293 mAP=0.387 | val loss=0.9243 mAP=0.421 | person=0.254 | car=0.420 | bicycle=0.036 | background=0.976
  💾 Meilleur RGB sauvegardé (val mAP=0.421)
[RGB]   6/30 | train loss=0.6180 mAP=0.391 | val loss=0.9245 mAP=0.425 | person=0.259 | car=0.427 | bicycle=0.036 | background=0.976
  💾 Meilleur RGB sauvegardé (val mAP=0.425)
[RGB]   7/30 | train loss=0.6097 mAP=0.395 | val loss=0.9331 mAP=0.427 | person=0.262 | car=0.434 | bicycle=0.037 | background=0.977
  💾 Meilleur RGB sauvegardé (val mAP=0.427)
[RGB]   8/30 | train loss=0.6041 mAP=0.397 | val loss=0.8929 mAP=0.430 | person=0.266 | car=0.438 | bicycle=0.038 | background=0.977
  💾 Meilleur RGB sauvegardé (val mAP=0.430)
[RGB]   9/30 | train loss=0.5984 mAP=0.400 | val loss=0.8950 mAP=0.433 | person=0.270 | car=0.445 | bicycle=0.039 | background=0.977
  💾 Meilleur RGB sauvegardé (val mAP=0.433)
[RGB]  10/30 | train loss=0.5940 mAP=0.402 | val loss=0.9083 mAP=0.434 | person=0.271 | car=0.447 | bicycle=0.039 | background=0.977
  💾 Meilleur RGB sauvegardé (val mAP=0.434)
[RGB]  11/30 | train loss=0.5904 mAP=0.404 | val loss=0.8922 mAP=0.435 | person=0.274 | car=0.451 | bicycle=0.040 | background=0.978
  💾 Meilleur RGB sauvegardé (val mAP=0.435)
[RGB]  12/30 | train loss=0.5873 mAP=0.406 | val loss=0.8895 mAP=0.437 | person=0.276 | car=0.453 | bicycle=0.040 | background=0.978
  💾 Meilleur RGB sauvegardé (val mAP=0.437)
[RGB]  13/30 | train loss=0.5843 mAP=0.408 | val loss=0.9029 mAP=0.438 | person=0.277 | car=0.456 | bicycle=0.041 | background=0.978
  💾 Meilleur RGB sauvegardé (val mAP=0.438)
[RGB]  14/30 | train loss=0.5818 mAP=0.409 | val loss=0.8916 mAP=0.439 | person=0.279 | car=0.458 | bicycle=0.041 | background=0.978
  💾 Meilleur RGB sauvegardé (val mAP=0.439)
[RGB]  15/30 | train loss=0.5799 mAP=0.410 | val loss=0.8970 mAP=0.440 | person=0.280 | car=0.461 | bicycle=0.041 | background=0.978
  💾 Meilleur RGB sauvegardé (val mAP=0.440)
[RGB]  16/30 | train loss=0.5782 mAP=0.411 | val loss=0.9015 mAP=0.441 | person=0.281 | car=0.464 | bicycle=0.042 | background=0.978
  💾 Meilleur RGB sauvegardé (val mAP=0.441)
[RGB]  17/30 | train loss=0.5765 mAP=0.412 | val loss=0.8658 mAP=0.442 | person=0.282 | car=0.464 | bicycle=0.042 | background=0.978
  💾 Meilleur RGB sauvegardé (val mAP=0.442)
[RGB]  18/30 | train loss=0.5753 mAP=0.413 | val loss=0.8918 mAP=0.442 | person=0.283 | car=0.465 | bicycle=0.043 | background=0.978
  💾 Meilleur RGB sauvegardé (val mAP=0.442)
[RGB]  19/30 | train loss=0.5744 mAP=0.414 | val loss=0.8895 mAP=0.443 | person=0.283 | car=0.466 | bicycle=0.043 | background=0.978
  💾 Meilleur RGB sauvegardé (val mAP=0.443)
[RGB]  20/30 | train loss=0.5736 mAP=0.414 | val loss=0.8863 mAP=0.443 | person=0.284 | car=0.467 | bicycle=0.043 | background=0.978
  💾 Meilleur RGB sauvegardé (val mAP=0.443)
[RGB]  21/30 | train loss=0.5726 mAP=0.415 | val loss=0.8836 mAP=0.443 | person=0.284 | car=0.468 | bicycle=0.043 | background=0.978
  💾 Meilleur RGB sauvegardé (val mAP=0.443)
[RGB]  22/30 | train loss=0.5718 mAP=0.415 | val loss=0.8812 mAP=0.444 | person=0.285 | car=0.469 | bicycle=0.043 | background=0.978
  💾 Meilleur RGB sauvegardé (val mAP=0.444)
[RGB]  23/30 | train loss=0.5717 mAP=0.415 | val loss=0.8774 mAP=0.444 | person=0.285 | car=0.469 | bicycle=0.043 | background=0.978
  💾 Meilleur RGB sauvegardé (val mAP=0.444)
[RGB]  24/30 | train loss=0.5709 mAP=0.416 | val loss=0.8877 mAP=0.444 | person=0.285 | car=0.469 | bicycle=0.043 | background=0.979
  💾 Meilleur RGB sauvegardé (val mAP=0.444)
[RGB]  25/30 | train loss=0.5705 mAP=0.416 | val loss=0.8873 mAP=0.444 | person=0.285 | car=0.470 | bicycle=0.043 | background=0.979
  💾 Meilleur RGB sauvegardé (val mAP=0.444)
[RGB]  26/30 | train loss=0.5702 mAP=0.416 | val loss=0.8882 mAP=0.444 | person=0.285 | car=0.470 | bicycle=0.043 | background=0.979
  💾 Meilleur RGB sauvegardé (val mAP=0.444)
[RGB]  27/30 | train loss=0.5700 mAP=0.416 | val loss=0.8879 mAP=0.444 | person=0.285 | car=0.470 | bicycle=0.043 | background=0.979
  💾 Meilleur RGB sauvegardé (val mAP=0.444)
[RGB]  28/30 | train loss=0.5699 mAP=0.416 | val loss=0.8869 mAP=0.444 | person=0.285 | car=0.470 | bicycle=0.043 | background=0.979
  💾 Meilleur RGB sauvegardé (val mAP=0.444)
[RGB]  29/30 | train loss=0.5699 mAP=0.416 | val loss=0.8892 mAP=0.444 | person=0.285 | car=0.470 | bicycle=0.043 | background=0.979
  💾 Meilleur RGB sauvegardé (val mAP=0.444)
[RGB]  30/30 | train loss=0.5698 mAP=0.416 | val loss=0.8892 mAP=0.444 | person=0.285 | car=0.470 | bicycle=0.043 | background=0.979
  💾 Meilleur RGB sauvegardé (val mAP=0.444)
  📊 Courbe ROC sauvegardée : /home/2023029/PARTAGE/abelgh02/logs/lemumo/lemumo_vits16_llvip-kaistfull04_ep20_bs64_lamb0.1/probings_latest_runs10_cropsize224/roc_curve_rgb.png

✨ SCORES ROC FINAUX POUR RGB (Meilleure Époque) :
METRIC_AUC_RGB_PERSON: 0.8504
METRIC_AUC_RGB_CAR: 0.9014
METRIC_AUC_RGB_BICYCLE: 0.8706
METRIC_AUC_RGB_BACKGROUND: 0.9088

=======================================================
  Linear Probing OFFLINE — mode : IR
=======================================================
[train] mode=ir | 4129 images (0 ignorées) | person=23408 patches | car=70689 patches | bicycle=6911 patches | background=718426 patches
[val] mode=ir | 1013 images (0 ignorées) | person=15537 patches | car=21472 patches | bicycle=1588 patches | background=163479 patches
✅ Le MuMo encoder chargé depuis /home/2023029/PARTAGE/abelgh02/logs/lemumo/lemumo_vits16_llvip-kaistfull04_ep20_bs64_lamb0.1/latest.pt (run lemumo_vits16_llvip-kaistfull04_ep20_bs64_lamb0.1, variant=prune_after_first, ViT-small)
  ⚡ Features déjà extraites trouvées : chargement depuis /home/2023029/PARTAGE/abelgh02/logs/lemumo/lemumo_vits16_llvip-kaistfull04_ep20_bs64_lamb0.1/probings_latest_runs10_cropsize224/ir_train_features_tbmTrue.pt
  ⚡ Features déjà extraites trouvées : chargement depuis /home/2023029/PARTAGE/abelgh02/logs/lemumo/lemumo_vits16_llvip-kaistfull04_ep20_bs64_lamb0.1/probings_latest_runs10_cropsize224/ir_val_features_tbmTrue.pt
🔒 Graine aléatoire fixée à : 49
[IR]   1/30 | train loss=0.7622 mAP=0.381 | val loss=0.8807 mAP=0.433 | person=0.282 | car=0.436 | bicycle=0.040 | background=0.973
  💾 Meilleur IR sauvegardé (val mAP=0.433)
[IR]   2/30 | train loss=0.6082 mAP=0.419 | val loss=0.8516 mAP=0.442 | person=0.308 | car=0.439 | bicycle=0.045 | background=0.976
  💾 Meilleur IR sauvegardé (val mAP=0.442)
[IR]   3/30 | train loss=0.5779 mAP=0.427 | val loss=0.8318 mAP=0.448 | person=0.325 | car=0.441 | bicycle=0.048 | background=0.977
  💾 Meilleur IR sauvegardé (val mAP=0.448)
[IR]   4/30 | train loss=0.5625 mAP=0.434 | val loss=0.8371 mAP=0.451 | person=0.334 | car=0.441 | bicycle=0.050 | background=0.978
  💾 Meilleur IR sauvegardé (val mAP=0.451)
[IR]   5/30 | train loss=0.5521 mAP=0.438 | val loss=0.8205 mAP=0.453 | person=0.341 | car=0.442 | bicycle=0.051 | background=0.979
  💾 Meilleur IR sauvegardé (val mAP=0.453)
[IR]   6/30 | train loss=0.5439 mAP=0.442 | val loss=0.8182 mAP=0.455 | person=0.346 | car=0.443 | bicycle=0.052 | background=0.979
  💾 Meilleur IR sauvegardé (val mAP=0.455)
[IR]   7/30 | train loss=0.5370 mAP=0.446 | val loss=0.8019 mAP=0.456 | person=0.349 | car=0.442 | bicycle=0.053 | background=0.979
  💾 Meilleur IR sauvegardé (val mAP=0.456)
[IR]   8/30 | train loss=0.5322 mAP=0.449 | val loss=0.7989 mAP=0.457 | person=0.353 | car=0.444 | bicycle=0.053 | background=0.979
  💾 Meilleur IR sauvegardé (val mAP=0.457)
[IR]   9/30 | train loss=0.5282 mAP=0.450 | val loss=0.8130 mAP=0.458 | person=0.355 | car=0.444 | bicycle=0.054 | background=0.980
  💾 Meilleur IR sauvegardé (val mAP=0.458)
[IR]  10/30 | train loss=0.5243 mAP=0.453 | val loss=0.7978 mAP=0.459 | person=0.357 | car=0.445 | bicycle=0.055 | background=0.980
  💾 Meilleur IR sauvegardé (val mAP=0.459)
[IR]  11/30 | train loss=0.5212 mAP=0.455 | val loss=0.8126 mAP=0.460 | person=0.361 | car=0.446 | bicycle=0.055 | background=0.980
  💾 Meilleur IR sauvegardé (val mAP=0.460)
[IR]  12/30 | train loss=0.5190 mAP=0.456 | val loss=0.7952 mAP=0.461 | person=0.361 | car=0.447 | bicycle=0.055 | background=0.980
  💾 Meilleur IR sauvegardé (val mAP=0.461)
[IR]  13/30 | train loss=0.5167 mAP=0.457 | val loss=0.7853 mAP=0.462 | person=0.364 | car=0.449 | bicycle=0.056 | background=0.980
  💾 Meilleur IR sauvegardé (val mAP=0.462)
[IR]  14/30 | train loss=0.5143 mAP=0.459 | val loss=0.7867 mAP=0.462 | person=0.365 | car=0.448 | bicycle=0.056 | background=0.980
  💾 Meilleur IR sauvegardé (val mAP=0.462)
[IR]  15/30 | train loss=0.5125 mAP=0.460 | val loss=0.7835 mAP=0.463 | person=0.367 | car=0.449 | bicycle=0.056 | background=0.980
  💾 Meilleur IR sauvegardé (val mAP=0.463)
[IR]  16/30 | train loss=0.5115 mAP=0.460 | val loss=0.7844 mAP=0.463 | person=0.368 | car=0.450 | bicycle=0.056 | background=0.980
  💾 Meilleur IR sauvegardé (val mAP=0.463)
[IR]  17/30 | train loss=0.5097 mAP=0.462 | val loss=0.7820 mAP=0.464 | person=0.369 | car=0.450 | bicycle=0.057 | background=0.980
  💾 Meilleur IR sauvegardé (val mAP=0.464)
[IR]  18/30 | train loss=0.5088 mAP=0.462 | val loss=0.7818 mAP=0.465 | person=0.371 | car=0.451 | bicycle=0.057 | background=0.980
  💾 Meilleur IR sauvegardé (val mAP=0.465)
[IR]  19/30 | train loss=0.5079 mAP=0.463 | val loss=0.7882 mAP=0.464 | person=0.369 | car=0.451 | bicycle=0.057 | background=0.980
[IR]  20/30 | train loss=0.5068 mAP=0.464 | val loss=0.7887 mAP=0.465 | person=0.370 | car=0.451 | bicycle=0.057 | background=0.980
[IR]  21/30 | train loss=0.5065 mAP=0.464 | val loss=0.7806 mAP=0.465 | person=0.372 | car=0.451 | bicycle=0.057 | background=0.980
  💾 Meilleur IR sauvegardé (val mAP=0.465)
[IR]  22/30 | train loss=0.5056 mAP=0.465 | val loss=0.7792 mAP=0.465 | person=0.372 | car=0.452 | bicycle=0.057 | background=0.980
  💾 Meilleur IR sauvegardé (val mAP=0.465)
[IR]  23/30 | train loss=0.5051 mAP=0.465 | val loss=0.7865 mAP=0.465 | person=0.372 | car=0.451 | bicycle=0.058 | background=0.980
  💾 Meilleur IR sauvegardé (val mAP=0.465)
[IR]  24/30 | train loss=0.5047 mAP=0.465 | val loss=0.7801 mAP=0.465 | person=0.372 | car=0.452 | bicycle=0.057 | background=0.980
  💾 Meilleur IR sauvegardé (val mAP=0.465)
[IR]  25/30 | train loss=0.5045 mAP=0.466 | val loss=0.7806 mAP=0.466 | person=0.373 | car=0.452 | bicycle=0.057 | background=0.980
  💾 Meilleur IR sauvegardé (val mAP=0.466)
[IR]  26/30 | train loss=0.5043 mAP=0.466 | val loss=0.7813 mAP=0.465 | person=0.372 | car=0.452 | bicycle=0.057 | background=0.980
[IR]  27/30 | train loss=0.5041 mAP=0.466 | val loss=0.7823 mAP=0.466 | person=0.373 | car=0.452 | bicycle=0.058 | background=0.980
  💾 Meilleur IR sauvegardé (val mAP=0.466)
[IR]  28/30 | train loss=0.5040 mAP=0.466 | val loss=0.7826 mAP=0.466 | person=0.372 | car=0.452 | bicycle=0.058 | background=0.980
[IR]  29/30 | train loss=0.5039 mAP=0.466 | val loss=0.7817 mAP=0.466 | person=0.373 | car=0.452 | bicycle=0.058 | background=0.980
  💾 Meilleur IR sauvegardé (val mAP=0.466)
[IR]  30/30 | train loss=0.5039 mAP=0.466 | val loss=0.7818 mAP=0.466 | person=0.373 | car=0.452 | bicycle=0.058 | background=0.980
  💾 Meilleur IR sauvegardé (val mAP=0.466)
  📊 Courbe ROC sauvegardée : /home/2023029/PARTAGE/abelgh02/logs/lemumo/lemumo_vits16_llvip-kaistfull04_ep20_bs64_lamb0.1/probings_latest_runs10_cropsize224/roc_curve_ir.png

✨ SCORES ROC FINAUX POUR IR (Meilleure Époque) :
METRIC_AUC_IR_PERSON: 0.8881
METRIC_AUC_IR_CAR: 0.8920
METRIC_AUC_IR_BICYCLE: 0.8920
METRIC_AUC_IR_BACKGROUND: 0.9155

=======================================================
  Linear Probing OFFLINE — mode : BOTH
=======================================================
[train] mode=both | 4129 images (0 ignorées) | person=23408 patches | car=70689 patches | bicycle=6911 patches | background=718426 patches
[val] mode=both | 1013 images (0 ignorées) | person=15537 patches | car=21472 patches | bicycle=1588 patches | background=163479 patches
✅ Le MuMo encoder chargé depuis /home/2023029/PARTAGE/abelgh02/logs/lemumo/lemumo_vits16_llvip-kaistfull04_ep20_bs64_lamb0.1/latest.pt (run lemumo_vits16_llvip-kaistfull04_ep20_bs64_lamb0.1, variant=prune_after_first, ViT-small)
  ⚡ Features déjà extraites trouvées : chargement depuis /home/2023029/PARTAGE/abelgh02/logs/lemumo/lemumo_vits16_llvip-kaistfull04_ep20_bs64_lamb0.1/probings_latest_runs10_cropsize224/both_train_features_tbmTrue.pt
  ⚡ Features déjà extraites trouvées : chargement depuis /home/2023029/PARTAGE/abelgh02/logs/lemumo/lemumo_vits16_llvip-kaistfull04_ep20_bs64_lamb0.1/probings_latest_runs10_cropsize224/both_val_features_tbmTrue.pt
🔒 Graine aléatoire fixée à : 49
[BOTH]   1/30 | train loss=0.6897 mAP=0.394 | val loss=0.8554 mAP=0.443 | person=0.300 | car=0.447 | bicycle=0.049 | background=0.976
  💾 Meilleur BOTH sauvegardé (val mAP=0.443)
[BOTH]   2/30 | train loss=0.5531 mAP=0.434 | val loss=0.8003 mAP=0.459 | person=0.327 | car=0.471 | bicycle=0.056 | background=0.980
  💾 Meilleur BOTH sauvegardé (val mAP=0.459)
[BOTH]   3/30 | train loss=0.5272 mAP=0.450 | val loss=0.7865 mAP=0.467 | person=0.342 | car=0.484 | bicycle=0.059 | background=0.981
  💾 Meilleur BOTH sauvegardé (val mAP=0.467)
[BOTH]   4/30 | train loss=0.5120 mAP=0.461 | val loss=0.7663 mAP=0.473 | person=0.355 | car=0.493 | bicycle=0.060 | background=0.982
  💾 Meilleur BOTH sauvegardé (val mAP=0.473)
[BOTH]   5/30 | train loss=0.5015 mAP=0.468 | val loss=0.8015 mAP=0.477 | person=0.364 | car=0.501 | bicycle=0.060 | background=0.983
  💾 Meilleur BOTH sauvegardé (val mAP=0.477)
[BOTH]   6/30 | train loss=0.4952 mAP=0.472 | val loss=0.7846 mAP=0.479 | person=0.366 | car=0.505 | bicycle=0.062 | background=0.983
  💾 Meilleur BOTH sauvegardé (val mAP=0.479)
[BOTH]   7/30 | train loss=0.4884 mAP=0.477 | val loss=0.7651 mAP=0.483 | person=0.374 | car=0.511 | bicycle=0.062 | background=0.983
  💾 Meilleur BOTH sauvegardé (val mAP=0.483)
[BOTH]   8/30 | train loss=0.4822 mAP=0.482 | val loss=0.7383 mAP=0.484 | person=0.377 | car=0.511 | bicycle=0.063 | background=0.984
  💾 Meilleur BOTH sauvegardé (val mAP=0.484)
[BOTH]   9/30 | train loss=0.4772 mAP=0.486 | val loss=0.7650 mAP=0.487 | person=0.383 | car=0.516 | bicycle=0.064 | background=0.984
  💾 Meilleur BOTH sauvegardé (val mAP=0.487)
[BOTH]  10/30 | train loss=0.4740 mAP=0.490 | val loss=0.7524 mAP=0.488 | person=0.385 | car=0.517 | bicycle=0.064 | background=0.984
  💾 Meilleur BOTH sauvegardé (val mAP=0.488)
[BOTH]  11/30 | train loss=0.4709 mAP=0.492 | val loss=0.7572 mAP=0.489 | person=0.388 | car=0.520 | bicycle=0.064 | background=0.984
  💾 Meilleur BOTH sauvegardé (val mAP=0.489)
[BOTH]  12/30 | train loss=0.4699 mAP=0.490 | val loss=0.7489 mAP=0.489 | person=0.388 | car=0.521 | bicycle=0.065 | background=0.984
  💾 Meilleur BOTH sauvegardé (val mAP=0.489)
[BOTH]  13/30 | train loss=0.4658 mAP=0.497 | val loss=0.7387 mAP=0.491 | person=0.392 | car=0.524 | bicycle=0.065 | background=0.984
  💾 Meilleur BOTH sauvegardé (val mAP=0.491)
[BOTH]  14/30 | train loss=0.4636 mAP=0.498 | val loss=0.7544 mAP=0.491 | person=0.392 | car=0.523 | bicycle=0.065 | background=0.984
[BOTH]  15/30 | train loss=0.4625 mAP=0.500 | val loss=0.7324 mAP=0.492 | person=0.393 | car=0.526 | bicycle=0.065 | background=0.984
  💾 Meilleur BOTH sauvegardé (val mAP=0.492)
[BOTH]  16/30 | train loss=0.4610 mAP=0.501 | val loss=0.7448 mAP=0.492 | person=0.392 | car=0.526 | bicycle=0.065 | background=0.984
  💾 Meilleur BOTH sauvegardé (val mAP=0.492)
[BOTH]  17/30 | train loss=0.4596 mAP=0.501 | val loss=0.7416 mAP=0.493 | person=0.395 | car=0.527 | bicycle=0.065 | background=0.984
  💾 Meilleur BOTH sauvegardé (val mAP=0.493)
[BOTH]  18/30 | train loss=0.4581 mAP=0.504 | val loss=0.7399 mAP=0.493 | person=0.395 | car=0.528 | bicycle=0.065 | background=0.984
  💾 Meilleur BOTH sauvegardé (val mAP=0.493)
[BOTH]  19/30 | train loss=0.4573 mAP=0.504 | val loss=0.7334 mAP=0.493 | person=0.395 | car=0.528 | bicycle=0.065 | background=0.985
  💾 Meilleur BOTH sauvegardé (val mAP=0.493)
[BOTH]  20/30 | train loss=0.4560 mAP=0.506 | val loss=0.7389 mAP=0.494 | person=0.397 | car=0.528 | bicycle=0.065 | background=0.985
  💾 Meilleur BOTH sauvegardé (val mAP=0.494)
[BOTH]  21/30 | train loss=0.4559 mAP=0.505 | val loss=0.7346 mAP=0.494 | person=0.397 | car=0.529 | bicycle=0.065 | background=0.985
  💾 Meilleur BOTH sauvegardé (val mAP=0.494)
[BOTH]  22/30 | train loss=0.4550 mAP=0.506 | val loss=0.7414 mAP=0.494 | person=0.397 | car=0.529 | bicycle=0.065 | background=0.985
  💾 Meilleur BOTH sauvegardé (val mAP=0.494)
[BOTH]  23/30 | train loss=0.4543 mAP=0.507 | val loss=0.7294 mAP=0.494 | person=0.397 | car=0.530 | bicycle=0.065 | background=0.985
  💾 Meilleur BOTH sauvegardé (val mAP=0.494)
[BOTH]  24/30 | train loss=0.4538 mAP=0.507 | val loss=0.7402 mAP=0.494 | person=0.397 | car=0.530 | bicycle=0.066 | background=0.985
  💾 Meilleur BOTH sauvegardé (val mAP=0.494)
[BOTH]  25/30 | train loss=0.4534 mAP=0.508 | val loss=0.7348 mAP=0.494 | person=0.398 | car=0.530 | bicycle=0.065 | background=0.985
  💾 Meilleur BOTH sauvegardé (val mAP=0.494)
[BOTH]  26/30 | train loss=0.4532 mAP=0.508 | val loss=0.7372 mAP=0.494 | person=0.398 | car=0.530 | bicycle=0.065 | background=0.985
  💾 Meilleur BOTH sauvegardé (val mAP=0.494)
[BOTH]  27/30 | train loss=0.4529 mAP=0.508 | val loss=0.7324 mAP=0.495 | person=0.398 | car=0.530 | bicycle=0.066 | background=0.985
  💾 Meilleur BOTH sauvegardé (val mAP=0.495)
[BOTH]  28/30 | train loss=0.4528 mAP=0.509 | val loss=0.7336 mAP=0.495 | person=0.398 | car=0.530 | bicycle=0.066 | background=0.985
  💾 Meilleur BOTH sauvegardé (val mAP=0.495)
[BOTH]  29/30 | train loss=0.4527 mAP=0.509 | val loss=0.7333 mAP=0.495 | person=0.398 | car=0.530 | bicycle=0.066 | background=0.985
  💾 Meilleur BOTH sauvegardé (val mAP=0.495)
[BOTH]  30/30 | train loss=0.4527 mAP=0.509 | val loss=0.7333 mAP=0.495 | person=0.398 | car=0.530 | bicycle=0.066 | background=0.985
  💾 Meilleur BOTH sauvegardé (val mAP=0.495)
  📊 Courbe ROC sauvegardée : /home/2023029/PARTAGE/abelgh02/logs/lemumo/lemumo_vits16_llvip-kaistfull04_ep20_bs64_lamb0.1/probings_latest_runs10_cropsize224/roc_curve_both.png

✨ SCORES ROC FINAUX POUR BOTH (Meilleure Époque) :
METRIC_AUC_BOTH_PERSON: 0.8952
METRIC_AUC_BOTH_CAR: 0.9173
METRIC_AUC_BOTH_BICYCLE: 0.9068
METRIC_AUC_BOTH_BACKGROUND: 0.9328

=======================================================
  Linear Probing OFFLINE — mode : JOINT
=======================================================
[train] mode=joint | 4129 images (0 ignorées) | person=23408 patches | car=70689 patches | bicycle=6911 patches | background=718426 patches
[val] mode=joint | 1013 images (0 ignorées) | person=15537 patches | car=21472 patches | bicycle=1588 patches | background=163479 patches
✅ Le MuMo encoder chargé depuis /home/2023029/PARTAGE/abelgh02/logs/lemumo/lemumo_vits16_llvip-kaistfull04_ep20_bs64_lamb0.1/latest.pt (run lemumo_vits16_llvip-kaistfull04_ep20_bs64_lamb0.1, variant=prune_after_first, ViT-small)
  ⚡ Features déjà extraites trouvées : chargement depuis /home/2023029/PARTAGE/abelgh02/logs/lemumo/lemumo_vits16_llvip-kaistfull04_ep20_bs64_lamb0.1/probings_latest_runs10_cropsize224/joint_train_features_tbmTrue.pt
  ⚡ Features déjà extraites trouvées : chargement depuis /home/2023029/PARTAGE/abelgh02/logs/lemumo/lemumo_vits16_llvip-kaistfull04_ep20_bs64_lamb0.1/probings_latest_runs10_cropsize224/joint_val_features_tbmTrue.pt
🔒 Graine aléatoire fixée à : 49
[JOINT]   1/30 | train loss=0.7728 mAP=0.379 | val loss=0.8902 mAP=0.428 | person=0.266 | car=0.430 | bicycle=0.041 | background=0.975
  💾 Meilleur JOINT sauvegardé (val mAP=0.428)
[JOINT]   2/30 | train loss=0.6008 mAP=0.419 | val loss=0.8605 mAP=0.444 | person=0.297 | car=0.455 | bicycle=0.046 | background=0.978
  💾 Meilleur JOINT sauvegardé (val mAP=0.444)
[JOINT]   3/30 | train loss=0.5646 mAP=0.432 | val loss=0.8309 mAP=0.453 | person=0.312 | car=0.471 | bicycle=0.050 | background=0.980
  💾 Meilleur JOINT sauvegardé (val mAP=0.453)
[JOINT]   4/30 | train loss=0.5468 mAP=0.440 | val loss=0.8199 mAP=0.457 | person=0.318 | car=0.479 | bicycle=0.053 | background=0.980
  💾 Meilleur JOINT sauvegardé (val mAP=0.457)
[JOINT]   5/30 | train loss=0.5355 mAP=0.447 | val loss=0.8207 mAP=0.462 | person=0.326 | car=0.484 | bicycle=0.055 | background=0.981
  💾 Meilleur JOINT sauvegardé (val mAP=0.462)
[JOINT]   6/30 | train loss=0.5273 mAP=0.451 | val loss=0.8011 mAP=0.464 | person=0.331 | car=0.487 | bicycle=0.056 | background=0.981
  💾 Meilleur JOINT sauvegardé (val mAP=0.464)
[JOINT]   7/30 | train loss=0.5215 mAP=0.454 | val loss=0.7872 mAP=0.466 | person=0.335 | car=0.490 | bicycle=0.057 | background=0.981
  💾 Meilleur JOINT sauvegardé (val mAP=0.466)
[JOINT]   8/30 | train loss=0.5165 mAP=0.458 | val loss=0.7935 mAP=0.468 | person=0.341 | car=0.491 | bicycle=0.058 | background=0.982
  💾 Meilleur JOINT sauvegardé (val mAP=0.468)
[JOINT]   9/30 | train loss=0.5124 mAP=0.460 | val loss=0.7972 mAP=0.469 | person=0.341 | car=0.493 | bicycle=0.058 | background=0.982
  💾 Meilleur JOINT sauvegardé (val mAP=0.469)
[JOINT]  10/30 | train loss=0.5091 mAP=0.462 | val loss=0.8039 mAP=0.470 | person=0.344 | car=0.495 | bicycle=0.059 | background=0.982
  💾 Meilleur JOINT sauvegardé (val mAP=0.470)
[JOINT]  11/30 | train loss=0.5058 mAP=0.464 | val loss=0.7964 mAP=0.471 | person=0.348 | car=0.496 | bicycle=0.059 | background=0.982
  💾 Meilleur JOINT sauvegardé (val mAP=0.471)
[JOINT]  12/30 | train loss=0.5037 mAP=0.466 | val loss=0.7985 mAP=0.471 | person=0.345 | car=0.497 | bicycle=0.059 | background=0.982
[JOINT]  13/30 | train loss=0.5012 mAP=0.468 | val loss=0.7978 mAP=0.472 | person=0.347 | car=0.498 | bicycle=0.059 | background=0.982
  💾 Meilleur JOINT sauvegardé (val mAP=0.472)
[JOINT]  14/30 | train loss=0.4992 mAP=0.469 | val loss=0.7903 mAP=0.473 | person=0.349 | car=0.499 | bicycle=0.060 | background=0.982
  💾 Meilleur JOINT sauvegardé (val mAP=0.473)
[JOINT]  15/30 | train loss=0.4974 mAP=0.471 | val loss=0.7852 mAP=0.473 | person=0.352 | car=0.499 | bicycle=0.060 | background=0.982
  💾 Meilleur JOINT sauvegardé (val mAP=0.473)
[JOINT]  16/30 | train loss=0.4961 mAP=0.472 | val loss=0.7752 mAP=0.473 | person=0.352 | car=0.499 | bicycle=0.061 | background=0.982
  💾 Meilleur JOINT sauvegardé (val mAP=0.473)
[JOINT]  17/30 | train loss=0.4947 mAP=0.472 | val loss=0.7858 mAP=0.475 | person=0.355 | car=0.501 | bicycle=0.060 | background=0.983
  💾 Meilleur JOINT sauvegardé (val mAP=0.475)
[JOINT]  18/30 | train loss=0.4937 mAP=0.473 | val loss=0.7748 mAP=0.475 | person=0.354 | car=0.501 | bicycle=0.060 | background=0.983
  💾 Meilleur JOINT sauvegardé (val mAP=0.475)
[JOINT]  19/30 | train loss=0.4926 mAP=0.474 | val loss=0.7781 mAP=0.475 | person=0.355 | car=0.501 | bicycle=0.060 | background=0.983
  💾 Meilleur JOINT sauvegardé (val mAP=0.475)
[JOINT]  20/30 | train loss=0.4919 mAP=0.474 | val loss=0.7737 mAP=0.475 | person=0.355 | car=0.502 | bicycle=0.061 | background=0.983
  💾 Meilleur JOINT sauvegardé (val mAP=0.475)
[JOINT]  21/30 | train loss=0.4911 mAP=0.475 | val loss=0.7754 mAP=0.475 | person=0.356 | car=0.502 | bicycle=0.061 | background=0.983
  💾 Meilleur JOINT sauvegardé (val mAP=0.475)
[JOINT]  22/30 | train loss=0.4905 mAP=0.476 | val loss=0.7766 mAP=0.475 | person=0.355 | car=0.502 | bicycle=0.061 | background=0.983
[JOINT]  23/30 | train loss=0.4900 mAP=0.476 | val loss=0.7785 mAP=0.475 | person=0.355 | car=0.502 | bicycle=0.061 | background=0.983
  💾 Meilleur JOINT sauvegardé (val mAP=0.475)
[JOINT]  24/30 | train loss=0.4897 mAP=0.476 | val loss=0.7755 mAP=0.476 | person=0.356 | car=0.502 | bicycle=0.061 | background=0.983
  💾 Meilleur JOINT sauvegardé (val mAP=0.476)
[JOINT]  25/30 | train loss=0.4893 mAP=0.477 | val loss=0.7760 mAP=0.476 | person=0.357 | car=0.502 | bicycle=0.061 | background=0.983
  💾 Meilleur JOINT sauvegardé (val mAP=0.476)
[JOINT]  26/30 | train loss=0.4891 mAP=0.477 | val loss=0.7754 mAP=0.476 | person=0.357 | car=0.503 | bicycle=0.061 | background=0.983
  💾 Meilleur JOINT sauvegardé (val mAP=0.476)
[JOINT]  27/30 | train loss=0.4889 mAP=0.477 | val loss=0.7751 mAP=0.476 | person=0.357 | car=0.503 | bicycle=0.061 | background=0.983
  💾 Meilleur JOINT sauvegardé (val mAP=0.476)
[JOINT]  28/30 | train loss=0.4888 mAP=0.477 | val loss=0.7750 mAP=0.476 | person=0.357 | car=0.503 | bicycle=0.061 | background=0.983
  💾 Meilleur JOINT sauvegardé (val mAP=0.476)
[JOINT]  29/30 | train loss=0.4888 mAP=0.477 | val loss=0.7750 mAP=0.476 | person=0.357 | car=0.503 | bicycle=0.061 | background=0.983
[JOINT]  30/30 | train loss=0.4887 mAP=0.477 | val loss=0.7750 mAP=0.476 | person=0.357 | car=0.503 | bicycle=0.061 | background=0.983
  📊 Courbe ROC sauvegardée : /home/2023029/PARTAGE/abelgh02/logs/lemumo/lemumo_vits16_llvip-kaistfull04_ep20_bs64_lamb0.1/probings_latest_runs10_cropsize224/roc_curve_joint.png

✨ SCORES ROC FINAUX POUR JOINT (Meilleure Époque) :
METRIC_AUC_JOINT_PERSON: 0.8861
METRIC_AUC_JOINT_CAR: 0.9098
METRIC_AUC_JOINT_BICYCLE: 0.8928
METRIC_AUC_JOINT_BACKGROUND: 0.9250

=======================================================
  RÉSUMÉ FINAL — Linear Probing JEPA sur FLIR Aligned
=======================================================
  RGB   │ █████████████                  │ mAP=0.444
  IR    │ █████████████                  │ mAP=0.466
  BOTH  │ ██████████████                 │ mAP=0.495
  JOINT │ ██████████████                 │ mAP=0.476
=======================================================

✅ mAP RGB ≈ mAP IR (gap < 5%) → le target_encoder aligne bien les deux modalités.
ℹ️  La fusion apporte +0.029 → les modalités restent complémentaires.

▶️  RUN 8/10 | cuda:0 | Seed: 50

=======================================================
  Linear Probing OFFLINE — mode : RGB
=======================================================
[train] mode=rgb | 4129 images (0 ignorées) | person=23408 patches | car=70689 patches | bicycle=6911 patches | background=718426 patches
[val] mode=rgb | 1013 images (0 ignorées) | person=15537 patches | car=21472 patches | bicycle=1588 patches | background=163479 patches
✅ Le MuMo encoder chargé depuis /home/2023029/PARTAGE/abelgh02/logs/lemumo/lemumo_vits16_llvip-kaistfull04_ep20_bs64_lamb0.1/latest.pt (run lemumo_vits16_llvip-kaistfull04_ep20_bs64_lamb0.1, variant=prune_after_first, ViT-small)
  ⚡ Features déjà extraites trouvées : chargement depuis /home/2023029/PARTAGE/abelgh02/logs/lemumo/lemumo_vits16_llvip-kaistfull04_ep20_bs64_lamb0.1/probings_latest_runs10_cropsize224/rgb_train_features_tbmTrue.pt
  ⚡ Features déjà extraites trouvées : chargement depuis /home/2023029/PARTAGE/abelgh02/logs/lemumo/lemumo_vits16_llvip-kaistfull04_ep20_bs64_lamb0.1/probings_latest_runs10_cropsize224/rgb_val_features_tbmTrue.pt
🔒 Graine aléatoire fixée à : 50
[RGB]   1/30 | train loss=0.8507 mAP=0.330 | val loss=1.0362 mAP=0.389 | person=0.214 | car=0.347 | bicycle=0.031 | background=0.964
  💾 Meilleur RGB sauvegardé (val mAP=0.389)
[RGB]   2/30 | train loss=0.6978 mAP=0.366 | val loss=0.9516 mAP=0.405 | person=0.237 | car=0.380 | bicycle=0.034 | background=0.970
  💾 Meilleur RGB sauvegardé (val mAP=0.405)
[RGB]   3/30 | train loss=0.6610 mAP=0.376 | val loss=0.9546 mAP=0.414 | person=0.247 | car=0.398 | bicycle=0.036 | background=0.973
  💾 Meilleur RGB sauvegardé (val mAP=0.414)
[RGB]   4/30 | train loss=0.6410 mAP=0.383 | val loss=0.9291 mAP=0.419 | person=0.252 | car=0.411 | bicycle=0.037 | background=0.975
  💾 Meilleur RGB sauvegardé (val mAP=0.419)
[RGB]   5/30 | train loss=0.6255 mAP=0.388 | val loss=0.9018 mAP=0.423 | person=0.259 | car=0.419 | bicycle=0.037 | background=0.976
  💾 Meilleur RGB sauvegardé (val mAP=0.423)
[RGB]   6/30 | train loss=0.6157 mAP=0.392 | val loss=0.9347 mAP=0.426 | person=0.262 | car=0.428 | bicycle=0.038 | background=0.976
  💾 Meilleur RGB sauvegardé (val mAP=0.426)
[RGB]   7/30 | train loss=0.6078 mAP=0.395 | val loss=0.9154 mAP=0.429 | person=0.265 | car=0.434 | bicycle=0.039 | background=0.977
  💾 Meilleur RGB sauvegardé (val mAP=0.429)
[RGB]   8/30 | train loss=0.6024 mAP=0.398 | val loss=0.8990 mAP=0.431 | person=0.270 | car=0.439 | bicycle=0.040 | background=0.977
  💾 Meilleur RGB sauvegardé (val mAP=0.431)
[RGB]   9/30 | train loss=0.5961 mAP=0.401 | val loss=0.8793 mAP=0.433 | person=0.272 | car=0.443 | bicycle=0.040 | background=0.977
  💾 Meilleur RGB sauvegardé (val mAP=0.433)
[RGB]  10/30 | train loss=0.5928 mAP=0.403 | val loss=0.8943 mAP=0.435 | person=0.274 | car=0.448 | bicycle=0.040 | background=0.977
  💾 Meilleur RGB sauvegardé (val mAP=0.435)
[RGB]  11/30 | train loss=0.5885 mAP=0.404 | val loss=0.8813 mAP=0.436 | person=0.277 | car=0.450 | bicycle=0.041 | background=0.978
  💾 Meilleur RGB sauvegardé (val mAP=0.436)
[RGB]  12/30 | train loss=0.5851 mAP=0.407 | val loss=0.9036 mAP=0.438 | person=0.277 | car=0.454 | bicycle=0.041 | background=0.978
  💾 Meilleur RGB sauvegardé (val mAP=0.438)
[RGB]  13/30 | train loss=0.5837 mAP=0.407 | val loss=0.8933 mAP=0.439 | person=0.280 | car=0.457 | bicycle=0.042 | background=0.978
  💾 Meilleur RGB sauvegardé (val mAP=0.439)
[RGB]  14/30 | train loss=0.5805 mAP=0.410 | val loss=0.8798 mAP=0.440 | person=0.281 | car=0.459 | bicycle=0.042 | background=0.978
  💾 Meilleur RGB sauvegardé (val mAP=0.440)
[RGB]  15/30 | train loss=0.5791 mAP=0.410 | val loss=0.8789 mAP=0.441 | person=0.282 | car=0.462 | bicycle=0.042 | background=0.978
  💾 Meilleur RGB sauvegardé (val mAP=0.441)
[RGB]  16/30 | train loss=0.5772 mAP=0.411 | val loss=0.9121 mAP=0.442 | person=0.283 | car=0.463 | bicycle=0.042 | background=0.978
  💾 Meilleur RGB sauvegardé (val mAP=0.442)
[RGB]  17/30 | train loss=0.5760 mAP=0.412 | val loss=0.8694 mAP=0.443 | person=0.284 | car=0.465 | bicycle=0.043 | background=0.978
  💾 Meilleur RGB sauvegardé (val mAP=0.443)
[RGB]  18/30 | train loss=0.5742 mAP=0.413 | val loss=0.8644 mAP=0.443 | person=0.285 | car=0.466 | bicycle=0.043 | background=0.978
  💾 Meilleur RGB sauvegardé (val mAP=0.443)
[RGB]  19/30 | train loss=0.5739 mAP=0.413 | val loss=0.8706 mAP=0.443 | person=0.285 | car=0.467 | bicycle=0.043 | background=0.978
  💾 Meilleur RGB sauvegardé (val mAP=0.443)
[RGB]  20/30 | train loss=0.5724 mAP=0.414 | val loss=0.8879 mAP=0.444 | person=0.286 | car=0.467 | bicycle=0.043 | background=0.979
  💾 Meilleur RGB sauvegardé (val mAP=0.444)
[RGB]  21/30 | train loss=0.5717 mAP=0.415 | val loss=0.8890 mAP=0.444 | person=0.286 | car=0.468 | bicycle=0.044 | background=0.979
  💾 Meilleur RGB sauvegardé (val mAP=0.444)
[RGB]  22/30 | train loss=0.5709 mAP=0.415 | val loss=0.8961 mAP=0.444 | person=0.286 | car=0.469 | bicycle=0.044 | background=0.979
  💾 Meilleur RGB sauvegardé (val mAP=0.444)
[RGB]  23/30 | train loss=0.5707 mAP=0.416 | val loss=0.8878 mAP=0.445 | person=0.287 | car=0.469 | bicycle=0.044 | background=0.979
  💾 Meilleur RGB sauvegardé (val mAP=0.445)
[RGB]  24/30 | train loss=0.5702 mAP=0.416 | val loss=0.8914 mAP=0.445 | person=0.287 | car=0.470 | bicycle=0.044 | background=0.979
  💾 Meilleur RGB sauvegardé (val mAP=0.445)
[RGB]  25/30 | train loss=0.5697 mAP=0.416 | val loss=0.8857 mAP=0.445 | person=0.287 | car=0.470 | bicycle=0.044 | background=0.979
  💾 Meilleur RGB sauvegardé (val mAP=0.445)
[RGB]  26/30 | train loss=0.5694 mAP=0.416 | val loss=0.8877 mAP=0.445 | person=0.287 | car=0.470 | bicycle=0.044 | background=0.979
  💾 Meilleur RGB sauvegardé (val mAP=0.445)
[RGB]  27/30 | train loss=0.5692 mAP=0.416 | val loss=0.8856 mAP=0.445 | person=0.287 | car=0.471 | bicycle=0.044 | background=0.979
  💾 Meilleur RGB sauvegardé (val mAP=0.445)
[RGB]  28/30 | train loss=0.5691 mAP=0.416 | val loss=0.8886 mAP=0.445 | person=0.287 | car=0.471 | bicycle=0.044 | background=0.979
  💾 Meilleur RGB sauvegardé (val mAP=0.445)
[RGB]  29/30 | train loss=0.5690 mAP=0.416 | val loss=0.8867 mAP=0.445 | person=0.287 | car=0.471 | bicycle=0.044 | background=0.979
  💾 Meilleur RGB sauvegardé (val mAP=0.445)
[RGB]  30/30 | train loss=0.5690 mAP=0.417 | val loss=0.8867 mAP=0.445 | person=0.287 | car=0.471 | bicycle=0.044 | background=0.979
  💾 Meilleur RGB sauvegardé (val mAP=0.445)
  📊 Courbe ROC sauvegardée : /home/2023029/PARTAGE/abelgh02/logs/lemumo/lemumo_vits16_llvip-kaistfull04_ep20_bs64_lamb0.1/probings_latest_runs10_cropsize224/roc_curve_rgb.png

✨ SCORES ROC FINAUX POUR RGB (Meilleure Époque) :
METRIC_AUC_RGB_PERSON: 0.8508
METRIC_AUC_RGB_CAR: 0.9009
METRIC_AUC_RGB_BICYCLE: 0.8721
METRIC_AUC_RGB_BACKGROUND: 0.9092

=======================================================
  Linear Probing OFFLINE — mode : IR
=======================================================
[train] mode=ir | 4129 images (0 ignorées) | person=23408 patches | car=70689 patches | bicycle=6911 patches | background=718426 patches
[val] mode=ir | 1013 images (0 ignorées) | person=15537 patches | car=21472 patches | bicycle=1588 patches | background=163479 patches
✅ Le MuMo encoder chargé depuis /home/2023029/PARTAGE/abelgh02/logs/lemumo/lemumo_vits16_llvip-kaistfull04_ep20_bs64_lamb0.1/latest.pt (run lemumo_vits16_llvip-kaistfull04_ep20_bs64_lamb0.1, variant=prune_after_first, ViT-small)
  ⚡ Features déjà extraites trouvées : chargement depuis /home/2023029/PARTAGE/abelgh02/logs/lemumo/lemumo_vits16_llvip-kaistfull04_ep20_bs64_lamb0.1/probings_latest_runs10_cropsize224/ir_train_features_tbmTrue.pt
  ⚡ Features déjà extraites trouvées : chargement depuis /home/2023029/PARTAGE/abelgh02/logs/lemumo/lemumo_vits16_llvip-kaistfull04_ep20_bs64_lamb0.1/probings_latest_runs10_cropsize224/ir_val_features_tbmTrue.pt
🔒 Graine aléatoire fixée à : 50
[IR]   1/30 | train loss=0.7809 mAP=0.374 | val loss=0.9138 mAP=0.430 | person=0.288 | car=0.426 | bicycle=0.034 | background=0.971
  💾 Meilleur IR sauvegardé (val mAP=0.430)
[IR]   2/30 | train loss=0.6136 mAP=0.416 | val loss=0.8641 mAP=0.439 | person=0.311 | car=0.430 | bicycle=0.042 | background=0.975
  💾 Meilleur IR sauvegardé (val mAP=0.439)
[IR]   3/30 | train loss=0.5829 mAP=0.425 | val loss=0.8454 mAP=0.445 | person=0.323 | car=0.435 | bicycle=0.045 | background=0.977
  💾 Meilleur IR sauvegardé (val mAP=0.445)
[IR]   4/30 | train loss=0.5672 mAP=0.431 | val loss=0.8297 mAP=0.449 | person=0.333 | car=0.437 | bicycle=0.048 | background=0.978
  💾 Meilleur IR sauvegardé (val mAP=0.449)
[IR]   5/30 | train loss=0.5546 mAP=0.438 | val loss=0.8223 mAP=0.451 | person=0.339 | car=0.439 | bicycle=0.049 | background=0.978
  💾 Meilleur IR sauvegardé (val mAP=0.451)
[IR]   6/30 | train loss=0.5464 mAP=0.441 | val loss=0.8128 mAP=0.453 | person=0.344 | car=0.439 | bicycle=0.051 | background=0.979
  💾 Meilleur IR sauvegardé (val mAP=0.453)
[IR]   7/30 | train loss=0.5402 mAP=0.445 | val loss=0.7917 mAP=0.454 | person=0.346 | car=0.441 | bicycle=0.051 | background=0.979
  💾 Meilleur IR sauvegardé (val mAP=0.454)
[IR]   8/30 | train loss=0.5349 mAP=0.447 | val loss=0.7918 mAP=0.457 | person=0.352 | car=0.443 | bicycle=0.053 | background=0.979
  💾 Meilleur IR sauvegardé (val mAP=0.457)
[IR]   9/30 | train loss=0.5299 mAP=0.450 | val loss=0.7971 mAP=0.458 | person=0.354 | car=0.444 | bicycle=0.054 | background=0.979
  💾 Meilleur IR sauvegardé (val mAP=0.458)
[IR]  10/30 | train loss=0.5264 mAP=0.452 | val loss=0.7981 mAP=0.459 | person=0.356 | car=0.446 | bicycle=0.054 | background=0.979
  💾 Meilleur IR sauvegardé (val mAP=0.459)
[IR]  11/30 | train loss=0.5234 mAP=0.453 | val loss=0.7921 mAP=0.460 | person=0.358 | car=0.447 | bicycle=0.054 | background=0.980
  💾 Meilleur IR sauvegardé (val mAP=0.460)
[IR]  12/30 | train loss=0.5208 mAP=0.455 | val loss=0.7981 mAP=0.461 | person=0.361 | car=0.448 | bicycle=0.055 | background=0.980
  💾 Meilleur IR sauvegardé (val mAP=0.461)
[IR]  13/30 | train loss=0.5178 mAP=0.458 | val loss=0.7847 mAP=0.461 | person=0.362 | car=0.447 | bicycle=0.055 | background=0.980
  💾 Meilleur IR sauvegardé (val mAP=0.461)
[IR]  14/30 | train loss=0.5158 mAP=0.459 | val loss=0.7905 mAP=0.462 | person=0.363 | car=0.449 | bicycle=0.056 | background=0.980
  💾 Meilleur IR sauvegardé (val mAP=0.462)
[IR]  15/30 | train loss=0.5140 mAP=0.460 | val loss=0.7842 mAP=0.463 | person=0.366 | car=0.450 | bicycle=0.056 | background=0.980
  💾 Meilleur IR sauvegardé (val mAP=0.463)
[IR]  16/30 | train loss=0.5130 mAP=0.460 | val loss=0.7782 mAP=0.463 | person=0.364 | car=0.450 | bicycle=0.056 | background=0.980
[IR]  17/30 | train loss=0.5112 mAP=0.462 | val loss=0.7834 mAP=0.464 | person=0.367 | car=0.451 | bicycle=0.056 | background=0.980
  💾 Meilleur IR sauvegardé (val mAP=0.464)
[IR]  18/30 | train loss=0.5100 mAP=0.463 | val loss=0.7843 mAP=0.464 | person=0.368 | car=0.451 | bicycle=0.057 | background=0.980
  💾 Meilleur IR sauvegardé (val mAP=0.464)
[IR]  19/30 | train loss=0.5091 mAP=0.463 | val loss=0.7793 mAP=0.464 | person=0.368 | car=0.452 | bicycle=0.057 | background=0.980
  💾 Meilleur IR sauvegardé (val mAP=0.464)
[IR]  20/30 | train loss=0.5082 mAP=0.464 | val loss=0.7774 mAP=0.464 | person=0.369 | car=0.452 | bicycle=0.057 | background=0.980
  💾 Meilleur IR sauvegardé (val mAP=0.464)
[IR]  21/30 | train loss=0.5076 mAP=0.464 | val loss=0.7761 mAP=0.465 | person=0.369 | car=0.452 | bicycle=0.057 | background=0.980
  💾 Meilleur IR sauvegardé (val mAP=0.465)
[IR]  22/30 | train loss=0.5070 mAP=0.464 | val loss=0.7786 mAP=0.465 | person=0.369 | car=0.452 | bicycle=0.057 | background=0.980
[IR]  23/30 | train loss=0.5064 mAP=0.465 | val loss=0.7752 mAP=0.465 | person=0.370 | car=0.452 | bicycle=0.057 | background=0.980
  💾 Meilleur IR sauvegardé (val mAP=0.465)
[IR]  24/30 | train loss=0.5060 mAP=0.465 | val loss=0.7795 mAP=0.465 | person=0.370 | car=0.452 | bicycle=0.057 | background=0.980
  💾 Meilleur IR sauvegardé (val mAP=0.465)
[IR]  25/30 | train loss=0.5057 mAP=0.465 | val loss=0.7801 mAP=0.465 | person=0.371 | car=0.452 | bicycle=0.057 | background=0.980
  💾 Meilleur IR sauvegardé (val mAP=0.465)
[IR]  26/30 | train loss=0.5054 mAP=0.466 | val loss=0.7788 mAP=0.465 | person=0.371 | car=0.453 | bicycle=0.057 | background=0.980
  💾 Meilleur IR sauvegardé (val mAP=0.465)
[IR]  27/30 | train loss=0.5052 mAP=0.466 | val loss=0.7802 mAP=0.465 | person=0.371 | car=0.453 | bicycle=0.057 | background=0.980
[IR]  28/30 | train loss=0.5051 mAP=0.466 | val loss=0.7801 mAP=0.465 | person=0.370 | car=0.453 | bicycle=0.057 | background=0.980
[IR]  29/30 | train loss=0.5051 mAP=0.466 | val loss=0.7796 mAP=0.465 | person=0.371 | car=0.453 | bicycle=0.057 | background=0.980
  💾 Meilleur IR sauvegardé (val mAP=0.465)
[IR]  30/30 | train loss=0.5050 mAP=0.466 | val loss=0.7795 mAP=0.465 | person=0.371 | car=0.453 | bicycle=0.057 | background=0.980
  💾 Meilleur IR sauvegardé (val mAP=0.465)
  📊 Courbe ROC sauvegardée : /home/2023029/PARTAGE/abelgh02/logs/lemumo/lemumo_vits16_llvip-kaistfull04_ep20_bs64_lamb0.1/probings_latest_runs10_cropsize224/roc_curve_ir.png

✨ SCORES ROC FINAUX POUR IR (Meilleure Époque) :
METRIC_AUC_IR_PERSON: 0.8877
METRIC_AUC_IR_CAR: 0.8922
METRIC_AUC_IR_BICYCLE: 0.8920
METRIC_AUC_IR_BACKGROUND: 0.9152

=======================================================
  Linear Probing OFFLINE — mode : BOTH
=======================================================
[train] mode=both | 4129 images (0 ignorées) | person=23408 patches | car=70689 patches | bicycle=6911 patches | background=718426 patches
[val] mode=both | 1013 images (0 ignorées) | person=15537 patches | car=21472 patches | bicycle=1588 patches | background=163479 patches
✅ Le MuMo encoder chargé depuis /home/2023029/PARTAGE/abelgh02/logs/lemumo/lemumo_vits16_llvip-kaistfull04_ep20_bs64_lamb0.1/latest.pt (run lemumo_vits16_llvip-kaistfull04_ep20_bs64_lamb0.1, variant=prune_after_first, ViT-small)
  ⚡ Features déjà extraites trouvées : chargement depuis /home/2023029/PARTAGE/abelgh02/logs/lemumo/lemumo_vits16_llvip-kaistfull04_ep20_bs64_lamb0.1/probings_latest_runs10_cropsize224/both_train_features_tbmTrue.pt
  ⚡ Features déjà extraites trouvées : chargement depuis /home/2023029/PARTAGE/abelgh02/logs/lemumo/lemumo_vits16_llvip-kaistfull04_ep20_bs64_lamb0.1/probings_latest_runs10_cropsize224/both_val_features_tbmTrue.pt
🔒 Graine aléatoire fixée à : 50
[BOTH]   1/30 | train loss=0.6915 mAP=0.390 | val loss=0.8584 mAP=0.443 | person=0.303 | car=0.446 | bicycle=0.047 | background=0.978
  💾 Meilleur BOTH sauvegardé (val mAP=0.443)
[BOTH]   2/30 | train loss=0.5535 mAP=0.433 | val loss=0.8171 mAP=0.461 | person=0.333 | car=0.473 | bicycle=0.055 | background=0.981
  💾 Meilleur BOTH sauvegardé (val mAP=0.461)
[BOTH]   3/30 | train loss=0.5280 mAP=0.449 | val loss=0.8013 mAP=0.468 | person=0.346 | car=0.486 | bicycle=0.058 | background=0.982
  💾 Meilleur BOTH sauvegardé (val mAP=0.468)
[BOTH]   4/30 | train loss=0.5145 mAP=0.458 | val loss=0.7909 mAP=0.473 | person=0.355 | car=0.495 | bicycle=0.057 | background=0.983
  💾 Meilleur BOTH sauvegardé (val mAP=0.473)
[BOTH]   5/30 | train loss=0.5024 mAP=0.467 | val loss=0.7737 mAP=0.476 | person=0.361 | car=0.501 | bicycle=0.058 | background=0.983
  💾 Meilleur BOTH sauvegardé (val mAP=0.476)
[BOTH]   6/30 | train loss=0.4965 mAP=0.470 | val loss=0.7487 mAP=0.479 | person=0.369 | car=0.505 | bicycle=0.059 | background=0.983
  💾 Meilleur BOTH sauvegardé (val mAP=0.479)
[BOTH]   7/30 | train loss=0.4894 mAP=0.476 | val loss=0.7480 mAP=0.482 | person=0.375 | car=0.509 | bicycle=0.061 | background=0.984
  💾 Meilleur BOTH sauvegardé (val mAP=0.482)
[BOTH]   8/30 | train loss=0.4832 mAP=0.481 | val loss=0.7477 mAP=0.484 | person=0.379 | car=0.513 | bicycle=0.061 | background=0.984
  💾 Meilleur BOTH sauvegardé (val mAP=0.484)
[BOTH]   9/30 | train loss=0.4791 mAP=0.485 | val loss=0.7618 mAP=0.486 | person=0.383 | car=0.517 | bicycle=0.062 | background=0.984
  💾 Meilleur BOTH sauvegardé (val mAP=0.486)
[BOTH]  10/30 | train loss=0.4755 mAP=0.488 | val loss=0.7538 mAP=0.488 | person=0.386 | car=0.518 | bicycle=0.062 | background=0.984
  💾 Meilleur BOTH sauvegardé (val mAP=0.488)
[BOTH]  11/30 | train loss=0.4726 mAP=0.491 | val loss=0.7386 mAP=0.487 | person=0.385 | car=0.519 | bicycle=0.062 | background=0.984
[BOTH]  12/30 | train loss=0.4690 mAP=0.494 | val loss=0.7293 mAP=0.489 | person=0.387 | car=0.522 | bicycle=0.062 | background=0.984
  💾 Meilleur BOTH sauvegardé (val mAP=0.489)
[BOTH]  13/30 | train loss=0.4665 mAP=0.496 | val loss=0.7471 mAP=0.490 | person=0.390 | car=0.522 | bicycle=0.063 | background=0.984
  💾 Meilleur BOTH sauvegardé (val mAP=0.490)
[BOTH]  14/30 | train loss=0.4651 mAP=0.497 | val loss=0.7357 mAP=0.491 | person=0.392 | car=0.523 | bicycle=0.063 | background=0.984
  💾 Meilleur BOTH sauvegardé (val mAP=0.491)
[BOTH]  15/30 | train loss=0.4634 mAP=0.498 | val loss=0.7172 mAP=0.491 | person=0.392 | car=0.524 | bicycle=0.063 | background=0.985
  💾 Meilleur BOTH sauvegardé (val mAP=0.491)
[BOTH]  16/30 | train loss=0.4625 mAP=0.499 | val loss=0.7504 mAP=0.491 | person=0.391 | car=0.525 | bicycle=0.064 | background=0.985
  💾 Meilleur BOTH sauvegardé (val mAP=0.491)
[BOTH]  17/30 | train loss=0.4602 mAP=0.501 | val loss=0.7471 mAP=0.492 | person=0.394 | car=0.526 | bicycle=0.063 | background=0.985
  💾 Meilleur BOTH sauvegardé (val mAP=0.492)
[BOTH]  18/30 | train loss=0.4585 mAP=0.503 | val loss=0.7276 mAP=0.492 | person=0.394 | car=0.527 | bicycle=0.064 | background=0.985
  💾 Meilleur BOTH sauvegardé (val mAP=0.492)
[BOTH]  19/30 | train loss=0.4578 mAP=0.504 | val loss=0.7347 mAP=0.493 | person=0.395 | car=0.528 | bicycle=0.064 | background=0.985
  💾 Meilleur BOTH sauvegardé (val mAP=0.493)
[BOTH]  20/30 | train loss=0.4568 mAP=0.505 | val loss=0.7317 mAP=0.493 | person=0.396 | car=0.528 | bicycle=0.064 | background=0.985
  💾 Meilleur BOTH sauvegardé (val mAP=0.493)
[BOTH]  21/30 | train loss=0.4562 mAP=0.505 | val loss=0.7367 mAP=0.493 | person=0.395 | car=0.529 | bicycle=0.064 | background=0.985
[BOTH]  22/30 | train loss=0.4552 mAP=0.506 | val loss=0.7325 mAP=0.494 | person=0.397 | car=0.529 | bicycle=0.064 | background=0.985
  💾 Meilleur BOTH sauvegardé (val mAP=0.494)
[BOTH]  23/30 | train loss=0.4545 mAP=0.507 | val loss=0.7247 mAP=0.493 | person=0.396 | car=0.529 | bicycle=0.064 | background=0.985
[BOTH]  24/30 | train loss=0.4546 mAP=0.507 | val loss=0.7412 mAP=0.494 | person=0.397 | car=0.529 | bicycle=0.064 | background=0.985
  💾 Meilleur BOTH sauvegardé (val mAP=0.494)
[BOTH]  25/30 | train loss=0.4541 mAP=0.507 | val loss=0.7350 mAP=0.494 | person=0.397 | car=0.529 | bicycle=0.064 | background=0.985
  💾 Meilleur BOTH sauvegardé (val mAP=0.494)
[BOTH]  26/30 | train loss=0.4537 mAP=0.507 | val loss=0.7294 mAP=0.494 | person=0.397 | car=0.530 | bicycle=0.064 | background=0.985
[BOTH]  27/30 | train loss=0.4535 mAP=0.508 | val loss=0.7316 mAP=0.494 | person=0.397 | car=0.530 | bicycle=0.064 | background=0.985
  💾 Meilleur BOTH sauvegardé (val mAP=0.494)
[BOTH]  28/30 | train loss=0.4534 mAP=0.508 | val loss=0.7326 mAP=0.494 | person=0.397 | car=0.530 | bicycle=0.064 | background=0.985
[BOTH]  29/30 | train loss=0.4533 mAP=0.508 | val loss=0.7318 mAP=0.494 | person=0.397 | car=0.530 | bicycle=0.064 | background=0.985
  💾 Meilleur BOTH sauvegardé (val mAP=0.494)
[BOTH]  30/30 | train loss=0.4533 mAP=0.508 | val loss=0.7318 mAP=0.494 | person=0.397 | car=0.530 | bicycle=0.064 | background=0.985
  💾 Meilleur BOTH sauvegardé (val mAP=0.494)
  📊 Courbe ROC sauvegardée : /home/2023029/PARTAGE/abelgh02/logs/lemumo/lemumo_vits16_llvip-kaistfull04_ep20_bs64_lamb0.1/probings_latest_runs10_cropsize224/roc_curve_both.png

✨ SCORES ROC FINAUX POUR BOTH (Meilleure Époque) :
METRIC_AUC_BOTH_PERSON: 0.8951
METRIC_AUC_BOTH_CAR: 0.9177
METRIC_AUC_BOTH_BICYCLE: 0.9065
METRIC_AUC_BOTH_BACKGROUND: 0.9336

=======================================================
  Linear Probing OFFLINE — mode : JOINT
=======================================================
[train] mode=joint | 4129 images (0 ignorées) | person=23408 patches | car=70689 patches | bicycle=6911 patches | background=718426 patches
[val] mode=joint | 1013 images (0 ignorées) | person=15537 patches | car=21472 patches | bicycle=1588 patches | background=163479 patches
✅ Le MuMo encoder chargé depuis /home/2023029/PARTAGE/abelgh02/logs/lemumo/lemumo_vits16_llvip-kaistfull04_ep20_bs64_lamb0.1/latest.pt (run lemumo_vits16_llvip-kaistfull04_ep20_bs64_lamb0.1, variant=prune_after_first, ViT-small)
  ⚡ Features déjà extraites trouvées : chargement depuis /home/2023029/PARTAGE/abelgh02/logs/lemumo/lemumo_vits16_llvip-kaistfull04_ep20_bs64_lamb0.1/probings_latest_runs10_cropsize224/joint_train_features_tbmTrue.pt
  ⚡ Features déjà extraites trouvées : chargement depuis /home/2023029/PARTAGE/abelgh02/logs/lemumo/lemumo_vits16_llvip-kaistfull04_ep20_bs64_lamb0.1/probings_latest_runs10_cropsize224/joint_val_features_tbmTrue.pt
🔒 Graine aléatoire fixée à : 50
[JOINT]   1/30 | train loss=0.7594 mAP=0.376 | val loss=0.8949 mAP=0.422 | person=0.272 | car=0.410 | bicycle=0.034 | background=0.973
  💾 Meilleur JOINT sauvegardé (val mAP=0.422)
[JOINT]   2/30 | train loss=0.5987 mAP=0.417 | val loss=0.8678 mAP=0.438 | person=0.296 | car=0.439 | bicycle=0.041 | background=0.977
  💾 Meilleur JOINT sauvegardé (val mAP=0.438)
[JOINT]   3/30 | train loss=0.5649 mAP=0.430 | val loss=0.8335 mAP=0.448 | person=0.311 | car=0.457 | bicycle=0.046 | background=0.979
  💾 Meilleur JOINT sauvegardé (val mAP=0.448)
[JOINT]   4/30 | train loss=0.5476 mAP=0.440 | val loss=0.8195 mAP=0.454 | person=0.321 | car=0.466 | bicycle=0.048 | background=0.980
  💾 Meilleur JOINT sauvegardé (val mAP=0.454)
[JOINT]   5/30 | train loss=0.5364 mAP=0.446 | val loss=0.8103 mAP=0.458 | person=0.328 | car=0.473 | bicycle=0.050 | background=0.980
  💾 Meilleur JOINT sauvegardé (val mAP=0.458)
[JOINT]   6/30 | train loss=0.5279 mAP=0.451 | val loss=0.8199 mAP=0.461 | person=0.331 | car=0.478 | bicycle=0.053 | background=0.981
  💾 Meilleur JOINT sauvegardé (val mAP=0.461)
[JOINT]   7/30 | train loss=0.5217 mAP=0.454 | val loss=0.7856 mAP=0.464 | person=0.338 | car=0.483 | bicycle=0.054 | background=0.981
  💾 Meilleur JOINT sauvegardé (val mAP=0.464)
[JOINT]   8/30 | train loss=0.5180 mAP=0.457 | val loss=0.7810 mAP=0.466 | person=0.339 | car=0.486 | bicycle=0.056 | background=0.981
  💾 Meilleur JOINT sauvegardé (val mAP=0.466)
[JOINT]   9/30 | train loss=0.5124 mAP=0.460 | val loss=0.8061 mAP=0.468 | person=0.346 | car=0.488 | bicycle=0.057 | background=0.982
  💾 Meilleur JOINT sauvegardé (val mAP=0.468)
[JOINT]  10/30 | train loss=0.5087 mAP=0.463 | val loss=0.7825 mAP=0.467 | person=0.341 | car=0.490 | bicycle=0.056 | background=0.982
[JOINT]  11/30 | train loss=0.5059 mAP=0.465 | val loss=0.7875 mAP=0.470 | person=0.348 | car=0.492 | bicycle=0.057 | background=0.982
  💾 Meilleur JOINT sauvegardé (val mAP=0.470)
[JOINT]  12/30 | train loss=0.5031 mAP=0.467 | val loss=0.7731 mAP=0.470 | person=0.349 | car=0.493 | bicycle=0.057 | background=0.982
  💾 Meilleur JOINT sauvegardé (val mAP=0.470)
[JOINT]  13/30 | train loss=0.5006 mAP=0.469 | val loss=0.7760 mAP=0.471 | person=0.352 | car=0.494 | bicycle=0.058 | background=0.982
  💾 Meilleur JOINT sauvegardé (val mAP=0.471)
[JOINT]  14/30 | train loss=0.4988 mAP=0.470 | val loss=0.7709 mAP=0.472 | person=0.353 | car=0.495 | bicycle=0.058 | background=0.982
  💾 Meilleur JOINT sauvegardé (val mAP=0.472)
[JOINT]  15/30 | train loss=0.4970 mAP=0.471 | val loss=0.7778 mAP=0.472 | person=0.353 | car=0.496 | bicycle=0.058 | background=0.982
  💾 Meilleur JOINT sauvegardé (val mAP=0.472)
[JOINT]  16/30 | train loss=0.4955 mAP=0.472 | val loss=0.7756 mAP=0.472 | person=0.352 | car=0.496 | bicycle=0.059 | background=0.982
  💾 Meilleur JOINT sauvegardé (val mAP=0.472)
[JOINT]  17/30 | train loss=0.4943 mAP=0.473 | val loss=0.7658 mAP=0.473 | person=0.354 | car=0.496 | bicycle=0.058 | background=0.982
  💾 Meilleur JOINT sauvegardé (val mAP=0.473)
[JOINT]  18/30 | train loss=0.4934 mAP=0.474 | val loss=0.7699 mAP=0.473 | person=0.354 | car=0.497 | bicycle=0.059 | background=0.982
  💾 Meilleur JOINT sauvegardé (val mAP=0.473)
[JOINT]  19/30 | train loss=0.4920 mAP=0.474 | val loss=0.7728 mAP=0.474 | person=0.356 | car=0.498 | bicycle=0.059 | background=0.983
  💾 Meilleur JOINT sauvegardé (val mAP=0.474)
[JOINT]  20/30 | train loss=0.4915 mAP=0.476 | val loss=0.7731 mAP=0.474 | person=0.356 | car=0.498 | bicycle=0.059 | background=0.983
[JOINT]  21/30 | train loss=0.4906 mAP=0.476 | val loss=0.7724 mAP=0.474 | person=0.357 | car=0.499 | bicycle=0.059 | background=0.983
  💾 Meilleur JOINT sauvegardé (val mAP=0.474)
[JOINT]  22/30 | train loss=0.4901 mAP=0.476 | val loss=0.7720 mAP=0.474 | person=0.357 | car=0.499 | bicycle=0.059 | background=0.983
  💾 Meilleur JOINT sauvegardé (val mAP=0.474)
[JOINT]  23/30 | train loss=0.4896 mAP=0.477 | val loss=0.7677 mAP=0.474 | person=0.356 | car=0.499 | bicycle=0.059 | background=0.983
[JOINT]  24/30 | train loss=0.4892 mAP=0.477 | val loss=0.7699 mAP=0.474 | person=0.356 | car=0.499 | bicycle=0.059 | background=0.983
  💾 Meilleur JOINT sauvegardé (val mAP=0.474)
[JOINT]  25/30 | train loss=0.4890 mAP=0.477 | val loss=0.7681 mAP=0.474 | person=0.357 | car=0.500 | bicycle=0.059 | background=0.983
  💾 Meilleur JOINT sauvegardé (val mAP=0.474)
[JOINT]  26/30 | train loss=0.4887 mAP=0.477 | val loss=0.7688 mAP=0.475 | person=0.357 | car=0.500 | bicycle=0.059 | background=0.983
  💾 Meilleur JOINT sauvegardé (val mAP=0.475)
[JOINT]  27/30 | train loss=0.4885 mAP=0.478 | val loss=0.7701 mAP=0.475 | person=0.357 | car=0.500 | bicycle=0.059 | background=0.983
  💾 Meilleur JOINT sauvegardé (val mAP=0.475)
[JOINT]  28/30 | train loss=0.4884 mAP=0.478 | val loss=0.7692 mAP=0.475 | person=0.357 | car=0.500 | bicycle=0.059 | background=0.983
  💾 Meilleur JOINT sauvegardé (val mAP=0.475)
[JOINT]  29/30 | train loss=0.4883 mAP=0.478 | val loss=0.7690 mAP=0.475 | person=0.357 | car=0.500 | bicycle=0.059 | background=0.983
[JOINT]  30/30 | train loss=0.4883 mAP=0.478 | val loss=0.7689 mAP=0.475 | person=0.357 | car=0.500 | bicycle=0.059 | background=0.983
  📊 Courbe ROC sauvegardée : /home/2023029/PARTAGE/abelgh02/logs/lemumo/lemumo_vits16_llvip-kaistfull04_ep20_bs64_lamb0.1/probings_latest_runs10_cropsize224/roc_curve_joint.png

✨ SCORES ROC FINAUX POUR JOINT (Meilleure Époque) :
METRIC_AUC_JOINT_PERSON: 0.8863
METRIC_AUC_JOINT_CAR: 0.9095
METRIC_AUC_JOINT_BICYCLE: 0.8923
METRIC_AUC_JOINT_BACKGROUND: 0.9250

=======================================================
  RÉSUMÉ FINAL — Linear Probing JEPA sur FLIR Aligned
=======================================================
  RGB   │ █████████████                  │ mAP=0.445
  IR    │ █████████████                  │ mAP=0.465
  BOTH  │ ██████████████                 │ mAP=0.494
  JOINT │ ██████████████                 │ mAP=0.475
=======================================================

✅ mAP RGB ≈ mAP IR (gap < 5%) → le target_encoder aligne bien les deux modalités.
ℹ️  La fusion apporte +0.029 → les modalités restent complémentaires.

▶️  RUN 9/10 | cuda:0 | Seed: 51

=======================================================
  Linear Probing OFFLINE — mode : RGB
=======================================================
[train] mode=rgb | 4129 images (0 ignorées) | person=23408 patches | car=70689 patches | bicycle=6911 patches | background=718426 patches
[val] mode=rgb | 1013 images (0 ignorées) | person=15537 patches | car=21472 patches | bicycle=1588 patches | background=163479 patches
✅ Le MuMo encoder chargé depuis /home/2023029/PARTAGE/abelgh02/logs/lemumo/lemumo_vits16_llvip-kaistfull04_ep20_bs64_lamb0.1/latest.pt (run lemumo_vits16_llvip-kaistfull04_ep20_bs64_lamb0.1, variant=prune_after_first, ViT-small)
  ⚡ Features déjà extraites trouvées : chargement depuis /home/2023029/PARTAGE/abelgh02/logs/lemumo/lemumo_vits16_llvip-kaistfull04_ep20_bs64_lamb0.1/probings_latest_runs10_cropsize224/rgb_train_features_tbmTrue.pt
  ⚡ Features déjà extraites trouvées : chargement depuis /home/2023029/PARTAGE/abelgh02/logs/lemumo/lemumo_vits16_llvip-kaistfull04_ep20_bs64_lamb0.1/probings_latest_runs10_cropsize224/rgb_val_features_tbmTrue.pt
🔒 Graine aléatoire fixée à : 51
[RGB]   1/30 | train loss=0.8370 mAP=0.337 | val loss=1.0158 mAP=0.391 | person=0.210 | car=0.358 | bicycle=0.031 | background=0.963
  💾 Meilleur RGB sauvegardé (val mAP=0.391)
[RGB]   2/30 | train loss=0.6997 mAP=0.365 | val loss=0.9650 mAP=0.405 | person=0.232 | car=0.385 | bicycle=0.033 | background=0.971
  💾 Meilleur RGB sauvegardé (val mAP=0.405)
[RGB]   3/30 | train loss=0.6644 mAP=0.375 | val loss=0.9224 mAP=0.413 | person=0.243 | car=0.401 | bicycle=0.035 | background=0.973
  💾 Meilleur RGB sauvegardé (val mAP=0.413)
[RGB]   4/30 | train loss=0.6428 mAP=0.382 | val loss=0.9247 mAP=0.418 | person=0.250 | car=0.413 | bicycle=0.035 | background=0.975
  💾 Meilleur RGB sauvegardé (val mAP=0.418)
[RGB]   5/30 | train loss=0.6290 mAP=0.387 | val loss=0.9168 mAP=0.422 | person=0.255 | car=0.422 | bicycle=0.036 | background=0.976
  💾 Meilleur RGB sauvegardé (val mAP=0.422)
[RGB]   6/30 | train loss=0.6180 mAP=0.391 | val loss=0.9121 mAP=0.425 | person=0.260 | car=0.428 | bicycle=0.037 | background=0.976
  💾 Meilleur RGB sauvegardé (val mAP=0.425)
[RGB]   7/30 | train loss=0.6094 mAP=0.395 | val loss=0.9063 mAP=0.428 | person=0.263 | car=0.435 | bicycle=0.038 | background=0.977
  💾 Meilleur RGB sauvegardé (val mAP=0.428)
[RGB]   8/30 | train loss=0.6026 mAP=0.398 | val loss=0.9334 mAP=0.430 | person=0.266 | car=0.440 | bicycle=0.038 | background=0.977
  💾 Meilleur RGB sauvegardé (val mAP=0.430)
[RGB]   9/30 | train loss=0.5977 mAP=0.400 | val loss=0.8861 mAP=0.433 | person=0.270 | car=0.445 | bicycle=0.039 | background=0.977
  💾 Meilleur RGB sauvegardé (val mAP=0.433)
[RGB]  10/30 | train loss=0.5943 mAP=0.402 | val loss=0.9173 mAP=0.434 | person=0.272 | car=0.449 | bicycle=0.039 | background=0.977
  💾 Meilleur RGB sauvegardé (val mAP=0.434)
[RGB]  11/30 | train loss=0.5900 mAP=0.405 | val loss=0.8720 mAP=0.436 | person=0.274 | car=0.453 | bicycle=0.040 | background=0.978
  💾 Meilleur RGB sauvegardé (val mAP=0.436)
[RGB]  12/30 | train loss=0.5865 mAP=0.406 | val loss=0.9056 mAP=0.437 | person=0.275 | car=0.456 | bicycle=0.040 | background=0.978
  💾 Meilleur RGB sauvegardé (val mAP=0.437)
[RGB]  13/30 | train loss=0.5841 mAP=0.408 | val loss=0.8787 mAP=0.438 | person=0.278 | car=0.457 | bicycle=0.041 | background=0.978
  💾 Meilleur RGB sauvegardé (val mAP=0.438)
[RGB]  14/30 | train loss=0.5820 mAP=0.409 | val loss=0.8951 mAP=0.440 | person=0.278 | car=0.461 | bicycle=0.041 | background=0.978
  💾 Meilleur RGB sauvegardé (val mAP=0.440)
[RGB]  15/30 | train loss=0.5799 mAP=0.410 | val loss=0.8833 mAP=0.440 | person=0.279 | car=0.462 | bicycle=0.041 | background=0.978
  💾 Meilleur RGB sauvegardé (val mAP=0.440)
[RGB]  16/30 | train loss=0.5775 mAP=0.412 | val loss=0.8919 mAP=0.441 | person=0.280 | car=0.463 | bicycle=0.042 | background=0.978
  💾 Meilleur RGB sauvegardé (val mAP=0.441)
[RGB]  17/30 | train loss=0.5764 mAP=0.412 | val loss=0.8903 mAP=0.442 | person=0.281 | car=0.465 | bicycle=0.042 | background=0.978
  💾 Meilleur RGB sauvegardé (val mAP=0.442)
[RGB]  18/30 | train loss=0.5757 mAP=0.412 | val loss=0.8872 mAP=0.442 | person=0.282 | car=0.467 | bicycle=0.042 | background=0.978
  💾 Meilleur RGB sauvegardé (val mAP=0.442)
[RGB]  19/30 | train loss=0.5742 mAP=0.414 | val loss=0.9189 mAP=0.443 | person=0.282 | car=0.467 | bicycle=0.042 | background=0.978
  💾 Meilleur RGB sauvegardé (val mAP=0.443)
[RGB]  20/30 | train loss=0.5735 mAP=0.415 | val loss=0.8812 mAP=0.443 | person=0.283 | car=0.468 | bicycle=0.043 | background=0.979
  💾 Meilleur RGB sauvegardé (val mAP=0.443)
[RGB]  21/30 | train loss=0.5727 mAP=0.415 | val loss=0.8834 mAP=0.443 | person=0.284 | car=0.468 | bicycle=0.043 | background=0.979
  💾 Meilleur RGB sauvegardé (val mAP=0.443)
[RGB]  22/30 | train loss=0.5718 mAP=0.415 | val loss=0.8976 mAP=0.443 | person=0.284 | car=0.469 | bicycle=0.042 | background=0.979
  💾 Meilleur RGB sauvegardé (val mAP=0.443)
[RGB]  23/30 | train loss=0.5711 mAP=0.416 | val loss=0.8945 mAP=0.444 | person=0.284 | car=0.469 | bicycle=0.042 | background=0.979
  💾 Meilleur RGB sauvegardé (val mAP=0.444)
[RGB]  24/30 | train loss=0.5707 mAP=0.416 | val loss=0.8862 mAP=0.444 | person=0.284 | car=0.470 | bicycle=0.042 | background=0.979
  💾 Meilleur RGB sauvegardé (val mAP=0.444)
[RGB]  25/30 | train loss=0.5704 mAP=0.416 | val loss=0.8903 mAP=0.444 | person=0.284 | car=0.470 | bicycle=0.043 | background=0.979
  💾 Meilleur RGB sauvegardé (val mAP=0.444)
[RGB]  26/30 | train loss=0.5702 mAP=0.416 | val loss=0.8886 mAP=0.444 | person=0.284 | car=0.470 | bicycle=0.043 | background=0.979
  💾 Meilleur RGB sauvegardé (val mAP=0.444)
[RGB]  27/30 | train loss=0.5700 mAP=0.416 | val loss=0.8888 mAP=0.444 | person=0.284 | car=0.470 | bicycle=0.043 | background=0.979
  💾 Meilleur RGB sauvegardé (val mAP=0.444)
[RGB]  28/30 | train loss=0.5699 mAP=0.416 | val loss=0.8881 mAP=0.444 | person=0.284 | car=0.470 | bicycle=0.043 | background=0.979
  💾 Meilleur RGB sauvegardé (val mAP=0.444)
[RGB]  29/30 | train loss=0.5698 mAP=0.416 | val loss=0.8893 mAP=0.444 | person=0.284 | car=0.470 | bicycle=0.043 | background=0.979
  💾 Meilleur RGB sauvegardé (val mAP=0.444)
[RGB]  30/30 | train loss=0.5698 mAP=0.416 | val loss=0.8893 mAP=0.444 | person=0.284 | car=0.470 | bicycle=0.043 | background=0.979
  💾 Meilleur RGB sauvegardé (val mAP=0.444)
  📊 Courbe ROC sauvegardée : /home/2023029/PARTAGE/abelgh02/logs/lemumo/lemumo_vits16_llvip-kaistfull04_ep20_bs64_lamb0.1/probings_latest_runs10_cropsize224/roc_curve_rgb.png

✨ SCORES ROC FINAUX POUR RGB (Meilleure Époque) :
METRIC_AUC_RGB_PERSON: 0.8506
METRIC_AUC_RGB_CAR: 0.9012
METRIC_AUC_RGB_BICYCLE: 0.8707
METRIC_AUC_RGB_BACKGROUND: 0.9092

=======================================================
  Linear Probing OFFLINE — mode : IR
=======================================================
[train] mode=ir | 4129 images (0 ignorées) | person=23408 patches | car=70689 patches | bicycle=6911 patches | background=718426 patches
[val] mode=ir | 1013 images (0 ignorées) | person=15537 patches | car=21472 patches | bicycle=1588 patches | background=163479 patches
✅ Le MuMo encoder chargé depuis /home/2023029/PARTAGE/abelgh02/logs/lemumo/lemumo_vits16_llvip-kaistfull04_ep20_bs64_lamb0.1/latest.pt (run lemumo_vits16_llvip-kaistfull04_ep20_bs64_lamb0.1, variant=prune_after_first, ViT-small)
  ⚡ Features déjà extraites trouvées : chargement depuis /home/2023029/PARTAGE/abelgh02/logs/lemumo/lemumo_vits16_llvip-kaistfull04_ep20_bs64_lamb0.1/probings_latest_runs10_cropsize224/ir_train_features_tbmTrue.pt
  ⚡ Features déjà extraites trouvées : chargement depuis /home/2023029/PARTAGE/abelgh02/logs/lemumo/lemumo_vits16_llvip-kaistfull04_ep20_bs64_lamb0.1/probings_latest_runs10_cropsize224/ir_val_features_tbmTrue.pt
🔒 Graine aléatoire fixée à : 51
[IR]   1/30 | train loss=0.8226 mAP=0.363 | val loss=0.9141 mAP=0.425 | person=0.258 | car=0.430 | bicycle=0.040 | background=0.972
  💾 Meilleur IR sauvegardé (val mAP=0.425)
[IR]   2/30 | train loss=0.6232 mAP=0.415 | val loss=0.8696 mAP=0.436 | person=0.289 | car=0.436 | bicycle=0.044 | background=0.976
  💾 Meilleur IR sauvegardé (val mAP=0.436)
[IR]   3/30 | train loss=0.5874 mAP=0.424 | val loss=0.8467 mAP=0.442 | person=0.307 | car=0.438 | bicycle=0.046 | background=0.977
  💾 Meilleur IR sauvegardé (val mAP=0.442)
[IR]   4/30 | train loss=0.5700 mAP=0.430 | val loss=0.8428 mAP=0.446 | person=0.318 | car=0.439 | bicycle=0.047 | background=0.978
  💾 Meilleur IR sauvegardé (val mAP=0.446)
[IR]   5/30 | train loss=0.5579 mAP=0.435 | val loss=0.8338 mAP=0.449 | person=0.328 | car=0.439 | bicycle=0.049 | background=0.978
  💾 Meilleur IR sauvegardé (val mAP=0.449)
[IR]   6/30 | train loss=0.5491 mAP=0.439 | val loss=0.8116 mAP=0.451 | person=0.332 | car=0.442 | bicycle=0.050 | background=0.979
  💾 Meilleur IR sauvegardé (val mAP=0.451)
[IR]   7/30 | train loss=0.5423 mAP=0.442 | val loss=0.8128 mAP=0.453 | person=0.340 | car=0.441 | bicycle=0.051 | background=0.979
  💾 Meilleur IR sauvegardé (val mAP=0.453)
[IR]   8/30 | train loss=0.5370 mAP=0.446 | val loss=0.8125 mAP=0.454 | person=0.342 | car=0.444 | bicycle=0.051 | background=0.979
  💾 Meilleur IR sauvegardé (val mAP=0.454)
[IR]   9/30 | train loss=0.5321 mAP=0.448 | val loss=0.8041 mAP=0.456 | person=0.349 | car=0.444 | bicycle=0.052 | background=0.979
  💾 Meilleur IR sauvegardé (val mAP=0.456)
[IR]  10/30 | train loss=0.5281 mAP=0.451 | val loss=0.7855 mAP=0.457 | person=0.350 | car=0.446 | bicycle=0.053 | background=0.979
  💾 Meilleur IR sauvegardé (val mAP=0.457)
[IR]  11/30 | train loss=0.5250 mAP=0.452 | val loss=0.7945 mAP=0.458 | person=0.351 | car=0.447 | bicycle=0.053 | background=0.980
  💾 Meilleur IR sauvegardé (val mAP=0.458)
[IR]  12/30 | train loss=0.5220 mAP=0.454 | val loss=0.7918 mAP=0.459 | person=0.355 | car=0.448 | bicycle=0.053 | background=0.980
  💾 Meilleur IR sauvegardé (val mAP=0.459)
[IR]  13/30 | train loss=0.5200 mAP=0.456 | val loss=0.7861 mAP=0.460 | person=0.357 | car=0.450 | bicycle=0.053 | background=0.980
  💾 Meilleur IR sauvegardé (val mAP=0.460)
[IR]  14/30 | train loss=0.5177 mAP=0.457 | val loss=0.7904 mAP=0.460 | person=0.358 | car=0.449 | bicycle=0.055 | background=0.980
  💾 Meilleur IR sauvegardé (val mAP=0.460)
[IR]  15/30 | train loss=0.5158 mAP=0.458 | val loss=0.7984 mAP=0.461 | person=0.360 | car=0.451 | bicycle=0.054 | background=0.980
  💾 Meilleur IR sauvegardé (val mAP=0.461)
[IR]  16/30 | train loss=0.5148 mAP=0.459 | val loss=0.7891 mAP=0.461 | person=0.360 | car=0.451 | bicycle=0.055 | background=0.980
  💾 Meilleur IR sauvegardé (val mAP=0.461)
[IR]  17/30 | train loss=0.5129 mAP=0.461 | val loss=0.7909 mAP=0.462 | person=0.361 | car=0.451 | bicycle=0.055 | background=0.980
  💾 Meilleur IR sauvegardé (val mAP=0.462)
[IR]  18/30 | train loss=0.5114 mAP=0.462 | val loss=0.7852 mAP=0.462 | person=0.363 | car=0.451 | bicycle=0.055 | background=0.980
  💾 Meilleur IR sauvegardé (val mAP=0.462)
[IR]  19/30 | train loss=0.5103 mAP=0.462 | val loss=0.7912 mAP=0.463 | person=0.363 | car=0.452 | bicycle=0.055 | background=0.980
  💾 Meilleur IR sauvegardé (val mAP=0.463)
[IR]  20/30 | train loss=0.5096 mAP=0.463 | val loss=0.7909 mAP=0.463 | person=0.363 | car=0.452 | bicycle=0.055 | background=0.980
[IR]  21/30 | train loss=0.5088 mAP=0.463 | val loss=0.7895 mAP=0.463 | person=0.365 | car=0.452 | bicycle=0.056 | background=0.980
  💾 Meilleur IR sauvegardé (val mAP=0.463)
[IR]  22/30 | train loss=0.5082 mAP=0.464 | val loss=0.7868 mAP=0.463 | person=0.365 | car=0.452 | bicycle=0.056 | background=0.980
  💾 Meilleur IR sauvegardé (val mAP=0.463)
[IR]  23/30 | train loss=0.5076 mAP=0.464 | val loss=0.7836 mAP=0.463 | person=0.365 | car=0.453 | bicycle=0.056 | background=0.980
  💾 Meilleur IR sauvegardé (val mAP=0.463)
[IR]  24/30 | train loss=0.5073 mAP=0.464 | val loss=0.7865 mAP=0.464 | person=0.366 | car=0.453 | bicycle=0.056 | background=0.980
  💾 Meilleur IR sauvegardé (val mAP=0.464)
[IR]  25/30 | train loss=0.5070 mAP=0.465 | val loss=0.7840 mAP=0.464 | person=0.366 | car=0.453 | bicycle=0.056 | background=0.980
  💾 Meilleur IR sauvegardé (val mAP=0.464)
[IR]  26/30 | train loss=0.5067 mAP=0.465 | val loss=0.7835 mAP=0.464 | person=0.366 | car=0.453 | bicycle=0.056 | background=0.980
  💾 Meilleur IR sauvegardé (val mAP=0.464)
[IR]  27/30 | train loss=0.5066 mAP=0.465 | val loss=0.7841 mAP=0.464 | person=0.366 | car=0.453 | bicycle=0.056 | background=0.980
  💾 Meilleur IR sauvegardé (val mAP=0.464)
[IR]  28/30 | train loss=0.5065 mAP=0.465 | val loss=0.7849 mAP=0.464 | person=0.366 | car=0.453 | bicycle=0.056 | background=0.980
  💾 Meilleur IR sauvegardé (val mAP=0.464)
[IR]  29/30 | train loss=0.5064 mAP=0.465 | val loss=0.7847 mAP=0.464 | person=0.366 | car=0.453 | bicycle=0.056 | background=0.980
  💾 Meilleur IR sauvegardé (val mAP=0.464)
[IR]  30/30 | train loss=0.5064 mAP=0.465 | val loss=0.7848 mAP=0.464 | person=0.366 | car=0.453 | bicycle=0.056 | background=0.980
  💾 Meilleur IR sauvegardé (val mAP=0.464)
  📊 Courbe ROC sauvegardée : /home/2023029/PARTAGE/abelgh02/logs/lemumo/lemumo_vits16_llvip-kaistfull04_ep20_bs64_lamb0.1/probings_latest_runs10_cropsize224/roc_curve_ir.png

✨ SCORES ROC FINAUX POUR IR (Meilleure Époque) :
METRIC_AUC_IR_PERSON: 0.8868
METRIC_AUC_IR_CAR: 0.8924
METRIC_AUC_IR_BICYCLE: 0.8911
METRIC_AUC_IR_BACKGROUND: 0.9153

=======================================================
  Linear Probing OFFLINE — mode : BOTH
=======================================================
[train] mode=both | 4129 images (0 ignorées) | person=23408 patches | car=70689 patches | bicycle=6911 patches | background=718426 patches
[val] mode=both | 1013 images (0 ignorées) | person=15537 patches | car=21472 patches | bicycle=1588 patches | background=163479 patches
✅ Le MuMo encoder chargé depuis /home/2023029/PARTAGE/abelgh02/logs/lemumo/lemumo_vits16_llvip-kaistfull04_ep20_bs64_lamb0.1/latest.pt (run lemumo_vits16_llvip-kaistfull04_ep20_bs64_lamb0.1, variant=prune_after_first, ViT-small)
  ⚡ Features déjà extraites trouvées : chargement depuis /home/2023029/PARTAGE/abelgh02/logs/lemumo/lemumo_vits16_llvip-kaistfull04_ep20_bs64_lamb0.1/probings_latest_runs10_cropsize224/both_train_features_tbmTrue.pt
  ⚡ Features déjà extraites trouvées : chargement depuis /home/2023029/PARTAGE/abelgh02/logs/lemumo/lemumo_vits16_llvip-kaistfull04_ep20_bs64_lamb0.1/probings_latest_runs10_cropsize224/both_val_features_tbmTrue.pt
🔒 Graine aléatoire fixée à : 51
[BOTH]   1/30 | train loss=0.6958 mAP=0.387 | val loss=0.8555 mAP=0.443 | person=0.296 | car=0.452 | bicycle=0.047 | background=0.977
  💾 Meilleur BOTH sauvegardé (val mAP=0.443)
[BOTH]   2/30 | train loss=0.5559 mAP=0.432 | val loss=0.8186 mAP=0.458 | person=0.327 | car=0.470 | bicycle=0.054 | background=0.980
  💾 Meilleur BOTH sauvegardé (val mAP=0.458)
[BOTH]   3/30 | train loss=0.5297 mAP=0.448 | val loss=0.7729 mAP=0.466 | person=0.342 | car=0.484 | bicycle=0.056 | background=0.981
  💾 Meilleur BOTH sauvegardé (val mAP=0.466)
[BOTH]   4/30 | train loss=0.5161 mAP=0.458 | val loss=0.8016 mAP=0.472 | person=0.356 | car=0.492 | bicycle=0.056 | background=0.982
  💾 Meilleur BOTH sauvegardé (val mAP=0.472)
[BOTH]   5/30 | train loss=0.5057 mAP=0.464 | val loss=0.7587 mAP=0.476 | person=0.363 | car=0.500 | bicycle=0.057 | background=0.983
  💾 Meilleur BOTH sauvegardé (val mAP=0.476)
[BOTH]   6/30 | train loss=0.4997 mAP=0.469 | val loss=0.7742 mAP=0.479 | person=0.369 | car=0.505 | bicycle=0.057 | background=0.983
  💾 Meilleur BOTH sauvegardé (val mAP=0.479)
[BOTH]   7/30 | train loss=0.4894 mAP=0.477 | val loss=0.7729 mAP=0.482 | person=0.376 | car=0.510 | bicycle=0.058 | background=0.983
  💾 Meilleur BOTH sauvegardé (val mAP=0.482)
[BOTH]   8/30 | train loss=0.4841 mAP=0.482 | val loss=0.7567 mAP=0.484 | person=0.379 | car=0.513 | bicycle=0.059 | background=0.984
  💾 Meilleur BOTH sauvegardé (val mAP=0.484)
[BOTH]   9/30 | train loss=0.4798 mAP=0.485 | val loss=0.7591 mAP=0.485 | person=0.381 | car=0.515 | bicycle=0.061 | background=0.984
  💾 Meilleur BOTH sauvegardé (val mAP=0.485)
[BOTH]  10/30 | train loss=0.4769 mAP=0.488 | val loss=0.7712 mAP=0.486 | person=0.382 | car=0.517 | bicycle=0.060 | background=0.984
  💾 Meilleur BOTH sauvegardé (val mAP=0.486)
[BOTH]  11/30 | train loss=0.4737 mAP=0.489 | val loss=0.7728 mAP=0.487 | person=0.385 | car=0.519 | bicycle=0.061 | background=0.984
  💾 Meilleur BOTH sauvegardé (val mAP=0.487)
[BOTH]  12/30 | train loss=0.4710 mAP=0.493 | val loss=0.7378 mAP=0.488 | person=0.388 | car=0.519 | bicycle=0.061 | background=0.984
  💾 Meilleur BOTH sauvegardé (val mAP=0.488)
[BOTH]  13/30 | train loss=0.4695 mAP=0.494 | val loss=0.7459 mAP=0.489 | person=0.391 | car=0.521 | bicycle=0.062 | background=0.984
  💾 Meilleur BOTH sauvegardé (val mAP=0.489)
[BOTH]  14/30 | train loss=0.4658 mAP=0.497 | val loss=0.7387 mAP=0.490 | person=0.391 | car=0.523 | bicycle=0.062 | background=0.984
  💾 Meilleur BOTH sauvegardé (val mAP=0.490)
[BOTH]  15/30 | train loss=0.4645 mAP=0.498 | val loss=0.7442 mAP=0.490 | person=0.392 | car=0.523 | bicycle=0.062 | background=0.984
  💾 Meilleur BOTH sauvegardé (val mAP=0.490)
[BOTH]  16/30 | train loss=0.4622 mAP=0.500 | val loss=0.7414 mAP=0.491 | person=0.394 | car=0.524 | bicycle=0.063 | background=0.984
  💾 Meilleur BOTH sauvegardé (val mAP=0.491)
[BOTH]  17/30 | train loss=0.4607 mAP=0.502 | val loss=0.7333 mAP=0.491 | person=0.394 | car=0.525 | bicycle=0.063 | background=0.984
  💾 Meilleur BOTH sauvegardé (val mAP=0.491)
[BOTH]  18/30 | train loss=0.4598 mAP=0.503 | val loss=0.7436 mAP=0.492 | person=0.395 | car=0.526 | bicycle=0.063 | background=0.984
  💾 Meilleur BOTH sauvegardé (val mAP=0.492)
[BOTH]  19/30 | train loss=0.4590 mAP=0.503 | val loss=0.7356 mAP=0.492 | person=0.395 | car=0.526 | bicycle=0.063 | background=0.984
[BOTH]  20/30 | train loss=0.4578 mAP=0.504 | val loss=0.7241 mAP=0.493 | person=0.398 | car=0.527 | bicycle=0.063 | background=0.985
  💾 Meilleur BOTH sauvegardé (val mAP=0.493)
[BOTH]  21/30 | train loss=0.4571 mAP=0.505 | val loss=0.7217 mAP=0.493 | person=0.396 | car=0.527 | bicycle=0.063 | background=0.985
[BOTH]  22/30 | train loss=0.4563 mAP=0.506 | val loss=0.7229 mAP=0.493 | person=0.397 | car=0.528 | bicycle=0.063 | background=0.985
  💾 Meilleur BOTH sauvegardé (val mAP=0.493)
[BOTH]  23/30 | train loss=0.4559 mAP=0.506 | val loss=0.7369 mAP=0.493 | person=0.397 | car=0.527 | bicycle=0.063 | background=0.985
[BOTH]  24/30 | train loss=0.4554 mAP=0.506 | val loss=0.7293 mAP=0.493 | person=0.397 | car=0.528 | bicycle=0.063 | background=0.985
[BOTH]  25/30 | train loss=0.4551 mAP=0.507 | val loss=0.7381 mAP=0.493 | person=0.398 | car=0.528 | bicycle=0.063 | background=0.985
  💾 Meilleur BOTH sauvegardé (val mAP=0.493)
[BOTH]  26/30 | train loss=0.4549 mAP=0.507 | val loss=0.7297 mAP=0.493 | person=0.398 | car=0.528 | bicycle=0.063 | background=0.985
  💾 Meilleur BOTH sauvegardé (val mAP=0.493)
[BOTH]  27/30 | train loss=0.4547 mAP=0.507 | val loss=0.7321 mAP=0.493 | person=0.398 | car=0.528 | bicycle=0.063 | background=0.985
  💾 Meilleur BOTH sauvegardé (val mAP=0.493)
[BOTH]  28/30 | train loss=0.4545 mAP=0.508 | val loss=0.7336 mAP=0.494 | person=0.398 | car=0.528 | bicycle=0.063 | background=0.985
  💾 Meilleur BOTH sauvegardé (val mAP=0.494)
[BOTH]  29/30 | train loss=0.4545 mAP=0.508 | val loss=0.7325 mAP=0.494 | person=0.398 | car=0.528 | bicycle=0.063 | background=0.985
  💾 Meilleur BOTH sauvegardé (val mAP=0.494)
[BOTH]  30/30 | train loss=0.4544 mAP=0.508 | val loss=0.7325 mAP=0.494 | person=0.398 | car=0.528 | bicycle=0.063 | background=0.985
  📊 Courbe ROC sauvegardée : /home/2023029/PARTAGE/abelgh02/logs/lemumo/lemumo_vits16_llvip-kaistfull04_ep20_bs64_lamb0.1/probings_latest_runs10_cropsize224/roc_curve_both.png

✨ SCORES ROC FINAUX POUR BOTH (Meilleure Époque) :
METRIC_AUC_BOTH_PERSON: 0.8952
METRIC_AUC_BOTH_CAR: 0.9174
METRIC_AUC_BOTH_BICYCLE: 0.9055
METRIC_AUC_BOTH_BACKGROUND: 0.9327

=======================================================
  Linear Probing OFFLINE — mode : JOINT
=======================================================
[train] mode=joint | 4129 images (0 ignorées) | person=23408 patches | car=70689 patches | bicycle=6911 patches | background=718426 patches
[val] mode=joint | 1013 images (0 ignorées) | person=15537 patches | car=21472 patches | bicycle=1588 patches | background=163479 patches
✅ Le MuMo encoder chargé depuis /home/2023029/PARTAGE/abelgh02/logs/lemumo/lemumo_vits16_llvip-kaistfull04_ep20_bs64_lamb0.1/latest.pt (run lemumo_vits16_llvip-kaistfull04_ep20_bs64_lamb0.1, variant=prune_after_first, ViT-small)
  ⚡ Features déjà extraites trouvées : chargement depuis /home/2023029/PARTAGE/abelgh02/logs/lemumo/lemumo_vits16_llvip-kaistfull04_ep20_bs64_lamb0.1/probings_latest_runs10_cropsize224/joint_train_features_tbmTrue.pt
  ⚡ Features déjà extraites trouvées : chargement depuis /home/2023029/PARTAGE/abelgh02/logs/lemumo/lemumo_vits16_llvip-kaistfull04_ep20_bs64_lamb0.1/probings_latest_runs10_cropsize224/joint_val_features_tbmTrue.pt
🔒 Graine aléatoire fixée à : 51
[JOINT]   1/30 | train loss=0.8197 mAP=0.365 | val loss=0.9033 mAP=0.418 | person=0.239 | car=0.424 | bicycle=0.039 | background=0.972
  💾 Meilleur JOINT sauvegardé (val mAP=0.418)
[JOINT]   2/30 | train loss=0.6112 mAP=0.415 | val loss=0.8600 mAP=0.437 | person=0.277 | car=0.452 | bicycle=0.043 | background=0.977
  💾 Meilleur JOINT sauvegardé (val mAP=0.437)
[JOINT]   3/30 | train loss=0.5717 mAP=0.429 | val loss=0.8248 mAP=0.447 | person=0.295 | car=0.467 | bicycle=0.047 | background=0.979
  💾 Meilleur JOINT sauvegardé (val mAP=0.447)
[JOINT]   4/30 | train loss=0.5537 mAP=0.438 | val loss=0.8131 mAP=0.453 | person=0.307 | car=0.473 | bicycle=0.049 | background=0.980
  💾 Meilleur JOINT sauvegardé (val mAP=0.453)
[JOINT]   5/30 | train loss=0.5409 mAP=0.444 | val loss=0.8128 mAP=0.457 | person=0.317 | car=0.478 | bicycle=0.050 | background=0.981
  💾 Meilleur JOINT sauvegardé (val mAP=0.457)
[JOINT]   6/30 | train loss=0.5322 mAP=0.448 | val loss=0.8169 mAP=0.459 | person=0.320 | car=0.483 | bicycle=0.052 | background=0.981
  💾 Meilleur JOINT sauvegardé (val mAP=0.459)
[JOINT]   7/30 | train loss=0.5257 mAP=0.452 | val loss=0.8116 mAP=0.461 | person=0.325 | car=0.486 | bicycle=0.053 | background=0.981
  💾 Meilleur JOINT sauvegardé (val mAP=0.461)
[JOINT]   8/30 | train loss=0.5206 mAP=0.455 | val loss=0.7933 mAP=0.463 | person=0.330 | car=0.488 | bicycle=0.054 | background=0.982
  💾 Meilleur JOINT sauvegardé (val mAP=0.463)
[JOINT]   9/30 | train loss=0.5166 mAP=0.458 | val loss=0.7935 mAP=0.465 | person=0.333 | car=0.491 | bicycle=0.055 | background=0.982
  💾 Meilleur JOINT sauvegardé (val mAP=0.465)
[JOINT]  10/30 | train loss=0.5125 mAP=0.460 | val loss=0.7863 mAP=0.468 | person=0.341 | car=0.491 | bicycle=0.056 | background=0.982
  💾 Meilleur JOINT sauvegardé (val mAP=0.468)
[JOINT]  11/30 | train loss=0.5092 mAP=0.462 | val loss=0.7858 mAP=0.468 | person=0.341 | car=0.492 | bicycle=0.056 | background=0.982
  💾 Meilleur JOINT sauvegardé (val mAP=0.468)
[JOINT]  12/30 | train loss=0.5062 mAP=0.464 | val loss=0.7745 mAP=0.469 | person=0.343 | car=0.494 | bicycle=0.057 | background=0.982
  💾 Meilleur JOINT sauvegardé (val mAP=0.469)
[JOINT]  13/30 | train loss=0.5042 mAP=0.466 | val loss=0.7897 mAP=0.470 | person=0.344 | car=0.495 | bicycle=0.057 | background=0.982
  💾 Meilleur JOINT sauvegardé (val mAP=0.470)
[JOINT]  14/30 | train loss=0.5018 mAP=0.467 | val loss=0.7843 mAP=0.470 | person=0.345 | car=0.495 | bicycle=0.058 | background=0.982
  💾 Meilleur JOINT sauvegardé (val mAP=0.470)
[JOINT]  15/30 | train loss=0.5004 mAP=0.468 | val loss=0.7814 mAP=0.470 | person=0.345 | car=0.496 | bicycle=0.058 | background=0.983
  💾 Meilleur JOINT sauvegardé (val mAP=0.470)
[JOINT]  16/30 | train loss=0.4989 mAP=0.469 | val loss=0.7788 mAP=0.471 | person=0.347 | car=0.497 | bicycle=0.058 | background=0.983
  💾 Meilleur JOINT sauvegardé (val mAP=0.471)
[JOINT]  17/30 | train loss=0.4972 mAP=0.471 | val loss=0.7753 mAP=0.471 | person=0.348 | car=0.497 | bicycle=0.058 | background=0.983
  💾 Meilleur JOINT sauvegardé (val mAP=0.471)
[JOINT]  18/30 | train loss=0.4960 mAP=0.472 | val loss=0.7787 mAP=0.472 | person=0.348 | car=0.497 | bicycle=0.059 | background=0.983
  💾 Meilleur JOINT sauvegardé (val mAP=0.472)
[JOINT]  19/30 | train loss=0.4950 mAP=0.473 | val loss=0.7827 mAP=0.472 | person=0.350 | car=0.498 | bicycle=0.059 | background=0.983
  💾 Meilleur JOINT sauvegardé (val mAP=0.472)
[JOINT]  20/30 | train loss=0.4943 mAP=0.473 | val loss=0.7768 mAP=0.473 | person=0.351 | car=0.498 | bicycle=0.059 | background=0.983
  💾 Meilleur JOINT sauvegardé (val mAP=0.473)
[JOINT]  21/30 | train loss=0.4935 mAP=0.474 | val loss=0.7761 mAP=0.473 | person=0.352 | car=0.499 | bicycle=0.059 | background=0.983
  💾 Meilleur JOINT sauvegardé (val mAP=0.473)
[JOINT]  22/30 | train loss=0.4928 mAP=0.474 | val loss=0.7767 mAP=0.473 | person=0.351 | car=0.499 | bicycle=0.059 | background=0.983
[JOINT]  23/30 | train loss=0.4922 mAP=0.475 | val loss=0.7763 mAP=0.473 | person=0.351 | car=0.499 | bicycle=0.059 | background=0.983
[JOINT]  24/30 | train loss=0.4918 mAP=0.475 | val loss=0.7753 mAP=0.473 | person=0.352 | car=0.499 | bicycle=0.059 | background=0.983
  💾 Meilleur JOINT sauvegardé (val mAP=0.473)
[JOINT]  25/30 | train loss=0.4915 mAP=0.475 | val loss=0.7754 mAP=0.473 | person=0.352 | car=0.499 | bicycle=0.059 | background=0.983
  💾 Meilleur JOINT sauvegardé (val mAP=0.473)
[JOINT]  26/30 | train loss=0.4914 mAP=0.475 | val loss=0.7738 mAP=0.473 | person=0.352 | car=0.499 | bicycle=0.059 | background=0.983
  💾 Meilleur JOINT sauvegardé (val mAP=0.473)
[JOINT]  27/30 | train loss=0.4911 mAP=0.475 | val loss=0.7745 mAP=0.473 | person=0.352 | car=0.500 | bicycle=0.059 | background=0.983
  💾 Meilleur JOINT sauvegardé (val mAP=0.473)
[JOINT]  28/30 | train loss=0.4910 mAP=0.475 | val loss=0.7750 mAP=0.473 | person=0.352 | car=0.500 | bicycle=0.059 | background=0.983
  💾 Meilleur JOINT sauvegardé (val mAP=0.473)
[JOINT]  29/30 | train loss=0.4909 mAP=0.476 | val loss=0.7751 mAP=0.473 | person=0.352 | car=0.500 | bicycle=0.059 | background=0.983
  💾 Meilleur JOINT sauvegardé (val mAP=0.473)
[JOINT]  30/30 | train loss=0.4909 mAP=0.476 | val loss=0.7749 mAP=0.473 | person=0.352 | car=0.500 | bicycle=0.059 | background=0.983
  💾 Meilleur JOINT sauvegardé (val mAP=0.473)
  📊 Courbe ROC sauvegardée : /home/2023029/PARTAGE/abelgh02/logs/lemumo/lemumo_vits16_llvip-kaistfull04_ep20_bs64_lamb0.1/probings_latest_runs10_cropsize224/roc_curve_joint.png

✨ SCORES ROC FINAUX POUR JOINT (Meilleure Époque) :
METRIC_AUC_JOINT_PERSON: 0.8849
METRIC_AUC_JOINT_CAR: 0.9094
METRIC_AUC_JOINT_BICYCLE: 0.8931
METRIC_AUC_JOINT_BACKGROUND: 0.9256

=======================================================
  RÉSUMÉ FINAL — Linear Probing JEPA sur FLIR Aligned
=======================================================
  RGB   │ █████████████                  │ mAP=0.444
  IR    │ █████████████                  │ mAP=0.464
  BOTH  │ ██████████████                 │ mAP=0.494
  JOINT │ ██████████████                 │ mAP=0.473
=======================================================

✅ mAP RGB ≈ mAP IR (gap < 5%) → le target_encoder aligne bien les deux modalités.
ℹ️  La fusion apporte +0.030 → les modalités restent complémentaires.

▶️  RUN 10/10 | cuda:0 | Seed: 52

=======================================================
  Linear Probing OFFLINE — mode : RGB
=======================================================
[train] mode=rgb | 4129 images (0 ignorées) | person=23408 patches | car=70689 patches | bicycle=6911 patches | background=718426 patches
[val] mode=rgb | 1013 images (0 ignorées) | person=15537 patches | car=21472 patches | bicycle=1588 patches | background=163479 patches
✅ Le MuMo encoder chargé depuis /home/2023029/PARTAGE/abelgh02/logs/lemumo/lemumo_vits16_llvip-kaistfull04_ep20_bs64_lamb0.1/latest.pt (run lemumo_vits16_llvip-kaistfull04_ep20_bs64_lamb0.1, variant=prune_after_first, ViT-small)
  ⚡ Features déjà extraites trouvées : chargement depuis /home/2023029/PARTAGE/abelgh02/logs/lemumo/lemumo_vits16_llvip-kaistfull04_ep20_bs64_lamb0.1/probings_latest_runs10_cropsize224/rgb_train_features_tbmTrue.pt
  ⚡ Features déjà extraites trouvées : chargement depuis /home/2023029/PARTAGE/abelgh02/logs/lemumo/lemumo_vits16_llvip-kaistfull04_ep20_bs64_lamb0.1/probings_latest_runs10_cropsize224/rgb_val_features_tbmTrue.pt
🔒 Graine aléatoire fixée à : 52
[RGB]   1/30 | train loss=0.8520 mAP=0.333 | val loss=1.0330 mAP=0.389 | person=0.213 | car=0.350 | bicycle=0.031 | background=0.962
  💾 Meilleur RGB sauvegardé (val mAP=0.389)
[RGB]   2/30 | train loss=0.7054 mAP=0.364 | val loss=0.9939 mAP=0.404 | person=0.231 | car=0.382 | bicycle=0.033 | background=0.969
  💾 Meilleur RGB sauvegardé (val mAP=0.404)
[RGB]   3/30 | train loss=0.6661 mAP=0.374 | val loss=0.9429 mAP=0.412 | person=0.241 | car=0.399 | bicycle=0.035 | background=0.973
  💾 Meilleur RGB sauvegardé (val mAP=0.412)
[RGB]   4/30 | train loss=0.6442 mAP=0.381 | val loss=0.9356 mAP=0.418 | person=0.249 | car=0.412 | bicycle=0.036 | background=0.974
  💾 Meilleur RGB sauvegardé (val mAP=0.418)
[RGB]   5/30 | train loss=0.6301 mAP=0.386 | val loss=0.9270 mAP=0.421 | person=0.254 | car=0.420 | bicycle=0.037 | background=0.975
  💾 Meilleur RGB sauvegardé (val mAP=0.421)
[RGB]   6/30 | train loss=0.6175 mAP=0.391 | val loss=0.9131 mAP=0.425 | person=0.258 | car=0.428 | bicycle=0.037 | background=0.976
  💾 Meilleur RGB sauvegardé (val mAP=0.425)
[RGB]   7/30 | train loss=0.6099 mAP=0.394 | val loss=0.9458 mAP=0.427 | person=0.262 | car=0.433 | bicycle=0.038 | background=0.976
  💾 Meilleur RGB sauvegardé (val mAP=0.427)
[RGB]   8/30 | train loss=0.6053 mAP=0.396 | val loss=0.9061 mAP=0.430 | person=0.266 | car=0.439 | bicycle=0.038 | background=0.977
  💾 Meilleur RGB sauvegardé (val mAP=0.430)
[RGB]   9/30 | train loss=0.5981 mAP=0.399 | val loss=0.9055 mAP=0.432 | person=0.268 | car=0.443 | bicycle=0.039 | background=0.977
  💾 Meilleur RGB sauvegardé (val mAP=0.432)
[RGB]  10/30 | train loss=0.5935 mAP=0.401 | val loss=0.9320 mAP=0.434 | person=0.271 | car=0.448 | bicycle=0.040 | background=0.977
  💾 Meilleur RGB sauvegardé (val mAP=0.434)
[RGB]  11/30 | train loss=0.5902 mAP=0.403 | val loss=0.8958 mAP=0.436 | person=0.274 | car=0.451 | bicycle=0.040 | background=0.978
  💾 Meilleur RGB sauvegardé (val mAP=0.436)
[RGB]  12/30 | train loss=0.5877 mAP=0.405 | val loss=0.8655 mAP=0.437 | person=0.277 | car=0.453 | bicycle=0.041 | background=0.978
  💾 Meilleur RGB sauvegardé (val mAP=0.437)
[RGB]  13/30 | train loss=0.5846 mAP=0.407 | val loss=0.8950 mAP=0.438 | person=0.278 | car=0.456 | bicycle=0.041 | background=0.978
  💾 Meilleur RGB sauvegardé (val mAP=0.438)
[RGB]  14/30 | train loss=0.5821 mAP=0.409 | val loss=0.8713 mAP=0.439 | person=0.279 | car=0.457 | bicycle=0.041 | background=0.978
  💾 Meilleur RGB sauvegardé (val mAP=0.439)
[RGB]  15/30 | train loss=0.5806 mAP=0.409 | val loss=0.8888 mAP=0.440 | person=0.280 | car=0.459 | bicycle=0.042 | background=0.978
  💾 Meilleur RGB sauvegardé (val mAP=0.440)
[RGB]  16/30 | train loss=0.5781 mAP=0.411 | val loss=0.9014 mAP=0.441 | person=0.281 | car=0.462 | bicycle=0.042 | background=0.978
  💾 Meilleur RGB sauvegardé (val mAP=0.441)
[RGB]  17/30 | train loss=0.5764 mAP=0.412 | val loss=0.8870 mAP=0.441 | person=0.282 | car=0.463 | bicycle=0.042 | background=0.978
  💾 Meilleur RGB sauvegardé (val mAP=0.441)
[RGB]  18/30 | train loss=0.5757 mAP=0.412 | val loss=0.8803 mAP=0.442 | person=0.283 | car=0.463 | bicycle=0.043 | background=0.978
  💾 Meilleur RGB sauvegardé (val mAP=0.442)
[RGB]  19/30 | train loss=0.5756 mAP=0.413 | val loss=0.8913 mAP=0.442 | person=0.283 | car=0.465 | bicycle=0.043 | background=0.978
  💾 Meilleur RGB sauvegardé (val mAP=0.442)
[RGB]  20/30 | train loss=0.5736 mAP=0.413 | val loss=0.8803 mAP=0.443 | person=0.284 | car=0.466 | bicycle=0.043 | background=0.978
  💾 Meilleur RGB sauvegardé (val mAP=0.443)
[RGB]  21/30 | train loss=0.5726 mAP=0.414 | val loss=0.8774 mAP=0.443 | person=0.285 | car=0.467 | bicycle=0.043 | background=0.979
  💾 Meilleur RGB sauvegardé (val mAP=0.443)
[RGB]  22/30 | train loss=0.5722 mAP=0.414 | val loss=0.8825 mAP=0.443 | person=0.285 | car=0.467 | bicycle=0.043 | background=0.979
  💾 Meilleur RGB sauvegardé (val mAP=0.443)
[RGB]  23/30 | train loss=0.5713 mAP=0.415 | val loss=0.8894 mAP=0.444 | person=0.285 | car=0.468 | bicycle=0.043 | background=0.979
  💾 Meilleur RGB sauvegardé (val mAP=0.444)
[RGB]  24/30 | train loss=0.5710 mAP=0.415 | val loss=0.8935 mAP=0.444 | person=0.285 | car=0.468 | bicycle=0.043 | background=0.979
  💾 Meilleur RGB sauvegardé (val mAP=0.444)
[RGB]  25/30 | train loss=0.5707 mAP=0.415 | val loss=0.8807 mAP=0.444 | person=0.286 | car=0.468 | bicycle=0.043 | background=0.979
  💾 Meilleur RGB sauvegardé (val mAP=0.444)
[RGB]  26/30 | train loss=0.5705 mAP=0.416 | val loss=0.8872 mAP=0.444 | person=0.285 | car=0.468 | bicycle=0.043 | background=0.979
  💾 Meilleur RGB sauvegardé (val mAP=0.444)
[RGB]  27/30 | train loss=0.5702 mAP=0.416 | val loss=0.8886 mAP=0.444 | person=0.285 | car=0.468 | bicycle=0.043 | background=0.979
  💾 Meilleur RGB sauvegardé (val mAP=0.444)
[RGB]  28/30 | train loss=0.5701 mAP=0.416 | val loss=0.8852 mAP=0.444 | person=0.286 | car=0.468 | bicycle=0.043 | background=0.979
  💾 Meilleur RGB sauvegardé (val mAP=0.444)
[RGB]  29/30 | train loss=0.5700 mAP=0.416 | val loss=0.8855 mAP=0.444 | person=0.286 | car=0.468 | bicycle=0.043 | background=0.979
  💾 Meilleur RGB sauvegardé (val mAP=0.444)
[RGB]  30/30 | train loss=0.5700 mAP=0.416 | val loss=0.8857 mAP=0.444 | person=0.286 | car=0.468 | bicycle=0.043 | background=0.979
  💾 Meilleur RGB sauvegardé (val mAP=0.444)
  📊 Courbe ROC sauvegardée : /home/2023029/PARTAGE/abelgh02/logs/lemumo/lemumo_vits16_llvip-kaistfull04_ep20_bs64_lamb0.1/probings_latest_runs10_cropsize224/roc_curve_rgb.png

✨ SCORES ROC FINAUX POUR RGB (Meilleure Époque) :
METRIC_AUC_RGB_PERSON: 0.8509
METRIC_AUC_RGB_CAR: 0.9010
METRIC_AUC_RGB_BICYCLE: 0.8710
METRIC_AUC_RGB_BACKGROUND: 0.9091

=======================================================
  Linear Probing OFFLINE — mode : IR
=======================================================
[train] mode=ir | 4129 images (0 ignorées) | person=23408 patches | car=70689 patches | bicycle=6911 patches | background=718426 patches
[val] mode=ir | 1013 images (0 ignorées) | person=15537 patches | car=21472 patches | bicycle=1588 patches | background=163479 patches
✅ Le MuMo encoder chargé depuis /home/2023029/PARTAGE/abelgh02/logs/lemumo/lemumo_vits16_llvip-kaistfull04_ep20_bs64_lamb0.1/latest.pt (run lemumo_vits16_llvip-kaistfull04_ep20_bs64_lamb0.1, variant=prune_after_first, ViT-small)
  ⚡ Features déjà extraites trouvées : chargement depuis /home/2023029/PARTAGE/abelgh02/logs/lemumo/lemumo_vits16_llvip-kaistfull04_ep20_bs64_lamb0.1/probings_latest_runs10_cropsize224/ir_train_features_tbmTrue.pt
  ⚡ Features déjà extraites trouvées : chargement depuis /home/2023029/PARTAGE/abelgh02/logs/lemumo/lemumo_vits16_llvip-kaistfull04_ep20_bs64_lamb0.1/probings_latest_runs10_cropsize224/ir_val_features_tbmTrue.pt
🔒 Graine aléatoire fixée à : 52
[IR]   1/30 | train loss=0.8180 mAP=0.361 | val loss=0.9063 mAP=0.427 | person=0.262 | car=0.433 | bicycle=0.041 | background=0.973
  💾 Meilleur IR sauvegardé (val mAP=0.427)
[IR]   2/30 | train loss=0.6231 mAP=0.414 | val loss=0.8635 mAP=0.439 | person=0.297 | car=0.436 | bicycle=0.046 | background=0.976
  💾 Meilleur IR sauvegardé (val mAP=0.439)
[IR]   3/30 | train loss=0.5870 mAP=0.426 | val loss=0.8366 mAP=0.445 | person=0.315 | car=0.439 | bicycle=0.047 | background=0.977
  💾 Meilleur IR sauvegardé (val mAP=0.445)
[IR]   4/30 | train loss=0.5699 mAP=0.432 | val loss=0.8334 mAP=0.448 | person=0.324 | car=0.442 | bicycle=0.049 | background=0.978
  💾 Meilleur IR sauvegardé (val mAP=0.448)
[IR]   5/30 | train loss=0.5581 mAP=0.438 | val loss=0.8108 mAP=0.450 | person=0.332 | car=0.441 | bicycle=0.051 | background=0.978
  💾 Meilleur IR sauvegardé (val mAP=0.450)
[IR]   6/30 | train loss=0.5496 mAP=0.441 | val loss=0.8049 mAP=0.453 | person=0.338 | car=0.443 | bicycle=0.051 | background=0.979
  💾 Meilleur IR sauvegardé (val mAP=0.453)
[IR]   7/30 | train loss=0.5422 mAP=0.445 | val loss=0.8140 mAP=0.454 | person=0.342 | car=0.444 | bicycle=0.052 | background=0.979
  💾 Meilleur IR sauvegardé (val mAP=0.454)
[IR]   8/30 | train loss=0.5364 mAP=0.447 | val loss=0.8136 mAP=0.456 | person=0.347 | car=0.443 | bicycle=0.053 | background=0.979
  💾 Meilleur IR sauvegardé (val mAP=0.456)
[IR]   9/30 | train loss=0.5320 mAP=0.450 | val loss=0.7935 mAP=0.456 | person=0.346 | car=0.444 | bicycle=0.054 | background=0.979
  💾 Meilleur IR sauvegardé (val mAP=0.456)
[IR]  10/30 | train loss=0.5290 mAP=0.451 | val loss=0.7990 mAP=0.458 | person=0.351 | car=0.446 | bicycle=0.054 | background=0.979
  💾 Meilleur IR sauvegardé (val mAP=0.458)
[IR]  11/30 | train loss=0.5247 mAP=0.453 | val loss=0.8007 mAP=0.459 | person=0.355 | car=0.446 | bicycle=0.055 | background=0.980
  💾 Meilleur IR sauvegardé (val mAP=0.459)
[IR]  12/30 | train loss=0.5221 mAP=0.455 | val loss=0.7836 mAP=0.460 | person=0.358 | car=0.446 | bicycle=0.055 | background=0.980
  💾 Meilleur IR sauvegardé (val mAP=0.460)
[IR]  13/30 | train loss=0.5195 mAP=0.457 | val loss=0.7966 mAP=0.460 | person=0.358 | car=0.447 | bicycle=0.056 | background=0.980
  💾 Meilleur IR sauvegardé (val mAP=0.460)
[IR]  14/30 | train loss=0.5174 mAP=0.458 | val loss=0.7850 mAP=0.460 | person=0.358 | car=0.447 | bicycle=0.056 | background=0.980
  💾 Meilleur IR sauvegardé (val mAP=0.460)
[IR]  15/30 | train loss=0.5158 mAP=0.459 | val loss=0.7885 mAP=0.461 | person=0.360 | car=0.448 | bicycle=0.056 | background=0.980
  💾 Meilleur IR sauvegardé (val mAP=0.461)
[IR]  16/30 | train loss=0.5140 mAP=0.460 | val loss=0.7875 mAP=0.461 | person=0.361 | car=0.449 | bicycle=0.056 | background=0.980
  💾 Meilleur IR sauvegardé (val mAP=0.461)
[IR]  17/30 | train loss=0.5126 mAP=0.461 | val loss=0.7891 mAP=0.462 | person=0.361 | car=0.449 | bicycle=0.056 | background=0.980
  💾 Meilleur IR sauvegardé (val mAP=0.462)
[IR]  18/30 | train loss=0.5116 mAP=0.461 | val loss=0.7754 mAP=0.463 | person=0.364 | car=0.450 | bicycle=0.056 | background=0.980
  💾 Meilleur IR sauvegardé (val mAP=0.463)
[IR]  19/30 | train loss=0.5106 mAP=0.462 | val loss=0.7807 mAP=0.462 | person=0.363 | car=0.450 | bicycle=0.057 | background=0.980
[IR]  20/30 | train loss=0.5096 mAP=0.463 | val loss=0.7853 mAP=0.463 | person=0.365 | car=0.450 | bicycle=0.057 | background=0.980
  💾 Meilleur IR sauvegardé (val mAP=0.463)
[IR]  21/30 | train loss=0.5089 mAP=0.463 | val loss=0.7823 mAP=0.463 | person=0.366 | car=0.451 | bicycle=0.057 | background=0.980
  💾 Meilleur IR sauvegardé (val mAP=0.463)
[IR]  22/30 | train loss=0.5082 mAP=0.464 | val loss=0.7823 mAP=0.463 | person=0.366 | car=0.450 | bicycle=0.057 | background=0.980
  💾 Meilleur IR sauvegardé (val mAP=0.463)
[IR]  23/30 | train loss=0.5079 mAP=0.464 | val loss=0.7857 mAP=0.463 | person=0.366 | car=0.451 | bicycle=0.057 | background=0.980
  💾 Meilleur IR sauvegardé (val mAP=0.463)
[IR]  24/30 | train loss=0.5074 mAP=0.464 | val loss=0.7773 mAP=0.463 | person=0.366 | car=0.451 | bicycle=0.057 | background=0.980
[IR]  25/30 | train loss=0.5071 mAP=0.464 | val loss=0.7807 mAP=0.464 | person=0.366 | car=0.451 | bicycle=0.057 | background=0.980
  💾 Meilleur IR sauvegardé (val mAP=0.464)
[IR]  26/30 | train loss=0.5069 mAP=0.464 | val loss=0.7784 mAP=0.464 | person=0.366 | car=0.451 | bicycle=0.057 | background=0.980
  💾 Meilleur IR sauvegardé (val mAP=0.464)
[IR]  27/30 | train loss=0.5067 mAP=0.465 | val loss=0.7803 mAP=0.464 | person=0.366 | car=0.451 | bicycle=0.057 | background=0.980
  💾 Meilleur IR sauvegardé (val mAP=0.464)
[IR]  28/30 | train loss=0.5066 mAP=0.465 | val loss=0.7805 mAP=0.464 | person=0.366 | car=0.451 | bicycle=0.057 | background=0.980
  💾 Meilleur IR sauvegardé (val mAP=0.464)
[IR]  29/30 | train loss=0.5065 mAP=0.465 | val loss=0.7799 mAP=0.464 | person=0.366 | car=0.451 | bicycle=0.057 | background=0.980
  💾 Meilleur IR sauvegardé (val mAP=0.464)
[IR]  30/30 | train loss=0.5065 mAP=0.465 | val loss=0.7799 mAP=0.464 | person=0.366 | car=0.451 | bicycle=0.057 | background=0.980
  💾 Meilleur IR sauvegardé (val mAP=0.464)
  📊 Courbe ROC sauvegardée : /home/2023029/PARTAGE/abelgh02/logs/lemumo/lemumo_vits16_llvip-kaistfull04_ep20_bs64_lamb0.1/probings_latest_runs10_cropsize224/roc_curve_ir.png

✨ SCORES ROC FINAUX POUR IR (Meilleure Époque) :
METRIC_AUC_IR_PERSON: 0.8875
METRIC_AUC_IR_CAR: 0.8919
METRIC_AUC_IR_BICYCLE: 0.8928
METRIC_AUC_IR_BACKGROUND: 0.9151

=======================================================
  Linear Probing OFFLINE — mode : BOTH
=======================================================
[train] mode=both | 4129 images (0 ignorées) | person=23408 patches | car=70689 patches | bicycle=6911 patches | background=718426 patches
[val] mode=both | 1013 images (0 ignorées) | person=15537 patches | car=21472 patches | bicycle=1588 patches | background=163479 patches
✅ Le MuMo encoder chargé depuis /home/2023029/PARTAGE/abelgh02/logs/lemumo/lemumo_vits16_llvip-kaistfull04_ep20_bs64_lamb0.1/latest.pt (run lemumo_vits16_llvip-kaistfull04_ep20_bs64_lamb0.1, variant=prune_after_first, ViT-small)
  ⚡ Features déjà extraites trouvées : chargement depuis /home/2023029/PARTAGE/abelgh02/logs/lemumo/lemumo_vits16_llvip-kaistfull04_ep20_bs64_lamb0.1/probings_latest_runs10_cropsize224/both_train_features_tbmTrue.pt
  ⚡ Features déjà extraites trouvées : chargement depuis /home/2023029/PARTAGE/abelgh02/logs/lemumo/lemumo_vits16_llvip-kaistfull04_ep20_bs64_lamb0.1/probings_latest_runs10_cropsize224/both_val_features_tbmTrue.pt
🔒 Graine aléatoire fixée à : 52
[BOTH]   1/30 | train loss=0.7176 mAP=0.385 | val loss=0.9038 mAP=0.441 | person=0.292 | car=0.447 | bicycle=0.047 | background=0.977
  💾 Meilleur BOTH sauvegardé (val mAP=0.441)
[BOTH]   2/30 | train loss=0.5568 mAP=0.432 | val loss=0.8153 mAP=0.459 | person=0.330 | car=0.471 | bicycle=0.055 | background=0.980
  💾 Meilleur BOTH sauvegardé (val mAP=0.459)
[BOTH]   3/30 | train loss=0.5298 mAP=0.449 | val loss=0.7849 mAP=0.467 | person=0.345 | car=0.483 | bicycle=0.056 | background=0.982
  💾 Meilleur BOTH sauvegardé (val mAP=0.467)
[BOTH]   4/30 | train loss=0.5143 mAP=0.459 | val loss=0.7969 mAP=0.472 | person=0.356 | car=0.493 | bicycle=0.057 | background=0.982
  💾 Meilleur BOTH sauvegardé (val mAP=0.472)
[BOTH]   5/30 | train loss=0.5042 mAP=0.467 | val loss=0.7685 mAP=0.476 | person=0.364 | car=0.500 | bicycle=0.058 | background=0.983
  💾 Meilleur BOTH sauvegardé (val mAP=0.476)
[BOTH]   6/30 | train loss=0.4960 mAP=0.472 | val loss=0.7590 mAP=0.479 | person=0.369 | car=0.506 | bicycle=0.059 | background=0.983
  💾 Meilleur BOTH sauvegardé (val mAP=0.479)
[BOTH]   7/30 | train loss=0.4887 mAP=0.479 | val loss=0.7432 mAP=0.482 | person=0.374 | car=0.510 | bicycle=0.060 | background=0.983
  💾 Meilleur BOTH sauvegardé (val mAP=0.482)
[BOTH]   8/30 | train loss=0.4837 mAP=0.484 | val loss=0.7395 mAP=0.483 | person=0.376 | car=0.512 | bicycle=0.060 | background=0.984
  💾 Meilleur BOTH sauvegardé (val mAP=0.483)
[BOTH]   9/30 | train loss=0.4806 mAP=0.485 | val loss=0.7313 mAP=0.486 | person=0.384 | car=0.515 | bicycle=0.061 | background=0.984
  💾 Meilleur BOTH sauvegardé (val mAP=0.486)
[BOTH]  10/30 | train loss=0.4764 mAP=0.490 | val loss=0.7324 mAP=0.487 | person=0.385 | car=0.517 | bicycle=0.062 | background=0.984
  💾 Meilleur BOTH sauvegardé (val mAP=0.487)
[BOTH]  11/30 | train loss=0.4728 mAP=0.492 | val loss=0.7429 mAP=0.488 | person=0.388 | car=0.518 | bicycle=0.062 | background=0.984
  💾 Meilleur BOTH sauvegardé (val mAP=0.488)
[BOTH]  12/30 | train loss=0.4703 mAP=0.493 | val loss=0.7454 mAP=0.489 | person=0.390 | car=0.518 | bicycle=0.062 | background=0.984
  💾 Meilleur BOTH sauvegardé (val mAP=0.489)
[BOTH]  13/30 | train loss=0.4685 mAP=0.495 | val loss=0.7519 mAP=0.490 | person=0.392 | car=0.521 | bicycle=0.063 | background=0.984
  💾 Meilleur BOTH sauvegardé (val mAP=0.490)
[BOTH]  14/30 | train loss=0.4654 mAP=0.498 | val loss=0.7303 mAP=0.491 | person=0.392 | car=0.523 | bicycle=0.063 | background=0.984
  💾 Meilleur BOTH sauvegardé (val mAP=0.491)
[BOTH]  15/30 | train loss=0.4641 mAP=0.500 | val loss=0.7323 mAP=0.491 | person=0.394 | car=0.524 | bicycle=0.063 | background=0.984
  💾 Meilleur BOTH sauvegardé (val mAP=0.491)
[BOTH]  16/30 | train loss=0.4621 mAP=0.501 | val loss=0.7350 mAP=0.492 | person=0.395 | car=0.524 | bicycle=0.063 | background=0.984
  💾 Meilleur BOTH sauvegardé (val mAP=0.492)
[BOTH]  17/30 | train loss=0.4622 mAP=0.500 | val loss=0.7319 mAP=0.492 | person=0.395 | car=0.526 | bicycle=0.064 | background=0.985
  💾 Meilleur BOTH sauvegardé (val mAP=0.492)
[BOTH]  18/30 | train loss=0.4601 mAP=0.503 | val loss=0.7289 mAP=0.493 | person=0.397 | car=0.526 | bicycle=0.064 | background=0.985
  💾 Meilleur BOTH sauvegardé (val mAP=0.493)
[BOTH]  19/30 | train loss=0.4588 mAP=0.504 | val loss=0.7434 mAP=0.493 | person=0.397 | car=0.526 | bicycle=0.064 | background=0.985
  💾 Meilleur BOTH sauvegardé (val mAP=0.493)
[BOTH]  20/30 | train loss=0.4582 mAP=0.504 | val loss=0.7419 mAP=0.493 | person=0.398 | car=0.527 | bicycle=0.064 | background=0.985
  💾 Meilleur BOTH sauvegardé (val mAP=0.493)
[BOTH]  21/30 | train loss=0.4573 mAP=0.505 | val loss=0.7491 mAP=0.493 | person=0.398 | car=0.527 | bicycle=0.064 | background=0.985
  💾 Meilleur BOTH sauvegardé (val mAP=0.493)
[BOTH]  22/30 | train loss=0.4564 mAP=0.506 | val loss=0.7468 mAP=0.493 | person=0.398 | car=0.527 | bicycle=0.064 | background=0.985
  💾 Meilleur BOTH sauvegardé (val mAP=0.493)
[BOTH]  23/30 | train loss=0.4560 mAP=0.506 | val loss=0.7373 mAP=0.494 | person=0.399 | car=0.528 | bicycle=0.064 | background=0.985
  💾 Meilleur BOTH sauvegardé (val mAP=0.494)
[BOTH]  24/30 | train loss=0.4554 mAP=0.508 | val loss=0.7256 mAP=0.494 | person=0.399 | car=0.528 | bicycle=0.064 | background=0.985
  💾 Meilleur BOTH sauvegardé (val mAP=0.494)
[BOTH]  25/30 | train loss=0.4552 mAP=0.507 | val loss=0.7300 mAP=0.494 | person=0.399 | car=0.528 | bicycle=0.064 | background=0.985
  💾 Meilleur BOTH sauvegardé (val mAP=0.494)
[BOTH]  26/30 | train loss=0.4548 mAP=0.508 | val loss=0.7348 mAP=0.494 | person=0.399 | car=0.528 | bicycle=0.064 | background=0.985
  💾 Meilleur BOTH sauvegardé (val mAP=0.494)
[BOTH]  27/30 | train loss=0.4546 mAP=0.508 | val loss=0.7297 mAP=0.494 | person=0.400 | car=0.528 | bicycle=0.064 | background=0.985
  💾 Meilleur BOTH sauvegardé (val mAP=0.494)
[BOTH]  28/30 | train loss=0.4545 mAP=0.508 | val loss=0.7289 mAP=0.494 | person=0.399 | car=0.528 | bicycle=0.064 | background=0.985
[BOTH]  29/30 | train loss=0.4544 mAP=0.508 | val loss=0.7303 mAP=0.494 | person=0.399 | car=0.528 | bicycle=0.064 | background=0.985
[BOTH]  30/30 | train loss=0.4544 mAP=0.508 | val loss=0.7304 mAP=0.494 | person=0.399 | car=0.528 | bicycle=0.064 | background=0.985
  📊 Courbe ROC sauvegardée : /home/2023029/PARTAGE/abelgh02/logs/lemumo/lemumo_vits16_llvip-kaistfull04_ep20_bs64_lamb0.1/probings_latest_runs10_cropsize224/roc_curve_both.png

✨ SCORES ROC FINAUX POUR BOTH (Meilleure Époque) :
METRIC_AUC_BOTH_PERSON: 0.8951
METRIC_AUC_BOTH_CAR: 0.9174
METRIC_AUC_BOTH_BICYCLE: 0.9068
METRIC_AUC_BOTH_BACKGROUND: 0.9327

=======================================================
  Linear Probing OFFLINE — mode : JOINT
=======================================================
[train] mode=joint | 4129 images (0 ignorées) | person=23408 patches | car=70689 patches | bicycle=6911 patches | background=718426 patches
[val] mode=joint | 1013 images (0 ignorées) | person=15537 patches | car=21472 patches | bicycle=1588 patches | background=163479 patches
✅ Le MuMo encoder chargé depuis /home/2023029/PARTAGE/abelgh02/logs/lemumo/lemumo_vits16_llvip-kaistfull04_ep20_bs64_lamb0.1/latest.pt (run lemumo_vits16_llvip-kaistfull04_ep20_bs64_lamb0.1, variant=prune_after_first, ViT-small)
  ⚡ Features déjà extraites trouvées : chargement depuis /home/2023029/PARTAGE/abelgh02/logs/lemumo/lemumo_vits16_llvip-kaistfull04_ep20_bs64_lamb0.1/probings_latest_runs10_cropsize224/joint_train_features_tbmTrue.pt
  ⚡ Features déjà extraites trouvées : chargement depuis /home/2023029/PARTAGE/abelgh02/logs/lemumo/lemumo_vits16_llvip-kaistfull04_ep20_bs64_lamb0.1/probings_latest_runs10_cropsize224/joint_val_features_tbmTrue.pt
🔒 Graine aléatoire fixée à : 52
[JOINT]   1/30 | train loss=0.8064 mAP=0.359 | val loss=0.8855 mAP=0.422 | person=0.254 | car=0.415 | bicycle=0.045 | background=0.972
  💾 Meilleur JOINT sauvegardé (val mAP=0.422)
[JOINT]   2/30 | train loss=0.6082 mAP=0.416 | val loss=0.8339 mAP=0.440 | person=0.291 | car=0.442 | bicycle=0.051 | background=0.977
  💾 Meilleur JOINT sauvegardé (val mAP=0.440)
[JOINT]   3/30 | train loss=0.5707 mAP=0.430 | val loss=0.8337 mAP=0.449 | person=0.306 | car=0.458 | bicycle=0.053 | background=0.979
  💾 Meilleur JOINT sauvegardé (val mAP=0.449)
[JOINT]   4/30 | train loss=0.5522 mAP=0.438 | val loss=0.8110 mAP=0.454 | person=0.313 | car=0.466 | bicycle=0.055 | background=0.980
  💾 Meilleur JOINT sauvegardé (val mAP=0.454)
[JOINT]   5/30 | train loss=0.5408 mAP=0.444 | val loss=0.8145 mAP=0.458 | person=0.322 | car=0.474 | bicycle=0.056 | background=0.980
  💾 Meilleur JOINT sauvegardé (val mAP=0.458)
[JOINT]   6/30 | train loss=0.5332 mAP=0.448 | val loss=0.8043 mAP=0.460 | person=0.325 | car=0.478 | bicycle=0.057 | background=0.981
  💾 Meilleur JOINT sauvegardé (val mAP=0.460)
[JOINT]   7/30 | train loss=0.5260 mAP=0.452 | val loss=0.8115 mAP=0.463 | person=0.332 | car=0.483 | bicycle=0.057 | background=0.981
  💾 Meilleur JOINT sauvegardé (val mAP=0.463)
[JOINT]   8/30 | train loss=0.5207 mAP=0.455 | val loss=0.8033 mAP=0.464 | person=0.332 | car=0.485 | bicycle=0.058 | background=0.981
  💾 Meilleur JOINT sauvegardé (val mAP=0.464)
[JOINT]   9/30 | train loss=0.5161 mAP=0.458 | val loss=0.7871 mAP=0.466 | person=0.337 | car=0.487 | bicycle=0.059 | background=0.982
  💾 Meilleur JOINT sauvegardé (val mAP=0.466)
[JOINT]  10/30 | train loss=0.5125 mAP=0.460 | val loss=0.7900 mAP=0.468 | person=0.340 | car=0.490 | bicycle=0.059 | background=0.982
  💾 Meilleur JOINT sauvegardé (val mAP=0.468)
[JOINT]  11/30 | train loss=0.5098 mAP=0.462 | val loss=0.7773 mAP=0.469 | person=0.341 | car=0.491 | bicycle=0.059 | background=0.982
  💾 Meilleur JOINT sauvegardé (val mAP=0.469)
[JOINT]  12/30 | train loss=0.5069 mAP=0.464 | val loss=0.7785 mAP=0.470 | person=0.346 | car=0.492 | bicycle=0.060 | background=0.982
  💾 Meilleur JOINT sauvegardé (val mAP=0.470)
[JOINT]  13/30 | train loss=0.5042 mAP=0.466 | val loss=0.7833 mAP=0.470 | person=0.345 | car=0.494 | bicycle=0.060 | background=0.982
[JOINT]  14/30 | train loss=0.5023 mAP=0.467 | val loss=0.7859 mAP=0.470 | person=0.345 | car=0.495 | bicycle=0.060 | background=0.982
  💾 Meilleur JOINT sauvegardé (val mAP=0.470)
[JOINT]  15/30 | train loss=0.5004 mAP=0.468 | val loss=0.7841 mAP=0.472 | person=0.348 | car=0.496 | bicycle=0.060 | background=0.982
  💾 Meilleur JOINT sauvegardé (val mAP=0.472)
[JOINT]  16/30 | train loss=0.4994 mAP=0.469 | val loss=0.7820 mAP=0.472 | person=0.349 | car=0.497 | bicycle=0.060 | background=0.982
  💾 Meilleur JOINT sauvegardé (val mAP=0.472)
[JOINT]  17/30 | train loss=0.4978 mAP=0.471 | val loss=0.7810 mAP=0.472 | person=0.348 | car=0.497 | bicycle=0.060 | background=0.982
[JOINT]  18/30 | train loss=0.4965 mAP=0.471 | val loss=0.7740 mAP=0.473 | person=0.350 | car=0.497 | bicycle=0.061 | background=0.982
  💾 Meilleur JOINT sauvegardé (val mAP=0.473)
[JOINT]  19/30 | train loss=0.4955 mAP=0.472 | val loss=0.7846 mAP=0.473 | person=0.350 | car=0.498 | bicycle=0.060 | background=0.982
  💾 Meilleur JOINT sauvegardé (val mAP=0.473)
[JOINT]  20/30 | train loss=0.4948 mAP=0.472 | val loss=0.7767 mAP=0.473 | person=0.352 | car=0.498 | bicycle=0.061 | background=0.983
  💾 Meilleur JOINT sauvegardé (val mAP=0.473)
[JOINT]  21/30 | train loss=0.4938 mAP=0.473 | val loss=0.7722 mAP=0.473 | person=0.352 | car=0.499 | bicycle=0.061 | background=0.983
  💾 Meilleur JOINT sauvegardé (val mAP=0.473)
[JOINT]  22/30 | train loss=0.4932 mAP=0.474 | val loss=0.7747 mAP=0.474 | person=0.352 | car=0.499 | bicycle=0.061 | background=0.983
  💾 Meilleur JOINT sauvegardé (val mAP=0.474)
[JOINT]  23/30 | train loss=0.4928 mAP=0.474 | val loss=0.7717 mAP=0.474 | person=0.352 | car=0.499 | bicycle=0.061 | background=0.983
  💾 Meilleur JOINT sauvegardé (val mAP=0.474)
[JOINT]  24/30 | train loss=0.4924 mAP=0.474 | val loss=0.7766 mAP=0.474 | person=0.352 | car=0.499 | bicycle=0.061 | background=0.983
  💾 Meilleur JOINT sauvegardé (val mAP=0.474)
[JOINT]  25/30 | train loss=0.4920 mAP=0.475 | val loss=0.7758 mAP=0.474 | person=0.353 | car=0.500 | bicycle=0.061 | background=0.983
  💾 Meilleur JOINT sauvegardé (val mAP=0.474)
[JOINT]  26/30 | train loss=0.4918 mAP=0.475 | val loss=0.7745 mAP=0.474 | person=0.353 | car=0.500 | bicycle=0.061 | background=0.983
  💾 Meilleur JOINT sauvegardé (val mAP=0.474)
[JOINT]  27/30 | train loss=0.4917 mAP=0.475 | val loss=0.7747 mAP=0.474 | person=0.353 | car=0.500 | bicycle=0.061 | background=0.983
  💾 Meilleur JOINT sauvegardé (val mAP=0.474)
[JOINT]  28/30 | train loss=0.4915 mAP=0.475 | val loss=0.7731 mAP=0.474 | person=0.353 | car=0.500 | bicycle=0.061 | background=0.983
  💾 Meilleur JOINT sauvegardé (val mAP=0.474)
[JOINT]  29/30 | train loss=0.4914 mAP=0.475 | val loss=0.7732 mAP=0.474 | person=0.353 | car=0.500 | bicycle=0.061 | background=0.983
  💾 Meilleur JOINT sauvegardé (val mAP=0.474)
[JOINT]  30/30 | train loss=0.4914 mAP=0.475 | val loss=0.7732 mAP=0.474 | person=0.353 | car=0.500 | bicycle=0.061 | background=0.983
  💾 Meilleur JOINT sauvegardé (val mAP=0.474)
  📊 Courbe ROC sauvegardée : /home/2023029/PARTAGE/abelgh02/logs/lemumo/lemumo_vits16_llvip-kaistfull04_ep20_bs64_lamb0.1/probings_latest_runs10_cropsize224/roc_curve_joint.png

✨ SCORES ROC FINAUX POUR JOINT (Meilleure Époque) :
METRIC_AUC_JOINT_PERSON: 0.8857
METRIC_AUC_JOINT_CAR: 0.9089
METRIC_AUC_JOINT_BICYCLE: 0.8940
METRIC_AUC_JOINT_BACKGROUND: 0.9246

=======================================================
  RÉSUMÉ FINAL — Linear Probing JEPA sur FLIR Aligned
=======================================================
  RGB   │ █████████████                  │ mAP=0.444
  IR    │ █████████████                  │ mAP=0.464
  BOTH  │ ██████████████                 │ mAP=0.494
  JOINT │ ██████████████                 │ mAP=0.474
=======================================================

✅ mAP RGB ≈ mAP IR (gap < 5%) → le target_encoder aligne bien les deux modalités.
ℹ️  La fusion apporte +0.030 → les modalités restent complémentaires.


💾 Sauvegardé : /home/2023029/PARTAGE/abelgh02/logs/lemumo/lemumo_vits16_llvip-kaistfull04_ep20_bs64_lamb0.1/probings_latest_runs10_cropsize224/probings_results_lemumo_vits16_llvip-kaistfull04_ep20_bs64_lamb0.1.csv

=======================================================
 📊 RAPPORT STATISTIQUE FINAL
=======================================================

🔹 MODE : RGB
--------------------------------------------------
  mAP_global   │ Moyenne = 0.4450 │ Écart-type (±) = 0.0009 │ Variance = 0.000001
  mAP_person   │ Moyenne = 0.2857 │ Écart-type (±) = 0.0012 │ Variance = 0.000001
  mAP_car      │ Moyenne = 0.4728 │ Écart-type (±) = 0.0034 │ Variance = 0.000012
  mAP_bicycle  │ Moyenne = 0.0432 │ Écart-type (±) = 0.0004 │ Variance = 0.000000
  AUC_person   │ Moyenne = 0.8505 │ Écart-type (±) = 0.0004 │ Variance = 0.000000
  AUC_car      │ Moyenne = 0.9016 │ Écart-type (±) = 0.0005 │ Variance = 0.000000
  AUC_bicycle  │ Moyenne = 0.8708 │ Écart-type (±) = 0.0007 │ Variance = 0.000000

🔹 MODE : IR
--------------------------------------------------
  mAP_global   │ Moyenne = 0.4653 │ Écart-type (±) = 0.0008 │ Variance = 0.000001
  mAP_person   │ Moyenne = 0.3701 │ Écart-type (±) = 0.0028 │ Variance = 0.000008
  mAP_car      │ Moyenne = 0.4531 │ Écart-type (±) = 0.0018 │ Variance = 0.000003
  mAP_bicycle  │ Moyenne = 0.0573 │ Écart-type (±) = 0.0009 │ Variance = 0.000001
  AUC_person   │ Moyenne = 0.8876 │ Écart-type (±) = 0.0005 │ Variance = 0.000000
  AUC_car      │ Moyenne = 0.8922 │ Écart-type (±) = 0.0004 │ Variance = 0.000000
  AUC_bicycle  │ Moyenne = 0.8923 │ Écart-type (±) = 0.0005 │ Variance = 0.000000

🔹 MODE : BOTH
--------------------------------------------------
  mAP_global   │ Moyenne = 0.4942 │ Écart-type (±) = 0.0006 │ Variance = 0.000000
  mAP_person   │ Moyenne = 0.3979 │ Écart-type (±) = 0.0011 │ Variance = 0.000001
  mAP_car      │ Moyenne = 0.5299 │ Écart-type (±) = 0.0019 │ Variance = 0.000003
  mAP_bicycle  │ Moyenne = 0.0640 │ Écart-type (±) = 0.0009 │ Variance = 0.000001
  AUC_person   │ Moyenne = 0.8953 │ Écart-type (±) = 0.0004 │ Variance = 0.000000
  AUC_car      │ Moyenne = 0.9177 │ Écart-type (±) = 0.0004 │ Variance = 0.000000
  AUC_bicycle  │ Moyenne = 0.9064 │ Écart-type (±) = 0.0005 │ Variance = 0.000000

🔹 MODE : JOINT
--------------------------------------------------
  mAP_global   │ Moyenne = 0.4748 │ Écart-type (±) = 0.0009 │ Variance = 0.000001
  mAP_person   │ Moyenne = 0.3554 │ Écart-type (±) = 0.0021 │ Variance = 0.000004
  mAP_car      │ Moyenne = 0.5007 │ Écart-type (±) = 0.0021 │ Variance = 0.000004
  mAP_bicycle  │ Moyenne = 0.0605 │ Écart-type (±) = 0.0009 │ Variance = 0.000001
  AUC_person   │ Moyenne = 0.8856 │ Écart-type (±) = 0.0005 │ Variance = 0.000000
  AUC_car      │ Moyenne = 0.9094 │ Écart-type (±) = 0.0004 │ Variance = 0.000000
  AUC_bicycle  │ Moyenne = 0.8935 │ Écart-type (±) = 0.0008 │ Variance = 0.000001
=======================================================

########################################
   Comptabilité du calcul 3251128 
########################################
$ sacct --format='JobID,Partition,JobName,MaxRSS,MaxVMSize,NTasks,AllocCPUS,Start,End,Elapsed,AveCPU,MinCPU,NNodes,ExitCode,State' -j 3251128
JobID           Partition  JobName             MaxRSS   MaxVMSize  NTasks  AllocCPUS  Start                End                  Elapsed   AveCPU  MinCPU  NNodes  ExitCode  State      
-----           ---------  -------             -------  ---------  ------  ---------  -----                ---                  -------   ------  ------  ------  --------  -----      
3251128         gpu_h200   lemumo_llvip_kaist                              24         2026-10-02T14:22:37  2026-10-02T15:54:29  01:31:52                  1       0:0       COMPLETED  
3251128.batch              batch                                   1       24         2026-10-02T14:22:37  2026-10-02T15:54:29  01:31:52                  1       0:0       COMPLETED  
3251128.extern             extern                                  1       24         2026-10-02T14:22:37  2026-10-02T15:54:29  01:31:52                  1       0:0       COMPLETED  
3251128.0                  python3                                 1       24         2026-10-02T14:22:40  2026-10-02T15:22:50  01:00:10                  1       0:0       COMPLETED  
3251128.1                  python3                                 1       24         2026-10-02T15:22:50  2026-10-02T15:54:29  00:31:39                  1       0:0       COMPLETED  

$ sacct --format='JobID,JobName,AllocCPUS,ReqTRES,AllocTRES,NNodes,NodeList,Elapsed,CPUTime' -j 3251128
JobID           JobName             AllocCPUS  ReqTRES                                          AllocTRES                                                        NNodes  NodeList  Elapsed   CPUTime     
-----           -------             ---------  -------                                          ---------                                                        ------  --------  -------   -------     
3251128         lemumo_llvip_kaist  24         billing=58,cpu=24,gres/gpu=1,mem=240000M,node=1  billing=58,cpu=24,gres/gpu:h200=1,gres/gpu=1,mem=240000M,node=1  1       c23meso2  01:31:52  1-12:44:48  
3251128.batch   batch               24                                                          cpu=24,gres/gpu:h200=1,gres/gpu=1,mem=240000M,node=1             1       c23meso2  01:31:52  1-12:44:48  
3251128.extern  extern              24                                                          billing=58,cpu=24,gres/gpu:h200=1,gres/gpu=1,mem=240000M,node=1  1       c23meso2  01:31:52  1-12:44:48  
3251128.0       python3             24                                                          cpu=24,gres/gpu:h200=1,gres/gpu=1,mem=240000M,node=1             1       c23meso2  01:00:10  1-00:04:00  
3251128.1       python3             24                                                          cpu=24,gres/gpu:h200=1,gres/gpu=1,mem=240000M,node=1             1       c23meso2  00:31:39  12:39:36    

Pour plus d'informations sur la comptabilité du calcul, merci de consulter la documentation http://www-tech.criann.fr ou le manuel 'man sacct'
