=================================================================
 Job 3251402 | maillon 2/6 | cluster=criann | node c23meso1
 LLVIP     : /home/2023029/PARTAGE/datasets/LLVIP  (train + test)
 KAIST     : /home/2023029/PARTAGE/datasets/KAIST  (train-all-04.txt,test-all-04.txt)
 FLIR al.  : /home/2023029/PARTAGE/datasets/FLIR
 Run       : /home/2023029/PARTAGE/abelgh02/logs/lemumo/lemumo_vits16_llvip-kaistfull04_ep600_bs64_lamb0.1
 pretrain  : epochs=600 bs=64 lr=1.0e-4 lamb=0.1 local=8
 probing   : 10 runs | modes=rgb ir both joint | IR norm mean=0.449 std=0.226
 W&B       : project=lemumo_rgbir_small group=lemumo_vits16_llvip-kaistfull04_ep600_bs64_lamb0.1 mode=online
=================================================================
Sat Oct  3 17:25:23 2026       
+-----------------------------------------------------------------------------------------+
| NVIDIA-SMI 565.57.01              Driver Version: 565.57.01      CUDA Version: 12.7     |
|-----------------------------------------+------------------------+----------------------+
| GPU  Name                 Persistence-M | Bus-Id          Disp.A | Volatile Uncorr. ECC |
| Fan  Temp   Perf          Pwr:Usage/Cap |           Memory-Usage | GPU-Util  Compute M. |
|                                         |                        |               MIG M. |
|=========================================+========================+======================|
|   0  NVIDIA H200                    Off |   00000000:B8:00.0 Off |                    0 |
| N/A   24C    P0             76W /  700W |       1MiB / 143771MiB |      0%      Default |
|                                         |                        |             Disabled |
+-----------------------------------------+------------------------+----------------------+
                                                                                         
+-----------------------------------------------------------------------------------------+
| Processes:                                                                              |
|  GPU   GI   CI        PID   Type   Process name                              GPU Memory |
|        ID   ID                                                               Usage      |
|=========================================================================================|
|  No running processes found                                                             |
+-----------------------------------------------------------------------------------------+
Reprise depuis /home/2023029/PARTAGE/abelgh02/logs/lemumo/lemumo_vits16_llvip-kaistfull04_ep600_bs64_lamb0.1/resume.pt : epoch 511/600 déjà faites
Maillon 2/6 : successeur soumis (job 3254729, afterany:3251402)
⚡ ENCODER-ONLY MODE: disabling probe training/validation, patch probes, and dataset-side probe/label work

============================================================
MM-LeJEPA Training - Architecture: C, LiDAR Mode: depth, ViT: small
Baselines: No Fusion=False, RGB Zero=False, Freeze Encoder=False
============================================================
🎲 Random seed: 42
Device: cuda
🛡️ ROBUST SPLITTING: Using scene-based split (70% Train / 10% Buffer / 20% Val)
LLVIP split 'train': 12025 pairs
LLVIP split 'test': 3463 pairs
KAIST split 'train-all-04.txt': 12538 pairs
KAIST split 'test-all-04.txt': 11288 pairs
PairedRGBIRDataset [llvip+kaist, arch=C, modality=thermal]: 39314 paired samples, Global=2, Local=8
LLVIP split 'train': 12025 pairs
LLVIP split 'test': 3463 pairs
KAIST split 'train-all-04.txt': 12538 pairs
KAIST split 'test-all-04.txt': 11288 pairs
PairedRGBIRDataset [llvip+kaist, arch=C, modality=thermal]: 39314 paired samples, Global=1, Local=0
Training samples: 39314
Validation samples: 39314
🎯 FUSION TOKENS ENCODER: attention_mode=prune_after_first, fusion_start_layer=0
🎯 ALIGNED MODE: Using camera-aligned LiDAR representations
⚙️  Patch probes disabled for heavy custom Arch C scenario (memory-safe mode)
ℹ️  Patch-based probes skipped (arch=C does not expose patch tokens)
Using 22 workers per dataloader (Manual override)
🔁 Resumed from /home/2023029/PARTAGE/abelgh02/logs/lemumo/lemumo_vits16_llvip-kaistfull04_ep600_bs64_lamb0.1/resume.pt: starting at epoch 512/600

Starting training for 600 epochs...
Hyperparams: arch=C, lamb=0.1, V=2, proj_dim=16, bs=64
Probes: ['scene', 'camera', 'location', 'num_cars', 'num_peds', 'num_objs', 'mean_depth', 'depth_grid', 'grid_occupancy', 'grid_occupancy_car', 'grid_occupancy_ped', 'distance_dist', 'cross_modal']
📏 Encoder compute estimate: 5.141 GMAC/call, 10.283 GFLOP/call
📏 Encoder SSL FLOPs/profiled step: 7096.408 GFLOP
⚡ Skipping end-of-epoch validation in encoder-only mode
💾 Resume checkpoint saved: /home/2023029/PARTAGE/abelgh02/logs/lemumo/lemumo_vits16_llvip-kaistfull04_ep600_bs64_lamb0.1/resume.pt (next epoch 512/600)
📏 Encoder SSL FLOPs/profiled step: 7096.408 GFLOP
⚡ Skipping end-of-epoch validation in encoder-only mode
💾 Resume checkpoint saved: /home/2023029/PARTAGE/abelgh02/logs/lemumo/lemumo_vits16_llvip-kaistfull04_ep600_bs64_lamb0.1/resume.pt (next epoch 513/600)
📏 Encoder SSL FLOPs/profiled step: 7096.408 GFLOP
⚡ Skipping end-of-epoch validation in encoder-only mode
💾 Resume checkpoint saved: /home/2023029/PARTAGE/abelgh02/logs/lemumo/lemumo_vits16_llvip-kaistfull04_ep600_bs64_lamb0.1/resume.pt (next epoch 514/600)
📏 Encoder SSL FLOPs/profiled step: 7096.408 GFLOP
⚡ Skipping end-of-epoch validation in encoder-only mode
💾 Resume checkpoint saved: /home/2023029/PARTAGE/abelgh02/logs/lemumo/lemumo_vits16_llvip-kaistfull04_ep600_bs64_lamb0.1/resume.pt (next epoch 515/600)
📏 Encoder SSL FLOPs/profiled step: 7096.408 GFLOP
⚡ Skipping end-of-epoch validation in encoder-only mode
💾 Resume checkpoint saved: /home/2023029/PARTAGE/abelgh02/logs/lemumo/lemumo_vits16_llvip-kaistfull04_ep600_bs64_lamb0.1/resume.pt (next epoch 516/600)
📏 Encoder SSL FLOPs/profiled step: 7096.408 GFLOP
⚡ Skipping end-of-epoch validation in encoder-only mode
💾 Resume checkpoint saved: /home/2023029/PARTAGE/abelgh02/logs/lemumo/lemumo_vits16_llvip-kaistfull04_ep600_bs64_lamb0.1/resume.pt (next epoch 517/600)
📏 Encoder SSL FLOPs/profiled step: 7096.408 GFLOP
⚡ Skipping end-of-epoch validation in encoder-only mode
💾 Resume checkpoint saved: /home/2023029/PARTAGE/abelgh02/logs/lemumo/lemumo_vits16_llvip-kaistfull04_ep600_bs64_lamb0.1/resume.pt (next epoch 518/600)
📏 Encoder SSL FLOPs/profiled step: 7096.408 GFLOP
⚡ Skipping end-of-epoch validation in encoder-only mode
💾 Resume checkpoint saved: /home/2023029/PARTAGE/abelgh02/logs/lemumo/lemumo_vits16_llvip-kaistfull04_ep600_bs64_lamb0.1/resume.pt (next epoch 519/600)
📏 Encoder SSL FLOPs/profiled step: 7096.408 GFLOP
⚡ Skipping end-of-epoch validation in encoder-only mode
💾 Resume checkpoint saved: /home/2023029/PARTAGE/abelgh02/logs/lemumo/lemumo_vits16_llvip-kaistfull04_ep600_bs64_lamb0.1/resume.pt (next epoch 520/600)
📏 Encoder SSL FLOPs/profiled step: 7096.408 GFLOP
⚡ Skipping end-of-epoch validation in encoder-only mode
💾 Resume checkpoint saved: /home/2023029/PARTAGE/abelgh02/logs/lemumo/lemumo_vits16_llvip-kaistfull04_ep600_bs64_lamb0.1/resume.pt (next epoch 521/600)
📏 Encoder SSL FLOPs/profiled step: 7096.408 GFLOP
⚡ Skipping end-of-epoch validation in encoder-only mode
💾 Resume checkpoint saved: /home/2023029/PARTAGE/abelgh02/logs/lemumo/lemumo_vits16_llvip-kaistfull04_ep600_bs64_lamb0.1/resume.pt (next epoch 522/600)
📏 Encoder SSL FLOPs/profiled step: 7096.408 GFLOP
⚡ Skipping end-of-epoch validation in encoder-only mode
💾 Resume checkpoint saved: /home/2023029/PARTAGE/abelgh02/logs/lemumo/lemumo_vits16_llvip-kaistfull04_ep600_bs64_lamb0.1/resume.pt (next epoch 523/600)
📏 Encoder SSL FLOPs/profiled step: 7096.408 GFLOP
⚡ Skipping end-of-epoch validation in encoder-only mode
💾 Resume checkpoint saved: /home/2023029/PARTAGE/abelgh02/logs/lemumo/lemumo_vits16_llvip-kaistfull04_ep600_bs64_lamb0.1/resume.pt (next epoch 524/600)
📏 Encoder SSL FLOPs/profiled step: 7096.408 GFLOP
⚡ Skipping end-of-epoch validation in encoder-only mode
💾 Resume checkpoint saved: /home/2023029/PARTAGE/abelgh02/logs/lemumo/lemumo_vits16_llvip-kaistfull04_ep600_bs64_lamb0.1/resume.pt (next epoch 525/600)
📏 Encoder SSL FLOPs/profiled step: 7096.408 GFLOP
⚡ Skipping end-of-epoch validation in encoder-only mode
💾 Resume checkpoint saved: /home/2023029/PARTAGE/abelgh02/logs/lemumo/lemumo_vits16_llvip-kaistfull04_ep600_bs64_lamb0.1/resume.pt (next epoch 526/600)
📏 Encoder SSL FLOPs/profiled step: 7096.408 GFLOP
⚡ Skipping end-of-epoch validation in encoder-only mode
💾 Resume checkpoint saved: /home/2023029/PARTAGE/abelgh02/logs/lemumo/lemumo_vits16_llvip-kaistfull04_ep600_bs64_lamb0.1/resume.pt (next epoch 527/600)
📏 Encoder SSL FLOPs/profiled step: 7096.408 GFLOP
⚡ Skipping end-of-epoch validation in encoder-only mode
💾 Resume checkpoint saved: /home/2023029/PARTAGE/abelgh02/logs/lemumo/lemumo_vits16_llvip-kaistfull04_ep600_bs64_lamb0.1/resume.pt (next epoch 528/600)
📏 Encoder SSL FLOPs/profiled step: 7096.408 GFLOP
⚡ Skipping end-of-epoch validation in encoder-only mode
💾 Resume checkpoint saved: /home/2023029/PARTAGE/abelgh02/logs/lemumo/lemumo_vits16_llvip-kaistfull04_ep600_bs64_lamb0.1/resume.pt (next epoch 529/600)
📏 Encoder SSL FLOPs/profiled step: 7096.408 GFLOP
⚡ Skipping end-of-epoch validation in encoder-only mode
💾 Resume checkpoint saved: /home/2023029/PARTAGE/abelgh02/logs/lemumo/lemumo_vits16_llvip-kaistfull04_ep600_bs64_lamb0.1/resume.pt (next epoch 530/600)
📏 Encoder SSL FLOPs/profiled step: 7096.408 GFLOP
⚡ Skipping end-of-epoch validation in encoder-only mode
💾 Resume checkpoint saved: /home/2023029/PARTAGE/abelgh02/logs/lemumo/lemumo_vits16_llvip-kaistfull04_ep600_bs64_lamb0.1/resume.pt (next epoch 531/600)
📏 Encoder SSL FLOPs/profiled step: 7096.408 GFLOP
⚡ Skipping end-of-epoch validation in encoder-only mode
💾 Resume checkpoint saved: /home/2023029/PARTAGE/abelgh02/logs/lemumo/lemumo_vits16_llvip-kaistfull04_ep600_bs64_lamb0.1/resume.pt (next epoch 532/600)
📏 Encoder SSL FLOPs/profiled step: 7096.408 GFLOP
⚡ Skipping end-of-epoch validation in encoder-only mode
💾 Resume checkpoint saved: /home/2023029/PARTAGE/abelgh02/logs/lemumo/lemumo_vits16_llvip-kaistfull04_ep600_bs64_lamb0.1/resume.pt (next epoch 533/600)
📏 Encoder SSL FLOPs/profiled step: 7096.408 GFLOP
⚡ Skipping end-of-epoch validation in encoder-only mode
💾 Resume checkpoint saved: /home/2023029/PARTAGE/abelgh02/logs/lemumo/lemumo_vits16_llvip-kaistfull04_ep600_bs64_lamb0.1/resume.pt (next epoch 534/600)
📏 Encoder SSL FLOPs/profiled step: 7096.408 GFLOP
⚡ Skipping end-of-epoch validation in encoder-only mode
💾 Resume checkpoint saved: /home/2023029/PARTAGE/abelgh02/logs/lemumo/lemumo_vits16_llvip-kaistfull04_ep600_bs64_lamb0.1/resume.pt (next epoch 535/600)
📏 Encoder SSL FLOPs/profiled step: 7096.408 GFLOP
⚡ Skipping end-of-epoch validation in encoder-only mode
💾 Resume checkpoint saved: /home/2023029/PARTAGE/abelgh02/logs/lemumo/lemumo_vits16_llvip-kaistfull04_ep600_bs64_lamb0.1/resume.pt (next epoch 536/600)
📏 Encoder SSL FLOPs/profiled step: 7096.408 GFLOP
⚡ Skipping end-of-epoch validation in encoder-only mode
💾 Resume checkpoint saved: /home/2023029/PARTAGE/abelgh02/logs/lemumo/lemumo_vits16_llvip-kaistfull04_ep600_bs64_lamb0.1/resume.pt (next epoch 537/600)
📏 Encoder SSL FLOPs/profiled step: 7096.408 GFLOP
⚡ Skipping end-of-epoch validation in encoder-only mode
💾 Resume checkpoint saved: /home/2023029/PARTAGE/abelgh02/logs/lemumo/lemumo_vits16_llvip-kaistfull04_ep600_bs64_lamb0.1/resume.pt (next epoch 538/600)
📏 Encoder SSL FLOPs/profiled step: 7096.408 GFLOP
⚡ Skipping end-of-epoch validation in encoder-only mode
💾 Resume checkpoint saved: /home/2023029/PARTAGE/abelgh02/logs/lemumo/lemumo_vits16_llvip-kaistfull04_ep600_bs64_lamb0.1/resume.pt (next epoch 539/600)
📏 Encoder SSL FLOPs/profiled step: 7096.408 GFLOP
⚡ Skipping end-of-epoch validation in encoder-only mode
💾 Resume checkpoint saved: /home/2023029/PARTAGE/abelgh02/logs/lemumo/lemumo_vits16_llvip-kaistfull04_ep600_bs64_lamb0.1/resume.pt (next epoch 540/600)
📏 Encoder SSL FLOPs/profiled step: 7096.408 GFLOP
⚡ Skipping end-of-epoch validation in encoder-only mode
💾 Resume checkpoint saved: /home/2023029/PARTAGE/abelgh02/logs/lemumo/lemumo_vits16_llvip-kaistfull04_ep600_bs64_lamb0.1/resume.pt (next epoch 541/600)
📏 Encoder SSL FLOPs/profiled step: 7096.408 GFLOP
⚡ Skipping end-of-epoch validation in encoder-only mode
💾 Resume checkpoint saved: /home/2023029/PARTAGE/abelgh02/logs/lemumo/lemumo_vits16_llvip-kaistfull04_ep600_bs64_lamb0.1/resume.pt (next epoch 542/600)
📏 Encoder SSL FLOPs/profiled step: 7096.408 GFLOP
⚡ Skipping end-of-epoch validation in encoder-only mode
💾 Resume checkpoint saved: /home/2023029/PARTAGE/abelgh02/logs/lemumo/lemumo_vits16_llvip-kaistfull04_ep600_bs64_lamb0.1/resume.pt (next epoch 543/600)
📏 Encoder SSL FLOPs/profiled step: 7096.408 GFLOP
⚡ Skipping end-of-epoch validation in encoder-only mode
💾 Resume checkpoint saved: /home/2023029/PARTAGE/abelgh02/logs/lemumo/lemumo_vits16_llvip-kaistfull04_ep600_bs64_lamb0.1/resume.pt (next epoch 544/600)
📏 Encoder SSL FLOPs/profiled step: 7096.408 GFLOP
⚡ Skipping end-of-epoch validation in encoder-only mode
💾 Resume checkpoint saved: /home/2023029/PARTAGE/abelgh02/logs/lemumo/lemumo_vits16_llvip-kaistfull04_ep600_bs64_lamb0.1/resume.pt (next epoch 545/600)
📏 Encoder SSL FLOPs/profiled step: 7096.408 GFLOP
⚡ Skipping end-of-epoch validation in encoder-only mode
💾 Resume checkpoint saved: /home/2023029/PARTAGE/abelgh02/logs/lemumo/lemumo_vits16_llvip-kaistfull04_ep600_bs64_lamb0.1/resume.pt (next epoch 546/600)
📏 Encoder SSL FLOPs/profiled step: 7096.408 GFLOP
⚡ Skipping end-of-epoch validation in encoder-only mode
💾 Resume checkpoint saved: /home/2023029/PARTAGE/abelgh02/logs/lemumo/lemumo_vits16_llvip-kaistfull04_ep600_bs64_lamb0.1/resume.pt (next epoch 547/600)
📏 Encoder SSL FLOPs/profiled step: 7096.408 GFLOP
⚡ Skipping end-of-epoch validation in encoder-only mode
💾 Resume checkpoint saved: /home/2023029/PARTAGE/abelgh02/logs/lemumo/lemumo_vits16_llvip-kaistfull04_ep600_bs64_lamb0.1/resume.pt (next epoch 548/600)
📏 Encoder SSL FLOPs/profiled step: 7096.408 GFLOP
⚡ Skipping end-of-epoch validation in encoder-only mode
💾 Resume checkpoint saved: /home/2023029/PARTAGE/abelgh02/logs/lemumo/lemumo_vits16_llvip-kaistfull04_ep600_bs64_lamb0.1/resume.pt (next epoch 549/600)
📏 Encoder SSL FLOPs/profiled step: 7096.408 GFLOP
⚡ Skipping end-of-epoch validation in encoder-only mode
💾 Resume checkpoint saved: /home/2023029/PARTAGE/abelgh02/logs/lemumo/lemumo_vits16_llvip-kaistfull04_ep600_bs64_lamb0.1/resume.pt (next epoch 550/600)
📏 Encoder SSL FLOPs/profiled step: 7096.408 GFLOP
⚡ Skipping end-of-epoch validation in encoder-only mode
💾 Resume checkpoint saved: /home/2023029/PARTAGE/abelgh02/logs/lemumo/lemumo_vits16_llvip-kaistfull04_ep600_bs64_lamb0.1/resume.pt (next epoch 551/600)
📏 Encoder SSL FLOPs/profiled step: 7096.408 GFLOP
⚡ Skipping end-of-epoch validation in encoder-only mode
💾 Resume checkpoint saved: /home/2023029/PARTAGE/abelgh02/logs/lemumo/lemumo_vits16_llvip-kaistfull04_ep600_bs64_lamb0.1/resume.pt (next epoch 552/600)
📏 Encoder SSL FLOPs/profiled step: 7096.408 GFLOP
⚡ Skipping end-of-epoch validation in encoder-only mode
💾 Resume checkpoint saved: /home/2023029/PARTAGE/abelgh02/logs/lemumo/lemumo_vits16_llvip-kaistfull04_ep600_bs64_lamb0.1/resume.pt (next epoch 553/600)
📏 Encoder SSL FLOPs/profiled step: 7096.408 GFLOP
⚡ Skipping end-of-epoch validation in encoder-only mode
💾 Resume checkpoint saved: /home/2023029/PARTAGE/abelgh02/logs/lemumo/lemumo_vits16_llvip-kaistfull04_ep600_bs64_lamb0.1/resume.pt (next epoch 554/600)
📏 Encoder SSL FLOPs/profiled step: 7096.408 GFLOP
⚡ Skipping end-of-epoch validation in encoder-only mode
💾 Resume checkpoint saved: /home/2023029/PARTAGE/abelgh02/logs/lemumo/lemumo_vits16_llvip-kaistfull04_ep600_bs64_lamb0.1/resume.pt (next epoch 555/600)
📏 Encoder SSL FLOPs/profiled step: 7096.408 GFLOP
⚡ Skipping end-of-epoch validation in encoder-only mode
💾 Resume checkpoint saved: /home/2023029/PARTAGE/abelgh02/logs/lemumo/lemumo_vits16_llvip-kaistfull04_ep600_bs64_lamb0.1/resume.pt (next epoch 556/600)
📏 Encoder SSL FLOPs/profiled step: 7096.408 GFLOP
⚡ Skipping end-of-epoch validation in encoder-only mode
💾 Resume checkpoint saved: /home/2023029/PARTAGE/abelgh02/logs/lemumo/lemumo_vits16_llvip-kaistfull04_ep600_bs64_lamb0.1/resume.pt (next epoch 557/600)
📏 Encoder SSL FLOPs/profiled step: 7096.408 GFLOP
⚡ Skipping end-of-epoch validation in encoder-only mode
💾 Resume checkpoint saved: /home/2023029/PARTAGE/abelgh02/logs/lemumo/lemumo_vits16_llvip-kaistfull04_ep600_bs64_lamb0.1/resume.pt (next epoch 558/600)
📏 Encoder SSL FLOPs/profiled step: 7096.408 GFLOP
⚡ Skipping end-of-epoch validation in encoder-only mode
💾 Resume checkpoint saved: /home/2023029/PARTAGE/abelgh02/logs/lemumo/lemumo_vits16_llvip-kaistfull04_ep600_bs64_lamb0.1/resume.pt (next epoch 559/600)
📏 Encoder SSL FLOPs/profiled step: 7096.408 GFLOP
⚡ Skipping end-of-epoch validation in encoder-only mode
💾 Resume checkpoint saved: /home/2023029/PARTAGE/abelgh02/logs/lemumo/lemumo_vits16_llvip-kaistfull04_ep600_bs64_lamb0.1/resume.pt (next epoch 560/600)
📏 Encoder SSL FLOPs/profiled step: 7096.408 GFLOP
⚡ Skipping end-of-epoch validation in encoder-only mode
💾 Resume checkpoint saved: /home/2023029/PARTAGE/abelgh02/logs/lemumo/lemumo_vits16_llvip-kaistfull04_ep600_bs64_lamb0.1/resume.pt (next epoch 561/600)
📏 Encoder SSL FLOPs/profiled step: 7096.408 GFLOP
⚡ Skipping end-of-epoch validation in encoder-only mode
💾 Resume checkpoint saved: /home/2023029/PARTAGE/abelgh02/logs/lemumo/lemumo_vits16_llvip-kaistfull04_ep600_bs64_lamb0.1/resume.pt (next epoch 562/600)
📏 Encoder SSL FLOPs/profiled step: 7096.408 GFLOP
⚡ Skipping end-of-epoch validation in encoder-only mode
💾 Resume checkpoint saved: /home/2023029/PARTAGE/abelgh02/logs/lemumo/lemumo_vits16_llvip-kaistfull04_ep600_bs64_lamb0.1/resume.pt (next epoch 563/600)
📏 Encoder SSL FLOPs/profiled step: 7096.408 GFLOP
⚡ Skipping end-of-epoch validation in encoder-only mode
💾 Resume checkpoint saved: /home/2023029/PARTAGE/abelgh02/logs/lemumo/lemumo_vits16_llvip-kaistfull04_ep600_bs64_lamb0.1/resume.pt (next epoch 564/600)
📏 Encoder SSL FLOPs/profiled step: 7096.408 GFLOP
⚡ Skipping end-of-epoch validation in encoder-only mode
💾 Resume checkpoint saved: /home/2023029/PARTAGE/abelgh02/logs/lemumo/lemumo_vits16_llvip-kaistfull04_ep600_bs64_lamb0.1/resume.pt (next epoch 565/600)
📏 Encoder SSL FLOPs/profiled step: 7096.408 GFLOP
⚡ Skipping end-of-epoch validation in encoder-only mode
💾 Resume checkpoint saved: /home/2023029/PARTAGE/abelgh02/logs/lemumo/lemumo_vits16_llvip-kaistfull04_ep600_bs64_lamb0.1/resume.pt (next epoch 566/600)
📏 Encoder SSL FLOPs/profiled step: 7096.408 GFLOP
⚡ Skipping end-of-epoch validation in encoder-only mode
💾 Resume checkpoint saved: /home/2023029/PARTAGE/abelgh02/logs/lemumo/lemumo_vits16_llvip-kaistfull04_ep600_bs64_lamb0.1/resume.pt (next epoch 567/600)
📏 Encoder SSL FLOPs/profiled step: 7096.408 GFLOP
⚡ Skipping end-of-epoch validation in encoder-only mode
💾 Resume checkpoint saved: /home/2023029/PARTAGE/abelgh02/logs/lemumo/lemumo_vits16_llvip-kaistfull04_ep600_bs64_lamb0.1/resume.pt (next epoch 568/600)
📏 Encoder SSL FLOPs/profiled step: 7096.408 GFLOP
⚡ Skipping end-of-epoch validation in encoder-only mode
💾 Resume checkpoint saved: /home/2023029/PARTAGE/abelgh02/logs/lemumo/lemumo_vits16_llvip-kaistfull04_ep600_bs64_lamb0.1/resume.pt (next epoch 569/600)
📏 Encoder SSL FLOPs/profiled step: 7096.408 GFLOP
⚡ Skipping end-of-epoch validation in encoder-only mode
💾 Resume checkpoint saved: /home/2023029/PARTAGE/abelgh02/logs/lemumo/lemumo_vits16_llvip-kaistfull04_ep600_bs64_lamb0.1/resume.pt (next epoch 570/600)
📏 Encoder SSL FLOPs/profiled step: 7096.408 GFLOP
⚡ Skipping end-of-epoch validation in encoder-only mode
💾 Resume checkpoint saved: /home/2023029/PARTAGE/abelgh02/logs/lemumo/lemumo_vits16_llvip-kaistfull04_ep600_bs64_lamb0.1/resume.pt (next epoch 571/600)
📏 Encoder SSL FLOPs/profiled step: 7096.408 GFLOP
⚡ Skipping end-of-epoch validation in encoder-only mode
💾 Resume checkpoint saved: /home/2023029/PARTAGE/abelgh02/logs/lemumo/lemumo_vits16_llvip-kaistfull04_ep600_bs64_lamb0.1/resume.pt (next epoch 572/600)
📏 Encoder SSL FLOPs/profiled step: 7096.408 GFLOP
⚡ Skipping end-of-epoch validation in encoder-only mode
💾 Resume checkpoint saved: /home/2023029/PARTAGE/abelgh02/logs/lemumo/lemumo_vits16_llvip-kaistfull04_ep600_bs64_lamb0.1/resume.pt (next epoch 573/600)
📏 Encoder SSL FLOPs/profiled step: 7096.408 GFLOP
⚡ Skipping end-of-epoch validation in encoder-only mode
💾 Resume checkpoint saved: /home/2023029/PARTAGE/abelgh02/logs/lemumo/lemumo_vits16_llvip-kaistfull04_ep600_bs64_lamb0.1/resume.pt (next epoch 574/600)
📏 Encoder SSL FLOPs/profiled step: 7096.408 GFLOP
⚡ Skipping end-of-epoch validation in encoder-only mode
💾 Resume checkpoint saved: /home/2023029/PARTAGE/abelgh02/logs/lemumo/lemumo_vits16_llvip-kaistfull04_ep600_bs64_lamb0.1/resume.pt (next epoch 575/600)
📏 Encoder SSL FLOPs/profiled step: 7096.408 GFLOP
⚡ Skipping end-of-epoch validation in encoder-only mode
💾 Resume checkpoint saved: /home/2023029/PARTAGE/abelgh02/logs/lemumo/lemumo_vits16_llvip-kaistfull04_ep600_bs64_lamb0.1/resume.pt (next epoch 576/600)
📏 Encoder SSL FLOPs/profiled step: 7096.408 GFLOP
⚡ Skipping end-of-epoch validation in encoder-only mode
💾 Resume checkpoint saved: /home/2023029/PARTAGE/abelgh02/logs/lemumo/lemumo_vits16_llvip-kaistfull04_ep600_bs64_lamb0.1/resume.pt (next epoch 577/600)
📏 Encoder SSL FLOPs/profiled step: 7096.408 GFLOP
⚡ Skipping end-of-epoch validation in encoder-only mode
💾 Resume checkpoint saved: /home/2023029/PARTAGE/abelgh02/logs/lemumo/lemumo_vits16_llvip-kaistfull04_ep600_bs64_lamb0.1/resume.pt (next epoch 578/600)
📏 Encoder SSL FLOPs/profiled step: 7096.408 GFLOP
⚡ Skipping end-of-epoch validation in encoder-only mode
💾 Resume checkpoint saved: /home/2023029/PARTAGE/abelgh02/logs/lemumo/lemumo_vits16_llvip-kaistfull04_ep600_bs64_lamb0.1/resume.pt (next epoch 579/600)
📏 Encoder SSL FLOPs/profiled step: 7096.408 GFLOP
⚡ Skipping end-of-epoch validation in encoder-only mode
💾 Resume checkpoint saved: /home/2023029/PARTAGE/abelgh02/logs/lemumo/lemumo_vits16_llvip-kaistfull04_ep600_bs64_lamb0.1/resume.pt (next epoch 580/600)
📏 Encoder SSL FLOPs/profiled step: 7096.408 GFLOP
⚡ Skipping end-of-epoch validation in encoder-only mode
💾 Resume checkpoint saved: /home/2023029/PARTAGE/abelgh02/logs/lemumo/lemumo_vits16_llvip-kaistfull04_ep600_bs64_lamb0.1/resume.pt (next epoch 581/600)
📏 Encoder SSL FLOPs/profiled step: 7096.408 GFLOP
⚡ Skipping end-of-epoch validation in encoder-only mode
💾 Resume checkpoint saved: /home/2023029/PARTAGE/abelgh02/logs/lemumo/lemumo_vits16_llvip-kaistfull04_ep600_bs64_lamb0.1/resume.pt (next epoch 582/600)
📏 Encoder SSL FLOPs/profiled step: 7096.408 GFLOP
⚡ Skipping end-of-epoch validation in encoder-only mode
💾 Resume checkpoint saved: /home/2023029/PARTAGE/abelgh02/logs/lemumo/lemumo_vits16_llvip-kaistfull04_ep600_bs64_lamb0.1/resume.pt (next epoch 583/600)
📏 Encoder SSL FLOPs/profiled step: 7096.408 GFLOP
⚡ Skipping end-of-epoch validation in encoder-only mode
💾 Resume checkpoint saved: /home/2023029/PARTAGE/abelgh02/logs/lemumo/lemumo_vits16_llvip-kaistfull04_ep600_bs64_lamb0.1/resume.pt (next epoch 584/600)
📏 Encoder SSL FLOPs/profiled step: 7096.408 GFLOP
⚡ Skipping end-of-epoch validation in encoder-only mode
💾 Resume checkpoint saved: /home/2023029/PARTAGE/abelgh02/logs/lemumo/lemumo_vits16_llvip-kaistfull04_ep600_bs64_lamb0.1/resume.pt (next epoch 585/600)
📏 Encoder SSL FLOPs/profiled step: 7096.408 GFLOP
⚡ Skipping end-of-epoch validation in encoder-only mode
💾 Resume checkpoint saved: /home/2023029/PARTAGE/abelgh02/logs/lemumo/lemumo_vits16_llvip-kaistfull04_ep600_bs64_lamb0.1/resume.pt (next epoch 586/600)
📏 Encoder SSL FLOPs/profiled step: 7096.408 GFLOP
⚡ Skipping end-of-epoch validation in encoder-only mode
💾 Resume checkpoint saved: /home/2023029/PARTAGE/abelgh02/logs/lemumo/lemumo_vits16_llvip-kaistfull04_ep600_bs64_lamb0.1/resume.pt (next epoch 587/600)
📏 Encoder SSL FLOPs/profiled step: 7096.408 GFLOP
⚡ Skipping end-of-epoch validation in encoder-only mode
💾 Resume checkpoint saved: /home/2023029/PARTAGE/abelgh02/logs/lemumo/lemumo_vits16_llvip-kaistfull04_ep600_bs64_lamb0.1/resume.pt (next epoch 588/600)
📏 Encoder SSL FLOPs/profiled step: 7096.408 GFLOP
⚡ Skipping end-of-epoch validation in encoder-only mode
💾 Resume checkpoint saved: /home/2023029/PARTAGE/abelgh02/logs/lemumo/lemumo_vits16_llvip-kaistfull04_ep600_bs64_lamb0.1/resume.pt (next epoch 589/600)
📏 Encoder SSL FLOPs/profiled step: 7096.408 GFLOP
⚡ Skipping end-of-epoch validation in encoder-only mode
💾 Resume checkpoint saved: /home/2023029/PARTAGE/abelgh02/logs/lemumo/lemumo_vits16_llvip-kaistfull04_ep600_bs64_lamb0.1/resume.pt (next epoch 590/600)
📏 Encoder SSL FLOPs/profiled step: 7096.408 GFLOP
⚡ Skipping end-of-epoch validation in encoder-only mode
💾 Resume checkpoint saved: /home/2023029/PARTAGE/abelgh02/logs/lemumo/lemumo_vits16_llvip-kaistfull04_ep600_bs64_lamb0.1/resume.pt (next epoch 591/600)
📏 Encoder SSL FLOPs/profiled step: 7096.408 GFLOP
⚡ Skipping end-of-epoch validation in encoder-only mode
💾 Resume checkpoint saved: /home/2023029/PARTAGE/abelgh02/logs/lemumo/lemumo_vits16_llvip-kaistfull04_ep600_bs64_lamb0.1/resume.pt (next epoch 592/600)
📏 Encoder SSL FLOPs/profiled step: 7096.408 GFLOP
⚡ Skipping end-of-epoch validation in encoder-only mode
💾 Resume checkpoint saved: /home/2023029/PARTAGE/abelgh02/logs/lemumo/lemumo_vits16_llvip-kaistfull04_ep600_bs64_lamb0.1/resume.pt (next epoch 593/600)
📏 Encoder SSL FLOPs/profiled step: 7096.408 GFLOP
⚡ Skipping end-of-epoch validation in encoder-only mode
💾 Resume checkpoint saved: /home/2023029/PARTAGE/abelgh02/logs/lemumo/lemumo_vits16_llvip-kaistfull04_ep600_bs64_lamb0.1/resume.pt (next epoch 594/600)
📏 Encoder SSL FLOPs/profiled step: 7096.408 GFLOP
⚡ Skipping end-of-epoch validation in encoder-only mode
💾 Resume checkpoint saved: /home/2023029/PARTAGE/abelgh02/logs/lemumo/lemumo_vits16_llvip-kaistfull04_ep600_bs64_lamb0.1/resume.pt (next epoch 595/600)
📏 Encoder SSL FLOPs/profiled step: 7096.408 GFLOP
⚡ Skipping end-of-epoch validation in encoder-only mode
💾 Resume checkpoint saved: /home/2023029/PARTAGE/abelgh02/logs/lemumo/lemumo_vits16_llvip-kaistfull04_ep600_bs64_lamb0.1/resume.pt (next epoch 596/600)
📏 Encoder SSL FLOPs/profiled step: 7096.408 GFLOP
⚡ Skipping end-of-epoch validation in encoder-only mode
💾 Resume checkpoint saved: /home/2023029/PARTAGE/abelgh02/logs/lemumo/lemumo_vits16_llvip-kaistfull04_ep600_bs64_lamb0.1/resume.pt (next epoch 597/600)
📏 Encoder SSL FLOPs/profiled step: 7096.408 GFLOP
⚡ Skipping end-of-epoch validation in encoder-only mode
💾 Resume checkpoint saved: /home/2023029/PARTAGE/abelgh02/logs/lemumo/lemumo_vits16_llvip-kaistfull04_ep600_bs64_lamb0.1/resume.pt (next epoch 598/600)
📏 Encoder SSL FLOPs/profiled step: 7096.408 GFLOP
⚡ Skipping end-of-epoch validation in encoder-only mode
💾 Resume checkpoint saved: /home/2023029/PARTAGE/abelgh02/logs/lemumo/lemumo_vits16_llvip-kaistfull04_ep600_bs64_lamb0.1/resume.pt (next epoch 599/600)
📏 Encoder SSL FLOPs/profiled step: 7096.408 GFLOP
⚡ Skipping end-of-epoch validation in encoder-only mode
💾 Resume checkpoint saved: /home/2023029/PARTAGE/abelgh02/logs/lemumo/lemumo_vits16_llvip-kaistfull04_ep600_bs64_lamb0.1/resume.pt (next epoch 600/600)
📏 Training compute summary:
   Encoder step wall time excl probes: 234.97 min
   Probe step wall time total:        0.00 min
   Encoder SSL FLOPs/profiled step:   7096.408 GFLOP
   Encoder SSL FLOPs total est.:      387790.302 TFLOP
   Peak GPU VRAM allocated:           15.45 GiB
   Peak GPU VRAM reserved:            16.84 GiB
Model saved to /home/2023029/PARTAGE/abelgh02/logs/lemumo/lemumo_vits16_llvip-kaistfull04_ep600_bs64_lamb0.1/mmlejepa_C_lamb0.1_final.pt
Cleaning up training resources...
  ✓ Shutdown workers for train_loader
  File descriptor limits: soft=16384, hard=131072
  ✓ Cleanup complete
📁 Checkpoint : /home/2023029/PARTAGE/abelgh02/logs/lemumo/lemumo_vits16_llvip-kaistfull04_ep600_bs64_lamb0.1/latest.pt
📁 Output : /home/2023029/PARTAGE/abelgh02/logs/lemumo/lemumo_vits16_llvip-kaistfull04_ep600_bs64_lamb0.1/probings_latest_runs10_cropsize224
📊 CSV : /home/2023029/PARTAGE/abelgh02/logs/lemumo/lemumo_vits16_llvip-kaistfull04_ep600_bs64_lamb0.1/probings_latest_runs10_cropsize224/probings_results_lemumo_vits16_llvip-kaistfull04_ep600_bs64_lamb0.1.csv
🚀 Device : cuda:0
🔀 tokenizer_by_modality : True | IR norm : mean=0.449 std=0.226
------------------------------------------------------------
▶️  RUN 1/10 | cuda:0 | Seed: 43

=======================================================
  Linear Probing OFFLINE — mode : RGB
=======================================================
[train] mode=rgb | 4129 images (0 ignorées) | person=23408 patches | car=70689 patches | bicycle=6911 patches | background=718426 patches
[val] mode=rgb | 1013 images (0 ignorées) | person=15537 patches | car=21472 patches | bicycle=1588 patches | background=163479 patches
✅ Le MuMo encoder chargé depuis /home/2023029/PARTAGE/abelgh02/logs/lemumo/lemumo_vits16_llvip-kaistfull04_ep600_bs64_lamb0.1/latest.pt (run lemumo_vits16_llvip-kaistfull04_ep600_bs64_lamb0.1, variant=prune_after_first, ViT-small)
  ⚙️  Extraction des features pour rgb...
  💾 Sauvegardé dans /home/2023029/PARTAGE/abelgh02/logs/lemumo/lemumo_vits16_llvip-kaistfull04_ep600_bs64_lamb0.1/probings_latest_runs10_cropsize224/rgb_train_features_tbmTrue.pt (Shape: torch.Size([4129, 196, 384]))
  ⚙️  Extraction des features pour rgb...
  💾 Sauvegardé dans /home/2023029/PARTAGE/abelgh02/logs/lemumo/lemumo_vits16_llvip-kaistfull04_ep600_bs64_lamb0.1/probings_latest_runs10_cropsize224/rgb_val_features_tbmTrue.pt (Shape: torch.Size([1013, 196, 384]))
🔒 Graine aléatoire fixée à : 43
[RGB]   1/30 | train loss=0.9171 mAP=0.343 | val loss=1.0657 mAP=0.395 | person=0.213 | car=0.370 | bicycle=0.035 | background=0.963
  💾 Meilleur RGB sauvegardé (val mAP=0.395)
[RGB]   2/30 | train loss=0.7498 mAP=0.382 | val loss=0.9932 mAP=0.410 | person=0.237 | car=0.396 | bicycle=0.038 | background=0.968
  💾 Meilleur RGB sauvegardé (val mAP=0.410)
[RGB]   3/30 | train loss=0.6846 mAP=0.395 | val loss=0.9422 mAP=0.418 | person=0.248 | car=0.412 | bicycle=0.039 | background=0.971
  💾 Meilleur RGB sauvegardé (val mAP=0.418)
[RGB]   4/30 | train loss=0.6505 mAP=0.403 | val loss=0.9342 mAP=0.423 | person=0.255 | car=0.423 | bicycle=0.040 | background=0.973
  💾 Meilleur RGB sauvegardé (val mAP=0.423)
[RGB]   5/30 | train loss=0.6292 mAP=0.408 | val loss=0.9106 mAP=0.427 | person=0.259 | car=0.432 | bicycle=0.041 | background=0.975
  💾 Meilleur RGB sauvegardé (val mAP=0.427)
[RGB]   6/30 | train loss=0.6139 mAP=0.412 | val loss=0.9197 mAP=0.430 | person=0.261 | car=0.440 | bicycle=0.042 | background=0.975
  💾 Meilleur RGB sauvegardé (val mAP=0.430)
[RGB]   7/30 | train loss=0.6026 mAP=0.416 | val loss=0.9039 mAP=0.432 | person=0.264 | car=0.446 | bicycle=0.042 | background=0.976
  💾 Meilleur RGB sauvegardé (val mAP=0.432)
[RGB]   8/30 | train loss=0.5939 mAP=0.419 | val loss=0.8966 mAP=0.434 | person=0.266 | car=0.451 | bicycle=0.042 | background=0.977
  💾 Meilleur RGB sauvegardé (val mAP=0.434)
[RGB]   9/30 | train loss=0.5868 mAP=0.421 | val loss=0.8997 mAP=0.436 | person=0.268 | car=0.457 | bicycle=0.042 | background=0.977
  💾 Meilleur RGB sauvegardé (val mAP=0.436)
[RGB]  10/30 | train loss=0.5808 mAP=0.424 | val loss=0.8889 mAP=0.437 | person=0.269 | car=0.460 | bicycle=0.043 | background=0.977
  💾 Meilleur RGB sauvegardé (val mAP=0.437)
[RGB]  11/30 | train loss=0.5758 mAP=0.426 | val loss=0.8862 mAP=0.439 | person=0.271 | car=0.464 | bicycle=0.043 | background=0.978
  💾 Meilleur RGB sauvegardé (val mAP=0.439)
[RGB]  12/30 | train loss=0.5718 mAP=0.428 | val loss=0.8772 mAP=0.440 | person=0.272 | car=0.467 | bicycle=0.043 | background=0.978
  💾 Meilleur RGB sauvegardé (val mAP=0.440)
[RGB]  13/30 | train loss=0.5685 mAP=0.429 | val loss=0.8787 mAP=0.441 | person=0.273 | car=0.469 | bicycle=0.043 | background=0.978
  💾 Meilleur RGB sauvegardé (val mAP=0.441)
[RGB]  14/30 | train loss=0.5655 mAP=0.431 | val loss=0.8832 mAP=0.442 | person=0.274 | car=0.471 | bicycle=0.043 | background=0.978
  💾 Meilleur RGB sauvegardé (val mAP=0.442)
[RGB]  15/30 | train loss=0.5628 mAP=0.432 | val loss=0.8814 mAP=0.443 | person=0.275 | car=0.474 | bicycle=0.043 | background=0.978
  💾 Meilleur RGB sauvegardé (val mAP=0.443)
[RGB]  16/30 | train loss=0.5606 mAP=0.433 | val loss=0.8836 mAP=0.443 | person=0.275 | car=0.475 | bicycle=0.043 | background=0.979
  💾 Meilleur RGB sauvegardé (val mAP=0.443)
[RGB]  17/30 | train loss=0.5588 mAP=0.434 | val loss=0.8777 mAP=0.444 | person=0.276 | car=0.477 | bicycle=0.044 | background=0.979
  💾 Meilleur RGB sauvegardé (val mAP=0.444)
[RGB]  18/30 | train loss=0.5572 mAP=0.435 | val loss=0.8806 mAP=0.444 | person=0.277 | car=0.478 | bicycle=0.044 | background=0.979
  💾 Meilleur RGB sauvegardé (val mAP=0.444)
[RGB]  19/30 | train loss=0.5558 mAP=0.436 | val loss=0.8788 mAP=0.445 | person=0.277 | car=0.479 | bicycle=0.044 | background=0.979
  💾 Meilleur RGB sauvegardé (val mAP=0.445)
[RGB]  20/30 | train loss=0.5549 mAP=0.436 | val loss=0.8776 mAP=0.445 | person=0.277 | car=0.480 | bicycle=0.044 | background=0.979
  💾 Meilleur RGB sauvegardé (val mAP=0.445)
[RGB]  21/30 | train loss=0.5538 mAP=0.437 | val loss=0.8750 mAP=0.445 | person=0.277 | car=0.481 | bicycle=0.044 | background=0.979
  💾 Meilleur RGB sauvegardé (val mAP=0.445)
[RGB]  22/30 | train loss=0.5530 mAP=0.437 | val loss=0.8767 mAP=0.445 | person=0.278 | car=0.481 | bicycle=0.044 | background=0.979
  💾 Meilleur RGB sauvegardé (val mAP=0.445)
[RGB]  23/30 | train loss=0.5523 mAP=0.437 | val loss=0.8769 mAP=0.446 | person=0.278 | car=0.482 | bicycle=0.044 | background=0.979
  💾 Meilleur RGB sauvegardé (val mAP=0.446)
[RGB]  24/30 | train loss=0.5518 mAP=0.438 | val loss=0.8752 mAP=0.446 | person=0.278 | car=0.482 | bicycle=0.044 | background=0.979
  💾 Meilleur RGB sauvegardé (val mAP=0.446)
[RGB]  25/30 | train loss=0.5514 mAP=0.438 | val loss=0.8741 mAP=0.446 | person=0.278 | car=0.483 | bicycle=0.044 | background=0.979
  💾 Meilleur RGB sauvegardé (val mAP=0.446)
[RGB]  26/30 | train loss=0.5511 mAP=0.438 | val loss=0.8760 mAP=0.446 | person=0.278 | car=0.483 | bicycle=0.044 | background=0.979
  💾 Meilleur RGB sauvegardé (val mAP=0.446)
[RGB]  27/30 | train loss=0.5509 mAP=0.438 | val loss=0.8763 mAP=0.446 | person=0.278 | car=0.483 | bicycle=0.044 | background=0.979
  💾 Meilleur RGB sauvegardé (val mAP=0.446)
[RGB]  28/30 | train loss=0.5508 mAP=0.438 | val loss=0.8757 mAP=0.446 | person=0.278 | car=0.483 | bicycle=0.044 | background=0.979
  💾 Meilleur RGB sauvegardé (val mAP=0.446)
[RGB]  29/30 | train loss=0.5507 mAP=0.438 | val loss=0.8754 mAP=0.446 | person=0.278 | car=0.483 | bicycle=0.044 | background=0.979
  💾 Meilleur RGB sauvegardé (val mAP=0.446)
[RGB]  30/30 | train loss=0.5507 mAP=0.438 | val loss=0.8754 mAP=0.446 | person=0.278 | car=0.483 | bicycle=0.044 | background=0.979
  💾 Meilleur RGB sauvegardé (val mAP=0.446)
  📊 Courbe ROC sauvegardée : /home/2023029/PARTAGE/abelgh02/logs/lemumo/lemumo_vits16_llvip-kaistfull04_ep600_bs64_lamb0.1/probings_latest_runs10_cropsize224/roc_curve_rgb.png

✨ SCORES ROC FINAUX POUR RGB (Meilleure Époque) :
METRIC_AUC_RGB_PERSON: 0.8549
METRIC_AUC_RGB_CAR: 0.9042
METRIC_AUC_RGB_BICYCLE: 0.8680
METRIC_AUC_RGB_BACKGROUND: 0.9100

=======================================================
  Linear Probing OFFLINE — mode : IR
=======================================================
[train] mode=ir | 4129 images (0 ignorées) | person=23408 patches | car=70689 patches | bicycle=6911 patches | background=718426 patches
[val] mode=ir | 1013 images (0 ignorées) | person=15537 patches | car=21472 patches | bicycle=1588 patches | background=163479 patches
✅ Le MuMo encoder chargé depuis /home/2023029/PARTAGE/abelgh02/logs/lemumo/lemumo_vits16_llvip-kaistfull04_ep600_bs64_lamb0.1/latest.pt (run lemumo_vits16_llvip-kaistfull04_ep600_bs64_lamb0.1, variant=prune_after_first, ViT-small)
  ⚙️  Extraction des features pour ir...
  💾 Sauvegardé dans /home/2023029/PARTAGE/abelgh02/logs/lemumo/lemumo_vits16_llvip-kaistfull04_ep600_bs64_lamb0.1/probings_latest_runs10_cropsize224/ir_train_features_tbmTrue.pt (Shape: torch.Size([4129, 196, 384]))
  ⚙️  Extraction des features pour ir...
  💾 Sauvegardé dans /home/2023029/PARTAGE/abelgh02/logs/lemumo/lemumo_vits16_llvip-kaistfull04_ep600_bs64_lamb0.1/probings_latest_runs10_cropsize224/ir_val_features_tbmTrue.pt (Shape: torch.Size([1013, 196, 384]))
🔒 Graine aléatoire fixée à : 43
[IR]   1/30 | train loss=0.8873 mAP=0.356 | val loss=1.0115 mAP=0.412 | person=0.250 | car=0.399 | bicycle=0.035 | background=0.962
  💾 Meilleur IR sauvegardé (val mAP=0.412)
[IR]   2/30 | train loss=0.6993 mAP=0.403 | val loss=0.9239 mAP=0.429 | person=0.292 | car=0.411 | bicycle=0.043 | background=0.971
  💾 Meilleur IR sauvegardé (val mAP=0.429)
[IR]   3/30 | train loss=0.6321 mAP=0.419 | val loss=0.8843 mAP=0.442 | person=0.320 | car=0.423 | bicycle=0.050 | background=0.974
  💾 Meilleur IR sauvegardé (val mAP=0.442)
[IR]   4/30 | train loss=0.5998 mAP=0.431 | val loss=0.8629 mAP=0.450 | person=0.339 | car=0.430 | bicycle=0.056 | background=0.976
  💾 Meilleur IR sauvegardé (val mAP=0.450)
[IR]   5/30 | train loss=0.5801 mAP=0.439 | val loss=0.8533 mAP=0.456 | person=0.351 | car=0.437 | bicycle=0.060 | background=0.977
  💾 Meilleur IR sauvegardé (val mAP=0.456)
[IR]   6/30 | train loss=0.5666 mAP=0.445 | val loss=0.8447 mAP=0.460 | person=0.358 | car=0.442 | bicycle=0.062 | background=0.978
  💾 Meilleur IR sauvegardé (val mAP=0.460)
[IR]   7/30 | train loss=0.5565 mAP=0.450 | val loss=0.8359 mAP=0.463 | person=0.363 | car=0.446 | bicycle=0.064 | background=0.978
  💾 Meilleur IR sauvegardé (val mAP=0.463)
[IR]   8/30 | train loss=0.5488 mAP=0.453 | val loss=0.8262 mAP=0.465 | person=0.367 | car=0.450 | bicycle=0.065 | background=0.979
  💾 Meilleur IR sauvegardé (val mAP=0.465)
[IR]   9/30 | train loss=0.5425 mAP=0.456 | val loss=0.8275 mAP=0.467 | person=0.371 | car=0.453 | bicycle=0.066 | background=0.979
  💾 Meilleur IR sauvegardé (val mAP=0.467)
[IR]  10/30 | train loss=0.5373 mAP=0.459 | val loss=0.8158 mAP=0.469 | person=0.373 | car=0.456 | bicycle=0.067 | background=0.979
  💾 Meilleur IR sauvegardé (val mAP=0.469)
[IR]  11/30 | train loss=0.5331 mAP=0.461 | val loss=0.8245 mAP=0.470 | person=0.376 | car=0.458 | bicycle=0.068 | background=0.979
  💾 Meilleur IR sauvegardé (val mAP=0.470)
[IR]  12/30 | train loss=0.5296 mAP=0.463 | val loss=0.8100 mAP=0.471 | person=0.375 | car=0.460 | bicycle=0.069 | background=0.980
  💾 Meilleur IR sauvegardé (val mAP=0.471)
[IR]  13/30 | train loss=0.5263 mAP=0.464 | val loss=0.8176 mAP=0.472 | person=0.377 | car=0.462 | bicycle=0.069 | background=0.980
  💾 Meilleur IR sauvegardé (val mAP=0.472)
[IR]  14/30 | train loss=0.5238 mAP=0.465 | val loss=0.8120 mAP=0.472 | person=0.377 | car=0.463 | bicycle=0.069 | background=0.980
  💾 Meilleur IR sauvegardé (val mAP=0.472)
[IR]  15/30 | train loss=0.5214 mAP=0.467 | val loss=0.8091 mAP=0.473 | person=0.379 | car=0.463 | bicycle=0.070 | background=0.980
  💾 Meilleur IR sauvegardé (val mAP=0.473)
[IR]  16/30 | train loss=0.5197 mAP=0.468 | val loss=0.8094 mAP=0.473 | person=0.379 | car=0.465 | bicycle=0.070 | background=0.980
  💾 Meilleur IR sauvegardé (val mAP=0.473)
[IR]  17/30 | train loss=0.5178 mAP=0.469 | val loss=0.8086 mAP=0.474 | person=0.380 | car=0.466 | bicycle=0.070 | background=0.980
  💾 Meilleur IR sauvegardé (val mAP=0.474)
[IR]  18/30 | train loss=0.5163 mAP=0.469 | val loss=0.8080 mAP=0.474 | person=0.380 | car=0.466 | bicycle=0.070 | background=0.980
  💾 Meilleur IR sauvegardé (val mAP=0.474)
[IR]  19/30 | train loss=0.5151 mAP=0.470 | val loss=0.8075 mAP=0.474 | person=0.380 | car=0.467 | bicycle=0.070 | background=0.980
  💾 Meilleur IR sauvegardé (val mAP=0.474)
[IR]  20/30 | train loss=0.5142 mAP=0.470 | val loss=0.8053 mAP=0.475 | person=0.381 | car=0.467 | bicycle=0.070 | background=0.980
  💾 Meilleur IR sauvegardé (val mAP=0.475)
[IR]  21/30 | train loss=0.5132 mAP=0.471 | val loss=0.8052 mAP=0.475 | person=0.381 | car=0.467 | bicycle=0.070 | background=0.980
  💾 Meilleur IR sauvegardé (val mAP=0.475)
[IR]  22/30 | train loss=0.5126 mAP=0.471 | val loss=0.8064 mAP=0.475 | person=0.381 | car=0.468 | bicycle=0.070 | background=0.980
  💾 Meilleur IR sauvegardé (val mAP=0.475)
[IR]  23/30 | train loss=0.5120 mAP=0.471 | val loss=0.8043 mAP=0.475 | person=0.381 | car=0.468 | bicycle=0.070 | background=0.980
  💾 Meilleur IR sauvegardé (val mAP=0.475)
[IR]  24/30 | train loss=0.5115 mAP=0.472 | val loss=0.8055 mAP=0.475 | person=0.382 | car=0.468 | bicycle=0.070 | background=0.980
  💾 Meilleur IR sauvegardé (val mAP=0.475)
[IR]  25/30 | train loss=0.5111 mAP=0.472 | val loss=0.8052 mAP=0.475 | person=0.382 | car=0.468 | bicycle=0.070 | background=0.980
  💾 Meilleur IR sauvegardé (val mAP=0.475)
[IR]  26/30 | train loss=0.5109 mAP=0.472 | val loss=0.8055 mAP=0.475 | person=0.382 | car=0.468 | bicycle=0.070 | background=0.980
  💾 Meilleur IR sauvegardé (val mAP=0.475)
[IR]  27/30 | train loss=0.5107 mAP=0.472 | val loss=0.8051 mAP=0.475 | person=0.382 | car=0.468 | bicycle=0.070 | background=0.980
  💾 Meilleur IR sauvegardé (val mAP=0.475)
[IR]  28/30 | train loss=0.5106 mAP=0.472 | val loss=0.8049 mAP=0.475 | person=0.382 | car=0.469 | bicycle=0.070 | background=0.980
  💾 Meilleur IR sauvegardé (val mAP=0.475)
[IR]  29/30 | train loss=0.5105 mAP=0.472 | val loss=0.8049 mAP=0.475 | person=0.382 | car=0.469 | bicycle=0.070 | background=0.980
  💾 Meilleur IR sauvegardé (val mAP=0.475)
[IR]  30/30 | train loss=0.5105 mAP=0.472 | val loss=0.8049 mAP=0.475 | person=0.382 | car=0.469 | bicycle=0.070 | background=0.980
  💾 Meilleur IR sauvegardé (val mAP=0.475)
  📊 Courbe ROC sauvegardée : /home/2023029/PARTAGE/abelgh02/logs/lemumo/lemumo_vits16_llvip-kaistfull04_ep600_bs64_lamb0.1/probings_latest_runs10_cropsize224/roc_curve_ir.png

✨ SCORES ROC FINAUX POUR IR (Meilleure Époque) :
METRIC_AUC_IR_PERSON: 0.8846
METRIC_AUC_IR_CAR: 0.8981
METRIC_AUC_IR_BICYCLE: 0.8858
METRIC_AUC_IR_BACKGROUND: 0.9166

=======================================================
  Linear Probing OFFLINE — mode : BOTH
=======================================================
[train] mode=both | 4129 images (0 ignorées) | person=23408 patches | car=70689 patches | bicycle=6911 patches | background=718426 patches
[val] mode=both | 1013 images (0 ignorées) | person=15537 patches | car=21472 patches | bicycle=1588 patches | background=163479 patches
✅ Le MuMo encoder chargé depuis /home/2023029/PARTAGE/abelgh02/logs/lemumo/lemumo_vits16_llvip-kaistfull04_ep600_bs64_lamb0.1/latest.pt (run lemumo_vits16_llvip-kaistfull04_ep600_bs64_lamb0.1, variant=prune_after_first, ViT-small)
  ⚙️  Extraction des features pour both...
  💾 Sauvegardé dans /home/2023029/PARTAGE/abelgh02/logs/lemumo/lemumo_vits16_llvip-kaistfull04_ep600_bs64_lamb0.1/probings_latest_runs10_cropsize224/both_train_features_tbmTrue.pt (Shape: torch.Size([4129, 196, 768]))
  ⚙️  Extraction des features pour both...
  💾 Sauvegardé dans /home/2023029/PARTAGE/abelgh02/logs/lemumo/lemumo_vits16_llvip-kaistfull04_ep600_bs64_lamb0.1/probings_latest_runs10_cropsize224/both_val_features_tbmTrue.pt (Shape: torch.Size([1013, 196, 768]))
🔒 Graine aléatoire fixée à : 43
[BOTH]   1/30 | train loss=0.8071 mAP=0.386 | val loss=0.9215 mAP=0.434 | person=0.267 | car=0.446 | bicycle=0.049 | background=0.974
  💾 Meilleur BOTH sauvegardé (val mAP=0.434)
[BOTH]   2/30 | train loss=0.6013 mAP=0.432 | val loss=0.8612 mAP=0.456 | person=0.320 | car=0.463 | bicycle=0.062 | background=0.979
  💾 Meilleur BOTH sauvegardé (val mAP=0.456)
[BOTH]   3/30 | train loss=0.5503 mAP=0.454 | val loss=0.8278 mAP=0.469 | person=0.348 | car=0.478 | bicycle=0.069 | background=0.981
  💾 Meilleur BOTH sauvegardé (val mAP=0.469)
[BOTH]   4/30 | train loss=0.5268 mAP=0.468 | val loss=0.8084 mAP=0.477 | person=0.363 | car=0.491 | bicycle=0.071 | background=0.982
  💾 Meilleur BOTH sauvegardé (val mAP=0.477)
[BOTH]   5/30 | train loss=0.5110 mAP=0.478 | val loss=0.8084 mAP=0.482 | person=0.372 | car=0.499 | bicycle=0.073 | background=0.983
  💾 Meilleur BOTH sauvegardé (val mAP=0.482)
[BOTH]   6/30 | train loss=0.5004 mAP=0.485 | val loss=0.8027 mAP=0.485 | person=0.377 | car=0.507 | bicycle=0.073 | background=0.983
  💾 Meilleur BOTH sauvegardé (val mAP=0.485)
[BOTH]   7/30 | train loss=0.4919 mAP=0.491 | val loss=0.7978 mAP=0.488 | person=0.381 | car=0.514 | bicycle=0.073 | background=0.983
  💾 Meilleur BOTH sauvegardé (val mAP=0.488)
[BOTH]   8/30 | train loss=0.4859 mAP=0.494 | val loss=0.7870 mAP=0.490 | person=0.384 | car=0.518 | bicycle=0.073 | background=0.984
  💾 Meilleur BOTH sauvegardé (val mAP=0.490)
[BOTH]   9/30 | train loss=0.4800 mAP=0.498 | val loss=0.7769 mAP=0.492 | person=0.387 | car=0.523 | bicycle=0.074 | background=0.984
  💾 Meilleur BOTH sauvegardé (val mAP=0.492)
[BOTH]  10/30 | train loss=0.4756 mAP=0.501 | val loss=0.7872 mAP=0.493 | person=0.388 | car=0.528 | bicycle=0.074 | background=0.984
  💾 Meilleur BOTH sauvegardé (val mAP=0.493)
[BOTH]  11/30 | train loss=0.4721 mAP=0.503 | val loss=0.7814 mAP=0.495 | person=0.390 | car=0.531 | bicycle=0.073 | background=0.984
  💾 Meilleur BOTH sauvegardé (val mAP=0.495)
[BOTH]  12/30 | train loss=0.4685 mAP=0.506 | val loss=0.7685 mAP=0.495 | person=0.389 | car=0.534 | bicycle=0.074 | background=0.984
  💾 Meilleur BOTH sauvegardé (val mAP=0.495)
[BOTH]  13/30 | train loss=0.4660 mAP=0.508 | val loss=0.7707 mAP=0.496 | person=0.391 | car=0.536 | bicycle=0.074 | background=0.985
  💾 Meilleur BOTH sauvegardé (val mAP=0.496)
[BOTH]  14/30 | train loss=0.4637 mAP=0.509 | val loss=0.7753 mAP=0.497 | person=0.392 | car=0.538 | bicycle=0.074 | background=0.985
  💾 Meilleur BOTH sauvegardé (val mAP=0.497)
[BOTH]  15/30 | train loss=0.4616 mAP=0.511 | val loss=0.7566 mAP=0.498 | person=0.391 | car=0.540 | bicycle=0.074 | background=0.985
  💾 Meilleur BOTH sauvegardé (val mAP=0.498)
[BOTH]  16/30 | train loss=0.4596 mAP=0.512 | val loss=0.7645 mAP=0.498 | person=0.393 | car=0.542 | bicycle=0.074 | background=0.985
  💾 Meilleur BOTH sauvegardé (val mAP=0.498)
[BOTH]  17/30 | train loss=0.4580 mAP=0.513 | val loss=0.7591 mAP=0.498 | person=0.392 | car=0.543 | bicycle=0.074 | background=0.985
  💾 Meilleur BOTH sauvegardé (val mAP=0.498)
[BOTH]  18/30 | train loss=0.4567 mAP=0.514 | val loss=0.7667 mAP=0.499 | person=0.394 | car=0.544 | bicycle=0.074 | background=0.985
  💾 Meilleur BOTH sauvegardé (val mAP=0.499)
[BOTH]  19/30 | train loss=0.4557 mAP=0.515 | val loss=0.7571 mAP=0.499 | person=0.393 | car=0.545 | bicycle=0.074 | background=0.985
  💾 Meilleur BOTH sauvegardé (val mAP=0.499)
[BOTH]  20/30 | train loss=0.4548 mAP=0.515 | val loss=0.7549 mAP=0.500 | person=0.394 | car=0.545 | bicycle=0.074 | background=0.985
  💾 Meilleur BOTH sauvegardé (val mAP=0.500)
[BOTH]  21/30 | train loss=0.4540 mAP=0.516 | val loss=0.7538 mAP=0.500 | person=0.394 | car=0.546 | bicycle=0.074 | background=0.985
  💾 Meilleur BOTH sauvegardé (val mAP=0.500)
[BOTH]  22/30 | train loss=0.4533 mAP=0.516 | val loss=0.7550 mAP=0.500 | person=0.394 | car=0.547 | bicycle=0.074 | background=0.985
  💾 Meilleur BOTH sauvegardé (val mAP=0.500)
[BOTH]  23/30 | train loss=0.4526 mAP=0.517 | val loss=0.7607 mAP=0.500 | person=0.394 | car=0.547 | bicycle=0.074 | background=0.985
  💾 Meilleur BOTH sauvegardé (val mAP=0.500)
[BOTH]  24/30 | train loss=0.4521 mAP=0.517 | val loss=0.7600 mAP=0.500 | person=0.395 | car=0.547 | bicycle=0.074 | background=0.985
  💾 Meilleur BOTH sauvegardé (val mAP=0.500)
[BOTH]  25/30 | train loss=0.4518 mAP=0.517 | val loss=0.7568 mAP=0.500 | person=0.394 | car=0.548 | bicycle=0.074 | background=0.985
  💾 Meilleur BOTH sauvegardé (val mAP=0.500)
[BOTH]  26/30 | train loss=0.4516 mAP=0.518 | val loss=0.7559 mAP=0.500 | person=0.394 | car=0.548 | bicycle=0.074 | background=0.985
  💾 Meilleur BOTH sauvegardé (val mAP=0.500)
[BOTH]  27/30 | train loss=0.4514 mAP=0.518 | val loss=0.7560 mAP=0.500 | person=0.394 | car=0.548 | bicycle=0.074 | background=0.985
  💾 Meilleur BOTH sauvegardé (val mAP=0.500)
[BOTH]  28/30 | train loss=0.4512 mAP=0.518 | val loss=0.7572 mAP=0.500 | person=0.395 | car=0.548 | bicycle=0.074 | background=0.985
  💾 Meilleur BOTH sauvegardé (val mAP=0.500)
[BOTH]  29/30 | train loss=0.4512 mAP=0.518 | val loss=0.7572 mAP=0.500 | person=0.395 | car=0.548 | bicycle=0.074 | background=0.985
  💾 Meilleur BOTH sauvegardé (val mAP=0.500)
[BOTH]  30/30 | train loss=0.4512 mAP=0.518 | val loss=0.7573 mAP=0.500 | person=0.395 | car=0.548 | bicycle=0.074 | background=0.985
  💾 Meilleur BOTH sauvegardé (val mAP=0.500)
  📊 Courbe ROC sauvegardée : /home/2023029/PARTAGE/abelgh02/logs/lemumo/lemumo_vits16_llvip-kaistfull04_ep600_bs64_lamb0.1/probings_latest_runs10_cropsize224/roc_curve_both.png

✨ SCORES ROC FINAUX POUR BOTH (Meilleure Époque) :
METRIC_AUC_BOTH_PERSON: 0.8945
METRIC_AUC_BOTH_CAR: 0.9235
METRIC_AUC_BOTH_BICYCLE: 0.8988
METRIC_AUC_BOTH_BACKGROUND: 0.9350

=======================================================
  Linear Probing OFFLINE — mode : JOINT
=======================================================
[train] mode=joint | 4129 images (0 ignorées) | person=23408 patches | car=70689 patches | bicycle=6911 patches | background=718426 patches
[val] mode=joint | 1013 images (0 ignorées) | person=15537 patches | car=21472 patches | bicycle=1588 patches | background=163479 patches
✅ Le MuMo encoder chargé depuis /home/2023029/PARTAGE/abelgh02/logs/lemumo/lemumo_vits16_llvip-kaistfull04_ep600_bs64_lamb0.1/latest.pt (run lemumo_vits16_llvip-kaistfull04_ep600_bs64_lamb0.1, variant=prune_after_first, ViT-small)
  ⚙️  Extraction des features pour joint...
  💾 Sauvegardé dans /home/2023029/PARTAGE/abelgh02/logs/lemumo/lemumo_vits16_llvip-kaistfull04_ep600_bs64_lamb0.1/probings_latest_runs10_cropsize224/joint_train_features_tbmTrue.pt (Shape: torch.Size([4129, 196, 384]))
  ⚙️  Extraction des features pour joint...
  💾 Sauvegardé dans /home/2023029/PARTAGE/abelgh02/logs/lemumo/lemumo_vits16_llvip-kaistfull04_ep600_bs64_lamb0.1/probings_latest_runs10_cropsize224/joint_val_features_tbmTrue.pt (Shape: torch.Size([1013, 196, 384]))
🔒 Graine aléatoire fixée à : 43
[JOINT]   1/30 | train loss=0.8700 mAP=0.362 | val loss=0.9814 mAP=0.412 | person=0.239 | car=0.402 | bicycle=0.038 | background=0.970
  💾 Meilleur JOINT sauvegardé (val mAP=0.412)
[JOINT]   2/30 | train loss=0.6695 mAP=0.410 | val loss=0.8951 mAP=0.435 | person=0.282 | car=0.433 | bicycle=0.048 | background=0.976
  💾 Meilleur JOINT sauvegardé (val mAP=0.435)
[JOINT]   3/30 | train loss=0.6046 mAP=0.430 | val loss=0.8587 mAP=0.452 | person=0.317 | car=0.454 | bicycle=0.059 | background=0.978
  💾 Meilleur JOINT sauvegardé (val mAP=0.452)
[JOINT]   4/30 | train loss=0.5736 mAP=0.445 | val loss=0.8401 mAP=0.463 | person=0.337 | car=0.469 | bicycle=0.067 | background=0.980
  💾 Meilleur JOINT sauvegardé (val mAP=0.463)
[JOINT]   5/30 | train loss=0.5549 mAP=0.455 | val loss=0.8300 mAP=0.471 | person=0.350 | car=0.480 | bicycle=0.072 | background=0.981
  💾 Meilleur JOINT sauvegardé (val mAP=0.471)
[JOINT]   6/30 | train loss=0.5422 mAP=0.462 | val loss=0.8193 mAP=0.475 | person=0.358 | car=0.488 | bicycle=0.074 | background=0.981
  💾 Meilleur JOINT sauvegardé (val mAP=0.475)
[JOINT]   7/30 | train loss=0.5324 mAP=0.467 | val loss=0.8145 mAP=0.479 | person=0.363 | car=0.494 | bicycle=0.077 | background=0.982
  💾 Meilleur JOINT sauvegardé (val mAP=0.479)
[JOINT]   8/30 | train loss=0.5244 mAP=0.472 | val loss=0.8105 mAP=0.482 | person=0.368 | car=0.499 | bicycle=0.077 | background=0.982
  💾 Meilleur JOINT sauvegardé (val mAP=0.482)
[JOINT]   9/30 | train loss=0.5184 mAP=0.475 | val loss=0.8077 mAP=0.484 | person=0.371 | car=0.504 | bicycle=0.078 | background=0.983
  💾 Meilleur JOINT sauvegardé (val mAP=0.484)
[JOINT]  10/30 | train loss=0.5130 mAP=0.478 | val loss=0.7999 mAP=0.486 | person=0.374 | car=0.508 | bicycle=0.079 | background=0.983
  💾 Meilleur JOINT sauvegardé (val mAP=0.486)
[JOINT]  11/30 | train loss=0.5086 mAP=0.481 | val loss=0.7967 mAP=0.487 | person=0.377 | car=0.510 | bicycle=0.080 | background=0.983
  💾 Meilleur JOINT sauvegardé (val mAP=0.487)
[JOINT]  12/30 | train loss=0.5048 mAP=0.484 | val loss=0.7948 mAP=0.489 | person=0.379 | car=0.513 | bicycle=0.080 | background=0.983
  💾 Meilleur JOINT sauvegardé (val mAP=0.489)
[JOINT]  13/30 | train loss=0.5016 mAP=0.486 | val loss=0.7977 mAP=0.490 | person=0.380 | car=0.515 | bicycle=0.080 | background=0.983
  💾 Meilleur JOINT sauvegardé (val mAP=0.490)
[JOINT]  14/30 | train loss=0.4988 mAP=0.487 | val loss=0.7922 mAP=0.490 | person=0.381 | car=0.517 | bicycle=0.081 | background=0.983
  💾 Meilleur JOINT sauvegardé (val mAP=0.490)
[JOINT]  15/30 | train loss=0.4965 mAP=0.489 | val loss=0.7925 mAP=0.491 | person=0.383 | car=0.518 | bicycle=0.081 | background=0.983
  💾 Meilleur JOINT sauvegardé (val mAP=0.491)
[JOINT]  16/30 | train loss=0.4945 mAP=0.490 | val loss=0.7898 mAP=0.492 | person=0.384 | car=0.520 | bicycle=0.081 | background=0.983
  💾 Meilleur JOINT sauvegardé (val mAP=0.492)
[JOINT]  17/30 | train loss=0.4928 mAP=0.491 | val loss=0.7889 mAP=0.492 | person=0.385 | car=0.521 | bicycle=0.081 | background=0.984
  💾 Meilleur JOINT sauvegardé (val mAP=0.492)
[JOINT]  18/30 | train loss=0.4912 mAP=0.493 | val loss=0.7891 mAP=0.493 | person=0.385 | car=0.522 | bicycle=0.081 | background=0.984
  💾 Meilleur JOINT sauvegardé (val mAP=0.493)
[JOINT]  19/30 | train loss=0.4898 mAP=0.494 | val loss=0.7867 mAP=0.493 | person=0.386 | car=0.522 | bicycle=0.081 | background=0.984
  💾 Meilleur JOINT sauvegardé (val mAP=0.493)
[JOINT]  20/30 | train loss=0.4887 mAP=0.494 | val loss=0.7869 mAP=0.493 | person=0.386 | car=0.523 | bicycle=0.081 | background=0.984
  💾 Meilleur JOINT sauvegardé (val mAP=0.493)
[JOINT]  21/30 | train loss=0.4879 mAP=0.495 | val loss=0.7871 mAP=0.494 | person=0.387 | car=0.523 | bicycle=0.081 | background=0.984
  💾 Meilleur JOINT sauvegardé (val mAP=0.494)
[JOINT]  22/30 | train loss=0.4871 mAP=0.495 | val loss=0.7869 mAP=0.494 | person=0.387 | car=0.524 | bicycle=0.081 | background=0.984
  💾 Meilleur JOINT sauvegardé (val mAP=0.494)
[JOINT]  23/30 | train loss=0.4865 mAP=0.496 | val loss=0.7858 mAP=0.494 | person=0.388 | car=0.524 | bicycle=0.081 | background=0.984
  💾 Meilleur JOINT sauvegardé (val mAP=0.494)
[JOINT]  24/30 | train loss=0.4860 mAP=0.496 | val loss=0.7856 mAP=0.494 | person=0.388 | car=0.524 | bicycle=0.081 | background=0.984
  💾 Meilleur JOINT sauvegardé (val mAP=0.494)
[JOINT]  25/30 | train loss=0.4856 mAP=0.496 | val loss=0.7830 mAP=0.494 | person=0.388 | car=0.524 | bicycle=0.081 | background=0.984
  💾 Meilleur JOINT sauvegardé (val mAP=0.494)
[JOINT]  26/30 | train loss=0.4853 mAP=0.496 | val loss=0.7843 mAP=0.494 | person=0.388 | car=0.525 | bicycle=0.081 | background=0.984
  💾 Meilleur JOINT sauvegardé (val mAP=0.494)
[JOINT]  27/30 | train loss=0.4851 mAP=0.496 | val loss=0.7843 mAP=0.494 | person=0.388 | car=0.525 | bicycle=0.081 | background=0.984
  💾 Meilleur JOINT sauvegardé (val mAP=0.494)
[JOINT]  28/30 | train loss=0.4850 mAP=0.497 | val loss=0.7842 mAP=0.494 | person=0.388 | car=0.525 | bicycle=0.081 | background=0.984
  💾 Meilleur JOINT sauvegardé (val mAP=0.494)
[JOINT]  29/30 | train loss=0.4849 mAP=0.497 | val loss=0.7842 mAP=0.494 | person=0.388 | car=0.525 | bicycle=0.081 | background=0.984
  💾 Meilleur JOINT sauvegardé (val mAP=0.494)
[JOINT]  30/30 | train loss=0.4849 mAP=0.497 | val loss=0.7842 mAP=0.494 | person=0.388 | car=0.525 | bicycle=0.081 | background=0.984
  💾 Meilleur JOINT sauvegardé (val mAP=0.494)
  📊 Courbe ROC sauvegardée : /home/2023029/PARTAGE/abelgh02/logs/lemumo/lemumo_vits16_llvip-kaistfull04_ep600_bs64_lamb0.1/probings_latest_runs10_cropsize224/roc_curve_joint.png

✨ SCORES ROC FINAUX POUR JOINT (Meilleure Époque) :
METRIC_AUC_JOINT_PERSON: 0.8885
METRIC_AUC_JOINT_CAR: 0.9167
METRIC_AUC_JOINT_BICYCLE: 0.8908
METRIC_AUC_JOINT_BACKGROUND: 0.9293

=======================================================
  RÉSUMÉ FINAL — Linear Probing JEPA sur FLIR Aligned
=======================================================
  RGB   │ █████████████                  │ mAP=0.446
  IR    │ ██████████████                 │ mAP=0.475
  BOTH  │ ███████████████                │ mAP=0.500
  JOINT │ ██████████████                 │ mAP=0.494
=======================================================

✅ mAP RGB ≈ mAP IR (gap < 5%) → le target_encoder aligne bien les deux modalités.
ℹ️  La fusion apporte +0.025 → les modalités restent complémentaires.

▶️  RUN 2/10 | cuda:0 | Seed: 44

=======================================================
  Linear Probing OFFLINE — mode : RGB
=======================================================
[train] mode=rgb | 4129 images (0 ignorées) | person=23408 patches | car=70689 patches | bicycle=6911 patches | background=718426 patches
[val] mode=rgb | 1013 images (0 ignorées) | person=15537 patches | car=21472 patches | bicycle=1588 patches | background=163479 patches
✅ Le MuMo encoder chargé depuis /home/2023029/PARTAGE/abelgh02/logs/lemumo/lemumo_vits16_llvip-kaistfull04_ep600_bs64_lamb0.1/latest.pt (run lemumo_vits16_llvip-kaistfull04_ep600_bs64_lamb0.1, variant=prune_after_first, ViT-small)
  ⚡ Features déjà extraites trouvées : chargement depuis /home/2023029/PARTAGE/abelgh02/logs/lemumo/lemumo_vits16_llvip-kaistfull04_ep600_bs64_lamb0.1/probings_latest_runs10_cropsize224/rgb_train_features_tbmTrue.pt
  ⚡ Features déjà extraites trouvées : chargement depuis /home/2023029/PARTAGE/abelgh02/logs/lemumo/lemumo_vits16_llvip-kaistfull04_ep600_bs64_lamb0.1/probings_latest_runs10_cropsize224/rgb_val_features_tbmTrue.pt
🔒 Graine aléatoire fixée à : 44
[RGB]   1/30 | train loss=0.9074 mAP=0.342 | val loss=1.0588 mAP=0.400 | person=0.238 | car=0.364 | bicycle=0.035 | background=0.964
  💾 Meilleur RGB sauvegardé (val mAP=0.400)
[RGB]   2/30 | train loss=0.7431 mAP=0.381 | val loss=0.9804 mAP=0.412 | person=0.247 | car=0.395 | bicycle=0.038 | background=0.969
  💾 Meilleur RGB sauvegardé (val mAP=0.412)
[RGB]   3/30 | train loss=0.6796 mAP=0.394 | val loss=0.9466 mAP=0.419 | person=0.254 | car=0.413 | bicycle=0.039 | background=0.972
  💾 Meilleur RGB sauvegardé (val mAP=0.419)
[RGB]   4/30 | train loss=0.6471 mAP=0.402 | val loss=0.9194 mAP=0.424 | person=0.259 | car=0.426 | bicycle=0.040 | background=0.973
  💾 Meilleur RGB sauvegardé (val mAP=0.424)
[RGB]   5/30 | train loss=0.6262 mAP=0.408 | val loss=0.9192 mAP=0.428 | person=0.262 | car=0.435 | bicycle=0.040 | background=0.975
  💾 Meilleur RGB sauvegardé (val mAP=0.428)
[RGB]   6/30 | train loss=0.6114 mAP=0.413 | val loss=0.9056 mAP=0.431 | person=0.265 | car=0.442 | bicycle=0.041 | background=0.975
  💾 Meilleur RGB sauvegardé (val mAP=0.431)
[RGB]   7/30 | train loss=0.6004 mAP=0.416 | val loss=0.8985 mAP=0.433 | person=0.267 | car=0.449 | bicycle=0.041 | background=0.976
  💾 Meilleur RGB sauvegardé (val mAP=0.433)
[RGB]   8/30 | train loss=0.5923 mAP=0.419 | val loss=0.8903 mAP=0.435 | person=0.269 | car=0.454 | bicycle=0.041 | background=0.977
  💾 Meilleur RGB sauvegardé (val mAP=0.435)
[RGB]   9/30 | train loss=0.5852 mAP=0.422 | val loss=0.9012 mAP=0.437 | person=0.271 | car=0.458 | bicycle=0.042 | background=0.977
  💾 Meilleur RGB sauvegardé (val mAP=0.437)
[RGB]  10/30 | train loss=0.5796 mAP=0.424 | val loss=0.8841 mAP=0.439 | person=0.272 | car=0.463 | bicycle=0.042 | background=0.977
  💾 Meilleur RGB sauvegardé (val mAP=0.439)
[RGB]  11/30 | train loss=0.5749 mAP=0.426 | val loss=0.8851 mAP=0.440 | person=0.273 | car=0.466 | bicycle=0.042 | background=0.978
  💾 Meilleur RGB sauvegardé (val mAP=0.440)
[RGB]  12/30 | train loss=0.5707 mAP=0.428 | val loss=0.8958 mAP=0.441 | person=0.275 | car=0.469 | bicycle=0.042 | background=0.978
  💾 Meilleur RGB sauvegardé (val mAP=0.441)
[RGB]  13/30 | train loss=0.5675 mAP=0.430 | val loss=0.8841 mAP=0.442 | person=0.275 | car=0.471 | bicycle=0.042 | background=0.978
  💾 Meilleur RGB sauvegardé (val mAP=0.442)
[RGB]  14/30 | train loss=0.5645 mAP=0.431 | val loss=0.8791 mAP=0.443 | person=0.277 | car=0.474 | bicycle=0.042 | background=0.978
  💾 Meilleur RGB sauvegardé (val mAP=0.443)
[RGB]  15/30 | train loss=0.5619 mAP=0.432 | val loss=0.8795 mAP=0.443 | person=0.277 | car=0.476 | bicycle=0.042 | background=0.978
  💾 Meilleur RGB sauvegardé (val mAP=0.443)
[RGB]  16/30 | train loss=0.5598 mAP=0.433 | val loss=0.8803 mAP=0.444 | person=0.278 | car=0.477 | bicycle=0.043 | background=0.978
  💾 Meilleur RGB sauvegardé (val mAP=0.444)
[RGB]  17/30 | train loss=0.5581 mAP=0.434 | val loss=0.8852 mAP=0.445 | person=0.279 | car=0.479 | bicycle=0.043 | background=0.979
  💾 Meilleur RGB sauvegardé (val mAP=0.445)
[RGB]  18/30 | train loss=0.5566 mAP=0.435 | val loss=0.8805 mAP=0.445 | person=0.279 | car=0.480 | bicycle=0.043 | background=0.979
  💾 Meilleur RGB sauvegardé (val mAP=0.445)
[RGB]  19/30 | train loss=0.5551 mAP=0.436 | val loss=0.8751 mAP=0.446 | person=0.279 | car=0.481 | bicycle=0.043 | background=0.979
  💾 Meilleur RGB sauvegardé (val mAP=0.446)
[RGB]  20/30 | train loss=0.5539 mAP=0.436 | val loss=0.8785 mAP=0.446 | person=0.280 | car=0.482 | bicycle=0.043 | background=0.979
  💾 Meilleur RGB sauvegardé (val mAP=0.446)
[RGB]  21/30 | train loss=0.5531 mAP=0.437 | val loss=0.8706 mAP=0.446 | person=0.280 | car=0.483 | bicycle=0.043 | background=0.979
  💾 Meilleur RGB sauvegardé (val mAP=0.446)
[RGB]  22/30 | train loss=0.5523 mAP=0.437 | val loss=0.8764 mAP=0.446 | person=0.280 | car=0.483 | bicycle=0.043 | background=0.979
  💾 Meilleur RGB sauvegardé (val mAP=0.446)
[RGB]  23/30 | train loss=0.5516 mAP=0.438 | val loss=0.8740 mAP=0.447 | person=0.281 | car=0.484 | bicycle=0.043 | background=0.979
  💾 Meilleur RGB sauvegardé (val mAP=0.447)
[RGB]  24/30 | train loss=0.5512 mAP=0.438 | val loss=0.8749 mAP=0.447 | person=0.281 | car=0.484 | bicycle=0.043 | background=0.979
  💾 Meilleur RGB sauvegardé (val mAP=0.447)
[RGB]  25/30 | train loss=0.5508 mAP=0.438 | val loss=0.8766 mAP=0.447 | person=0.281 | car=0.484 | bicycle=0.043 | background=0.979
  💾 Meilleur RGB sauvegardé (val mAP=0.447)
[RGB]  26/30 | train loss=0.5505 mAP=0.438 | val loss=0.8762 mAP=0.447 | person=0.281 | car=0.484 | bicycle=0.043 | background=0.979
  💾 Meilleur RGB sauvegardé (val mAP=0.447)
[RGB]  27/30 | train loss=0.5504 mAP=0.438 | val loss=0.8740 mAP=0.447 | person=0.281 | car=0.484 | bicycle=0.043 | background=0.979
  💾 Meilleur RGB sauvegardé (val mAP=0.447)
[RGB]  28/30 | train loss=0.5502 mAP=0.438 | val loss=0.8749 mAP=0.447 | person=0.281 | car=0.485 | bicycle=0.043 | background=0.979
  💾 Meilleur RGB sauvegardé (val mAP=0.447)
[RGB]  29/30 | train loss=0.5501 mAP=0.438 | val loss=0.8744 mAP=0.447 | person=0.281 | car=0.485 | bicycle=0.043 | background=0.979
  💾 Meilleur RGB sauvegardé (val mAP=0.447)
[RGB]  30/30 | train loss=0.5501 mAP=0.438 | val loss=0.8744 mAP=0.447 | person=0.281 | car=0.485 | bicycle=0.043 | background=0.979
  💾 Meilleur RGB sauvegardé (val mAP=0.447)
  📊 Courbe ROC sauvegardée : /home/2023029/PARTAGE/abelgh02/logs/lemumo/lemumo_vits16_llvip-kaistfull04_ep600_bs64_lamb0.1/probings_latest_runs10_cropsize224/roc_curve_rgb.png

✨ SCORES ROC FINAUX POUR RGB (Meilleure Époque) :
METRIC_AUC_RGB_PERSON: 0.8558
METRIC_AUC_RGB_CAR: 0.9049
METRIC_AUC_RGB_BICYCLE: 0.8678
METRIC_AUC_RGB_BACKGROUND: 0.9100

=======================================================
  Linear Probing OFFLINE — mode : IR
=======================================================
[train] mode=ir | 4129 images (0 ignorées) | person=23408 patches | car=70689 patches | bicycle=6911 patches | background=718426 patches
[val] mode=ir | 1013 images (0 ignorées) | person=15537 patches | car=21472 patches | bicycle=1588 patches | background=163479 patches
✅ Le MuMo encoder chargé depuis /home/2023029/PARTAGE/abelgh02/logs/lemumo/lemumo_vits16_llvip-kaistfull04_ep600_bs64_lamb0.1/latest.pt (run lemumo_vits16_llvip-kaistfull04_ep600_bs64_lamb0.1, variant=prune_after_first, ViT-small)
  ⚡ Features déjà extraites trouvées : chargement depuis /home/2023029/PARTAGE/abelgh02/logs/lemumo/lemumo_vits16_llvip-kaistfull04_ep600_bs64_lamb0.1/probings_latest_runs10_cropsize224/ir_train_features_tbmTrue.pt
  ⚡ Features déjà extraites trouvées : chargement depuis /home/2023029/PARTAGE/abelgh02/logs/lemumo/lemumo_vits16_llvip-kaistfull04_ep600_bs64_lamb0.1/probings_latest_runs10_cropsize224/ir_val_features_tbmTrue.pt
🔒 Graine aléatoire fixée à : 44
[IR]   1/30 | train loss=0.8718 mAP=0.370 | val loss=1.0019 mAP=0.423 | person=0.284 | car=0.398 | bicycle=0.045 | background=0.965
  💾 Meilleur IR sauvegardé (val mAP=0.423)
[IR]   2/30 | train loss=0.6906 mAP=0.412 | val loss=0.9199 mAP=0.436 | person=0.316 | car=0.409 | bicycle=0.048 | background=0.971
  💾 Meilleur IR sauvegardé (val mAP=0.436)
[IR]   3/30 | train loss=0.6262 mAP=0.425 | val loss=0.8896 mAP=0.446 | person=0.337 | car=0.419 | bicycle=0.055 | background=0.974
  💾 Meilleur IR sauvegardé (val mAP=0.446)
[IR]   4/30 | train loss=0.5953 mAP=0.435 | val loss=0.8621 mAP=0.453 | person=0.351 | car=0.427 | bicycle=0.059 | background=0.976
  💾 Meilleur IR sauvegardé (val mAP=0.453)
[IR]   5/30 | train loss=0.5764 mAP=0.441 | val loss=0.8418 mAP=0.458 | person=0.360 | car=0.433 | bicycle=0.061 | background=0.977
  💾 Meilleur IR sauvegardé (val mAP=0.458)
[IR]   6/30 | train loss=0.5638 mAP=0.447 | val loss=0.8368 mAP=0.461 | person=0.366 | car=0.438 | bicycle=0.064 | background=0.978
  💾 Meilleur IR sauvegardé (val mAP=0.461)
[IR]   7/30 | train loss=0.5541 mAP=0.451 | val loss=0.8326 mAP=0.464 | person=0.369 | car=0.444 | bicycle=0.065 | background=0.978
  💾 Meilleur IR sauvegardé (val mAP=0.464)
[IR]   8/30 | train loss=0.5465 mAP=0.454 | val loss=0.8224 mAP=0.466 | person=0.372 | car=0.448 | bicycle=0.066 | background=0.979
  💾 Meilleur IR sauvegardé (val mAP=0.466)
[IR]   9/30 | train loss=0.5406 mAP=0.457 | val loss=0.8237 mAP=0.468 | person=0.375 | car=0.451 | bicycle=0.068 | background=0.979
  💾 Meilleur IR sauvegardé (val mAP=0.468)
[IR]  10/30 | train loss=0.5355 mAP=0.459 | val loss=0.8212 mAP=0.469 | person=0.377 | car=0.454 | bicycle=0.068 | background=0.979
  💾 Meilleur IR sauvegardé (val mAP=0.469)
[IR]  11/30 | train loss=0.5315 mAP=0.461 | val loss=0.8182 mAP=0.470 | person=0.378 | car=0.456 | bicycle=0.068 | background=0.979
  💾 Meilleur IR sauvegardé (val mAP=0.470)
[IR]  12/30 | train loss=0.5278 mAP=0.463 | val loss=0.8081 mAP=0.472 | person=0.379 | car=0.459 | bicycle=0.069 | background=0.980
  💾 Meilleur IR sauvegardé (val mAP=0.472)
[IR]  13/30 | train loss=0.5247 mAP=0.464 | val loss=0.8121 mAP=0.473 | person=0.380 | car=0.461 | bicycle=0.069 | background=0.980
  💾 Meilleur IR sauvegardé (val mAP=0.473)
[IR]  14/30 | train loss=0.5222 mAP=0.466 | val loss=0.8061 mAP=0.473 | person=0.380 | car=0.462 | bicycle=0.070 | background=0.980
  💾 Meilleur IR sauvegardé (val mAP=0.473)
[IR]  15/30 | train loss=0.5200 mAP=0.467 | val loss=0.8095 mAP=0.474 | person=0.381 | car=0.463 | bicycle=0.070 | background=0.980
  💾 Meilleur IR sauvegardé (val mAP=0.474)
[IR]  16/30 | train loss=0.5182 mAP=0.468 | val loss=0.8090 mAP=0.474 | person=0.382 | car=0.465 | bicycle=0.070 | background=0.980
  💾 Meilleur IR sauvegardé (val mAP=0.474)
[IR]  17/30 | train loss=0.5164 mAP=0.469 | val loss=0.8059 mAP=0.475 | person=0.383 | car=0.465 | bicycle=0.070 | background=0.980
  💾 Meilleur IR sauvegardé (val mAP=0.475)
[IR]  18/30 | train loss=0.5150 mAP=0.469 | val loss=0.8034 mAP=0.475 | person=0.382 | car=0.466 | bicycle=0.070 | background=0.980
[IR]  19/30 | train loss=0.5138 mAP=0.470 | val loss=0.8026 mAP=0.475 | person=0.383 | car=0.466 | bicycle=0.070 | background=0.980
  💾 Meilleur IR sauvegardé (val mAP=0.475)
[IR]  20/30 | train loss=0.5128 mAP=0.471 | val loss=0.8031 mAP=0.475 | person=0.383 | car=0.467 | bicycle=0.070 | background=0.980
  💾 Meilleur IR sauvegardé (val mAP=0.475)
[IR]  21/30 | train loss=0.5120 mAP=0.471 | val loss=0.8034 mAP=0.475 | person=0.384 | car=0.467 | bicycle=0.070 | background=0.980
  💾 Meilleur IR sauvegardé (val mAP=0.475)
[IR]  22/30 | train loss=0.5113 mAP=0.471 | val loss=0.8034 mAP=0.475 | person=0.384 | car=0.468 | bicycle=0.070 | background=0.980
  💾 Meilleur IR sauvegardé (val mAP=0.475)
[IR]  23/30 | train loss=0.5107 mAP=0.472 | val loss=0.8018 mAP=0.476 | person=0.384 | car=0.468 | bicycle=0.070 | background=0.980
  💾 Meilleur IR sauvegardé (val mAP=0.476)
[IR]  24/30 | train loss=0.5103 mAP=0.472 | val loss=0.8028 mAP=0.476 | person=0.384 | car=0.468 | bicycle=0.070 | background=0.980
  💾 Meilleur IR sauvegardé (val mAP=0.476)
[IR]  25/30 | train loss=0.5100 mAP=0.472 | val loss=0.8032 mAP=0.476 | person=0.384 | car=0.468 | bicycle=0.070 | background=0.980
  💾 Meilleur IR sauvegardé (val mAP=0.476)
[IR]  26/30 | train loss=0.5097 mAP=0.472 | val loss=0.8018 mAP=0.476 | person=0.384 | car=0.468 | bicycle=0.071 | background=0.980
  💾 Meilleur IR sauvegardé (val mAP=0.476)
[IR]  27/30 | train loss=0.5095 mAP=0.472 | val loss=0.8017 mAP=0.476 | person=0.384 | car=0.468 | bicycle=0.071 | background=0.980
[IR]  28/30 | train loss=0.5094 mAP=0.472 | val loss=0.8020 mAP=0.476 | person=0.384 | car=0.469 | bicycle=0.071 | background=0.980
  💾 Meilleur IR sauvegardé (val mAP=0.476)
[IR]  29/30 | train loss=0.5093 mAP=0.472 | val loss=0.8020 mAP=0.476 | person=0.384 | car=0.469 | bicycle=0.071 | background=0.980
[IR]  30/30 | train loss=0.5093 mAP=0.472 | val loss=0.8019 mAP=0.476 | person=0.384 | car=0.469 | bicycle=0.071 | background=0.980
  📊 Courbe ROC sauvegardée : /home/2023029/PARTAGE/abelgh02/logs/lemumo/lemumo_vits16_llvip-kaistfull04_ep600_bs64_lamb0.1/probings_latest_runs10_cropsize224/roc_curve_ir.png

✨ SCORES ROC FINAUX POUR IR (Meilleure Époque) :
METRIC_AUC_IR_PERSON: 0.8857
METRIC_AUC_IR_CAR: 0.8980
METRIC_AUC_IR_BICYCLE: 0.8861
METRIC_AUC_IR_BACKGROUND: 0.9164

=======================================================
  Linear Probing OFFLINE — mode : BOTH
=======================================================
[train] mode=both | 4129 images (0 ignorées) | person=23408 patches | car=70689 patches | bicycle=6911 patches | background=718426 patches
[val] mode=both | 1013 images (0 ignorées) | person=15537 patches | car=21472 patches | bicycle=1588 patches | background=163479 patches
✅ Le MuMo encoder chargé depuis /home/2023029/PARTAGE/abelgh02/logs/lemumo/lemumo_vits16_llvip-kaistfull04_ep600_bs64_lamb0.1/latest.pt (run lemumo_vits16_llvip-kaistfull04_ep600_bs64_lamb0.1, variant=prune_after_first, ViT-small)
  ⚡ Features déjà extraites trouvées : chargement depuis /home/2023029/PARTAGE/abelgh02/logs/lemumo/lemumo_vits16_llvip-kaistfull04_ep600_bs64_lamb0.1/probings_latest_runs10_cropsize224/both_train_features_tbmTrue.pt
  ⚡ Features déjà extraites trouvées : chargement depuis /home/2023029/PARTAGE/abelgh02/logs/lemumo/lemumo_vits16_llvip-kaistfull04_ep600_bs64_lamb0.1/probings_latest_runs10_cropsize224/both_val_features_tbmTrue.pt
🔒 Graine aléatoire fixée à : 44
[BOTH]   1/30 | train loss=0.7762 mAP=0.399 | val loss=0.9222 mAP=0.447 | person=0.308 | car=0.446 | bicycle=0.057 | background=0.975
  💾 Meilleur BOTH sauvegardé (val mAP=0.447)
[BOTH]   2/30 | train loss=0.5898 mAP=0.440 | val loss=0.8287 mAP=0.462 | person=0.339 | car=0.462 | bicycle=0.065 | background=0.979
  💾 Meilleur BOTH sauvegardé (val mAP=0.462)
[BOTH]   3/30 | train loss=0.5441 mAP=0.459 | val loss=0.8241 mAP=0.472 | person=0.359 | car=0.478 | bicycle=0.070 | background=0.981
  💾 Meilleur BOTH sauvegardé (val mAP=0.472)
[BOTH]   4/30 | train loss=0.5218 mAP=0.472 | val loss=0.8076 mAP=0.478 | person=0.370 | car=0.489 | bicycle=0.072 | background=0.982
  💾 Meilleur BOTH sauvegardé (val mAP=0.478)
[BOTH]   5/30 | train loss=0.5072 mAP=0.481 | val loss=0.7965 mAP=0.482 | person=0.376 | car=0.499 | bicycle=0.072 | background=0.983
  💾 Meilleur BOTH sauvegardé (val mAP=0.482)
[BOTH]   6/30 | train loss=0.4970 mAP=0.488 | val loss=0.7850 mAP=0.486 | person=0.380 | car=0.506 | bicycle=0.073 | background=0.983
  💾 Meilleur BOTH sauvegardé (val mAP=0.486)
[BOTH]   7/30 | train loss=0.4890 mAP=0.493 | val loss=0.7742 mAP=0.488 | person=0.383 | car=0.513 | bicycle=0.073 | background=0.983
  💾 Meilleur BOTH sauvegardé (val mAP=0.488)
[BOTH]   8/30 | train loss=0.4829 mAP=0.497 | val loss=0.7703 mAP=0.490 | person=0.386 | car=0.517 | bicycle=0.073 | background=0.984
  💾 Meilleur BOTH sauvegardé (val mAP=0.490)
[BOTH]   9/30 | train loss=0.4776 mAP=0.500 | val loss=0.7676 mAP=0.492 | person=0.386 | car=0.523 | bicycle=0.073 | background=0.984
  💾 Meilleur BOTH sauvegardé (val mAP=0.492)
[BOTH]  10/30 | train loss=0.4734 mAP=0.503 | val loss=0.7655 mAP=0.493 | person=0.389 | car=0.526 | bicycle=0.073 | background=0.984
  💾 Meilleur BOTH sauvegardé (val mAP=0.493)
[BOTH]  11/30 | train loss=0.4696 mAP=0.506 | val loss=0.7636 mAP=0.494 | person=0.389 | car=0.530 | bicycle=0.073 | background=0.984
  💾 Meilleur BOTH sauvegardé (val mAP=0.494)
[BOTH]  12/30 | train loss=0.4666 mAP=0.508 | val loss=0.7764 mAP=0.495 | person=0.390 | car=0.533 | bicycle=0.074 | background=0.984
  💾 Meilleur BOTH sauvegardé (val mAP=0.495)
[BOTH]  13/30 | train loss=0.4640 mAP=0.509 | val loss=0.7650 mAP=0.496 | person=0.391 | car=0.535 | bicycle=0.074 | background=0.985
  💾 Meilleur BOTH sauvegardé (val mAP=0.496)
[BOTH]  14/30 | train loss=0.4613 mAP=0.511 | val loss=0.7579 mAP=0.497 | person=0.391 | car=0.537 | bicycle=0.074 | background=0.985
  💾 Meilleur BOTH sauvegardé (val mAP=0.497)
[BOTH]  15/30 | train loss=0.4594 mAP=0.512 | val loss=0.7619 mAP=0.497 | person=0.392 | car=0.539 | bicycle=0.074 | background=0.985
  💾 Meilleur BOTH sauvegardé (val mAP=0.497)
[BOTH]  16/30 | train loss=0.4578 mAP=0.514 | val loss=0.7635 mAP=0.498 | person=0.393 | car=0.541 | bicycle=0.074 | background=0.985
  💾 Meilleur BOTH sauvegardé (val mAP=0.498)
[BOTH]  17/30 | train loss=0.4562 mAP=0.515 | val loss=0.7535 mAP=0.498 | person=0.392 | car=0.542 | bicycle=0.074 | background=0.985
  💾 Meilleur BOTH sauvegardé (val mAP=0.498)
[BOTH]  18/30 | train loss=0.4549 mAP=0.516 | val loss=0.7565 mAP=0.499 | person=0.393 | car=0.543 | bicycle=0.074 | background=0.985
  💾 Meilleur BOTH sauvegardé (val mAP=0.499)
[BOTH]  19/30 | train loss=0.4539 mAP=0.516 | val loss=0.7663 mAP=0.499 | person=0.394 | car=0.544 | bicycle=0.074 | background=0.985
  💾 Meilleur BOTH sauvegardé (val mAP=0.499)
[BOTH]  20/30 | train loss=0.4529 mAP=0.517 | val loss=0.7570 mAP=0.499 | person=0.393 | car=0.545 | bicycle=0.074 | background=0.985
  💾 Meilleur BOTH sauvegardé (val mAP=0.499)
[BOTH]  21/30 | train loss=0.4521 mAP=0.518 | val loss=0.7564 mAP=0.500 | person=0.394 | car=0.546 | bicycle=0.074 | background=0.985
  💾 Meilleur BOTH sauvegardé (val mAP=0.500)
[BOTH]  22/30 | train loss=0.4514 mAP=0.518 | val loss=0.7549 mAP=0.500 | person=0.394 | car=0.546 | bicycle=0.074 | background=0.985
  💾 Meilleur BOTH sauvegardé (val mAP=0.500)
[BOTH]  23/30 | train loss=0.4508 mAP=0.518 | val loss=0.7559 mAP=0.500 | person=0.394 | car=0.547 | bicycle=0.074 | background=0.985
  💾 Meilleur BOTH sauvegardé (val mAP=0.500)
[BOTH]  24/30 | train loss=0.4504 mAP=0.519 | val loss=0.7555 mAP=0.500 | person=0.394 | car=0.547 | bicycle=0.074 | background=0.985
  💾 Meilleur BOTH sauvegardé (val mAP=0.500)
[BOTH]  25/30 | train loss=0.4501 mAP=0.519 | val loss=0.7553 mAP=0.500 | person=0.394 | car=0.547 | bicycle=0.074 | background=0.985
  💾 Meilleur BOTH sauvegardé (val mAP=0.500)
[BOTH]  26/30 | train loss=0.4498 mAP=0.519 | val loss=0.7556 mAP=0.500 | person=0.394 | car=0.547 | bicycle=0.074 | background=0.985
  💾 Meilleur BOTH sauvegardé (val mAP=0.500)
[BOTH]  27/30 | train loss=0.4496 mAP=0.519 | val loss=0.7548 mAP=0.500 | person=0.394 | car=0.547 | bicycle=0.074 | background=0.985
  💾 Meilleur BOTH sauvegardé (val mAP=0.500)
[BOTH]  28/30 | train loss=0.4495 mAP=0.519 | val loss=0.7541 mAP=0.500 | person=0.394 | car=0.548 | bicycle=0.074 | background=0.985
  💾 Meilleur BOTH sauvegardé (val mAP=0.500)
[BOTH]  29/30 | train loss=0.4495 mAP=0.519 | val loss=0.7543 mAP=0.500 | person=0.394 | car=0.548 | bicycle=0.074 | background=0.985
  💾 Meilleur BOTH sauvegardé (val mAP=0.500)
[BOTH]  30/30 | train loss=0.4494 mAP=0.519 | val loss=0.7544 mAP=0.500 | person=0.394 | car=0.548 | bicycle=0.074 | background=0.985
  💾 Meilleur BOTH sauvegardé (val mAP=0.500)
  📊 Courbe ROC sauvegardée : /home/2023029/PARTAGE/abelgh02/logs/lemumo/lemumo_vits16_llvip-kaistfull04_ep600_bs64_lamb0.1/probings_latest_runs10_cropsize224/roc_curve_both.png

✨ SCORES ROC FINAUX POUR BOTH (Meilleure Époque) :
METRIC_AUC_BOTH_PERSON: 0.8946
METRIC_AUC_BOTH_CAR: 0.9238
METRIC_AUC_BOTH_BICYCLE: 0.8996
METRIC_AUC_BOTH_BACKGROUND: 0.9352

=======================================================
  Linear Probing OFFLINE — mode : JOINT
=======================================================
[train] mode=joint | 4129 images (0 ignorées) | person=23408 patches | car=70689 patches | bicycle=6911 patches | background=718426 patches
[val] mode=joint | 1013 images (0 ignorées) | person=15537 patches | car=21472 patches | bicycle=1588 patches | background=163479 patches
✅ Le MuMo encoder chargé depuis /home/2023029/PARTAGE/abelgh02/logs/lemumo/lemumo_vits16_llvip-kaistfull04_ep600_bs64_lamb0.1/latest.pt (run lemumo_vits16_llvip-kaistfull04_ep600_bs64_lamb0.1, variant=prune_after_first, ViT-small)
  ⚡ Features déjà extraites trouvées : chargement depuis /home/2023029/PARTAGE/abelgh02/logs/lemumo/lemumo_vits16_llvip-kaistfull04_ep600_bs64_lamb0.1/probings_latest_runs10_cropsize224/joint_train_features_tbmTrue.pt
  ⚡ Features déjà extraites trouvées : chargement depuis /home/2023029/PARTAGE/abelgh02/logs/lemumo/lemumo_vits16_llvip-kaistfull04_ep600_bs64_lamb0.1/probings_latest_runs10_cropsize224/joint_val_features_tbmTrue.pt
🔒 Graine aléatoire fixée à : 44
[JOINT]   1/30 | train loss=0.8453 mAP=0.376 | val loss=0.9640 mAP=0.430 | person=0.270 | car=0.429 | bicycle=0.052 | background=0.970
  💾 Meilleur JOINT sauvegardé (val mAP=0.430)
[JOINT]   2/30 | train loss=0.6582 mAP=0.424 | val loss=0.8851 mAP=0.447 | person=0.306 | car=0.448 | bicycle=0.059 | background=0.976
  💾 Meilleur JOINT sauvegardé (val mAP=0.447)
[JOINT]   3/30 | train loss=0.5970 mAP=0.440 | val loss=0.8515 mAP=0.460 | person=0.334 | car=0.462 | bicycle=0.067 | background=0.978
  💾 Meilleur JOINT sauvegardé (val mAP=0.460)
[JOINT]   4/30 | train loss=0.5681 mAP=0.451 | val loss=0.8349 mAP=0.469 | person=0.350 | car=0.474 | bicycle=0.072 | background=0.980
  💾 Meilleur JOINT sauvegardé (val mAP=0.469)
[JOINT]   5/30 | train loss=0.5504 mAP=0.459 | val loss=0.8201 mAP=0.474 | person=0.359 | car=0.483 | bicycle=0.075 | background=0.980
  💾 Meilleur JOINT sauvegardé (val mAP=0.474)
[JOINT]   6/30 | train loss=0.5379 mAP=0.465 | val loss=0.8192 mAP=0.478 | person=0.365 | car=0.491 | bicycle=0.076 | background=0.981
  💾 Meilleur JOINT sauvegardé (val mAP=0.478)
[JOINT]   7/30 | train loss=0.5287 mAP=0.470 | val loss=0.8124 mAP=0.482 | person=0.371 | car=0.497 | bicycle=0.077 | background=0.982
  💾 Meilleur JOINT sauvegardé (val mAP=0.482)
[JOINT]   8/30 | train loss=0.5212 mAP=0.474 | val loss=0.8045 mAP=0.484 | person=0.374 | car=0.501 | bicycle=0.078 | background=0.982
  💾 Meilleur JOINT sauvegardé (val mAP=0.484)
[JOINT]   9/30 | train loss=0.5151 mAP=0.477 | val loss=0.8030 mAP=0.486 | person=0.377 | car=0.505 | bicycle=0.079 | background=0.982
  💾 Meilleur JOINT sauvegardé (val mAP=0.486)
[JOINT]  10/30 | train loss=0.5100 mAP=0.480 | val loss=0.7990 mAP=0.487 | person=0.378 | car=0.509 | bicycle=0.080 | background=0.983
  💾 Meilleur JOINT sauvegardé (val mAP=0.487)
[JOINT]  11/30 | train loss=0.5059 mAP=0.483 | val loss=0.7941 mAP=0.489 | person=0.380 | car=0.512 | bicycle=0.080 | background=0.983
  💾 Meilleur JOINT sauvegardé (val mAP=0.489)
[JOINT]  12/30 | train loss=0.5021 mAP=0.485 | val loss=0.7937 mAP=0.490 | person=0.382 | car=0.514 | bicycle=0.080 | background=0.983
  💾 Meilleur JOINT sauvegardé (val mAP=0.490)
[JOINT]  13/30 | train loss=0.4991 mAP=0.487 | val loss=0.7919 mAP=0.491 | person=0.383 | car=0.516 | bicycle=0.080 | background=0.983
  💾 Meilleur JOINT sauvegardé (val mAP=0.491)
[JOINT]  14/30 | train loss=0.4965 mAP=0.489 | val loss=0.7872 mAP=0.491 | person=0.385 | car=0.518 | bicycle=0.080 | background=0.983
  💾 Meilleur JOINT sauvegardé (val mAP=0.491)
[JOINT]  15/30 | train loss=0.4942 mAP=0.490 | val loss=0.7882 mAP=0.492 | person=0.386 | car=0.519 | bicycle=0.080 | background=0.983
  💾 Meilleur JOINT sauvegardé (val mAP=0.492)
[JOINT]  16/30 | train loss=0.4922 mAP=0.491 | val loss=0.7838 mAP=0.493 | person=0.387 | car=0.520 | bicycle=0.080 | background=0.983
  💾 Meilleur JOINT sauvegardé (val mAP=0.493)
[JOINT]  17/30 | train loss=0.4904 mAP=0.493 | val loss=0.7866 mAP=0.493 | person=0.388 | car=0.521 | bicycle=0.081 | background=0.983
  💾 Meilleur JOINT sauvegardé (val mAP=0.493)
[JOINT]  18/30 | train loss=0.4890 mAP=0.494 | val loss=0.7843 mAP=0.494 | person=0.388 | car=0.522 | bicycle=0.080 | background=0.983
  💾 Meilleur JOINT sauvegardé (val mAP=0.494)
[JOINT]  19/30 | train loss=0.4878 mAP=0.494 | val loss=0.7846 mAP=0.494 | person=0.389 | car=0.523 | bicycle=0.080 | background=0.983
  💾 Meilleur JOINT sauvegardé (val mAP=0.494)
[JOINT]  20/30 | train loss=0.4867 mAP=0.495 | val loss=0.7839 mAP=0.494 | person=0.389 | car=0.523 | bicycle=0.080 | background=0.984
  💾 Meilleur JOINT sauvegardé (val mAP=0.494)
[JOINT]  21/30 | train loss=0.4858 mAP=0.496 | val loss=0.7829 mAP=0.494 | person=0.390 | car=0.524 | bicycle=0.080 | background=0.984
  💾 Meilleur JOINT sauvegardé (val mAP=0.494)
[JOINT]  22/30 | train loss=0.4851 mAP=0.496 | val loss=0.7813 mAP=0.494 | person=0.390 | car=0.524 | bicycle=0.080 | background=0.984
  💾 Meilleur JOINT sauvegardé (val mAP=0.494)
[JOINT]  23/30 | train loss=0.4845 mAP=0.496 | val loss=0.7806 mAP=0.495 | person=0.390 | car=0.524 | bicycle=0.080 | background=0.984
  💾 Meilleur JOINT sauvegardé (val mAP=0.495)
[JOINT]  24/30 | train loss=0.4840 mAP=0.497 | val loss=0.7808 mAP=0.495 | person=0.390 | car=0.524 | bicycle=0.080 | background=0.984
  💾 Meilleur JOINT sauvegardé (val mAP=0.495)
[JOINT]  25/30 | train loss=0.4836 mAP=0.497 | val loss=0.7817 mAP=0.495 | person=0.390 | car=0.525 | bicycle=0.080 | background=0.984
  💾 Meilleur JOINT sauvegardé (val mAP=0.495)
[JOINT]  26/30 | train loss=0.4834 mAP=0.497 | val loss=0.7807 mAP=0.495 | person=0.390 | car=0.525 | bicycle=0.080 | background=0.984
  💾 Meilleur JOINT sauvegardé (val mAP=0.495)
[JOINT]  27/30 | train loss=0.4832 mAP=0.497 | val loss=0.7807 mAP=0.495 | person=0.391 | car=0.525 | bicycle=0.080 | background=0.984
  💾 Meilleur JOINT sauvegardé (val mAP=0.495)
[JOINT]  28/30 | train loss=0.4831 mAP=0.497 | val loss=0.7809 mAP=0.495 | person=0.391 | car=0.525 | bicycle=0.080 | background=0.984
  💾 Meilleur JOINT sauvegardé (val mAP=0.495)
[JOINT]  29/30 | train loss=0.4830 mAP=0.497 | val loss=0.7810 mAP=0.495 | person=0.391 | car=0.525 | bicycle=0.080 | background=0.984
  💾 Meilleur JOINT sauvegardé (val mAP=0.495)
[JOINT]  30/30 | train loss=0.4830 mAP=0.497 | val loss=0.7809 mAP=0.495 | person=0.391 | car=0.525 | bicycle=0.080 | background=0.984
  💾 Meilleur JOINT sauvegardé (val mAP=0.495)
  📊 Courbe ROC sauvegardée : /home/2023029/PARTAGE/abelgh02/logs/lemumo/lemumo_vits16_llvip-kaistfull04_ep600_bs64_lamb0.1/probings_latest_runs10_cropsize224/roc_curve_joint.png

✨ SCORES ROC FINAUX POUR JOINT (Meilleure Époque) :
METRIC_AUC_JOINT_PERSON: 0.8898
METRIC_AUC_JOINT_CAR: 0.9168
METRIC_AUC_JOINT_BICYCLE: 0.8918
METRIC_AUC_JOINT_BACKGROUND: 0.9287

=======================================================
  RÉSUMÉ FINAL — Linear Probing JEPA sur FLIR Aligned
=======================================================
  RGB   │ █████████████                  │ mAP=0.447
  IR    │ ██████████████                 │ mAP=0.476
  BOTH  │ ███████████████                │ mAP=0.500
  JOINT │ ██████████████                 │ mAP=0.495
=======================================================

✅ mAP RGB ≈ mAP IR (gap < 5%) → le target_encoder aligne bien les deux modalités.
ℹ️  La fusion apporte +0.024 → les modalités restent complémentaires.

▶️  RUN 3/10 | cuda:0 | Seed: 45

=======================================================
  Linear Probing OFFLINE — mode : RGB
=======================================================
[train] mode=rgb | 4129 images (0 ignorées) | person=23408 patches | car=70689 patches | bicycle=6911 patches | background=718426 patches
[val] mode=rgb | 1013 images (0 ignorées) | person=15537 patches | car=21472 patches | bicycle=1588 patches | background=163479 patches
✅ Le MuMo encoder chargé depuis /home/2023029/PARTAGE/abelgh02/logs/lemumo/lemumo_vits16_llvip-kaistfull04_ep600_bs64_lamb0.1/latest.pt (run lemumo_vits16_llvip-kaistfull04_ep600_bs64_lamb0.1, variant=prune_after_first, ViT-small)
  ⚡ Features déjà extraites trouvées : chargement depuis /home/2023029/PARTAGE/abelgh02/logs/lemumo/lemumo_vits16_llvip-kaistfull04_ep600_bs64_lamb0.1/probings_latest_runs10_cropsize224/rgb_train_features_tbmTrue.pt
  ⚡ Features déjà extraites trouvées : chargement depuis /home/2023029/PARTAGE/abelgh02/logs/lemumo/lemumo_vits16_llvip-kaistfull04_ep600_bs64_lamb0.1/probings_latest_runs10_cropsize224/rgb_val_features_tbmTrue.pt
🔒 Graine aléatoire fixée à : 45
[RGB]   1/30 | train loss=0.8863 mAP=0.354 | val loss=1.0455 mAP=0.403 | person=0.235 | car=0.377 | bicycle=0.032 | background=0.966
  💾 Meilleur RGB sauvegardé (val mAP=0.403)
[RGB]   2/30 | train loss=0.7349 mAP=0.385 | val loss=0.9690 mAP=0.412 | person=0.246 | car=0.398 | bicycle=0.036 | background=0.970
  💾 Meilleur RGB sauvegardé (val mAP=0.412)
[RGB]   3/30 | train loss=0.6765 mAP=0.395 | val loss=0.9386 mAP=0.419 | person=0.253 | car=0.414 | bicycle=0.038 | background=0.972
  💾 Meilleur RGB sauvegardé (val mAP=0.419)
[RGB]   4/30 | train loss=0.6449 mAP=0.403 | val loss=0.9188 mAP=0.424 | person=0.258 | car=0.425 | bicycle=0.040 | background=0.974
  💾 Meilleur RGB sauvegardé (val mAP=0.424)
[RGB]   5/30 | train loss=0.6251 mAP=0.409 | val loss=0.9301 mAP=0.428 | person=0.261 | car=0.434 | bicycle=0.040 | background=0.975
  💾 Meilleur RGB sauvegardé (val mAP=0.428)
[RGB]   6/30 | train loss=0.6110 mAP=0.413 | val loss=0.9128 mAP=0.431 | person=0.264 | car=0.442 | bicycle=0.041 | background=0.976
  💾 Meilleur RGB sauvegardé (val mAP=0.431)
[RGB]   7/30 | train loss=0.6002 mAP=0.416 | val loss=0.8922 mAP=0.433 | person=0.266 | car=0.448 | bicycle=0.041 | background=0.976
  💾 Meilleur RGB sauvegardé (val mAP=0.433)
[RGB]   8/30 | train loss=0.5918 mAP=0.420 | val loss=0.8915 mAP=0.435 | person=0.268 | car=0.454 | bicycle=0.041 | background=0.977
  💾 Meilleur RGB sauvegardé (val mAP=0.435)
[RGB]   9/30 | train loss=0.5850 mAP=0.422 | val loss=0.8839 mAP=0.437 | person=0.270 | car=0.458 | bicycle=0.042 | background=0.977
  💾 Meilleur RGB sauvegardé (val mAP=0.437)
[RGB]  10/30 | train loss=0.5794 mAP=0.424 | val loss=0.8809 mAP=0.438 | person=0.271 | car=0.462 | bicycle=0.042 | background=0.978
  💾 Meilleur RGB sauvegardé (val mAP=0.438)
[RGB]  11/30 | train loss=0.5745 mAP=0.427 | val loss=0.8839 mAP=0.440 | person=0.272 | car=0.466 | bicycle=0.042 | background=0.978
  💾 Meilleur RGB sauvegardé (val mAP=0.440)
[RGB]  12/30 | train loss=0.5704 mAP=0.428 | val loss=0.8891 mAP=0.441 | person=0.274 | car=0.468 | bicycle=0.042 | background=0.978
  💾 Meilleur RGB sauvegardé (val mAP=0.441)
[RGB]  13/30 | train loss=0.5671 mAP=0.430 | val loss=0.8749 mAP=0.442 | person=0.275 | car=0.471 | bicycle=0.042 | background=0.978
  💾 Meilleur RGB sauvegardé (val mAP=0.442)
[RGB]  14/30 | train loss=0.5643 mAP=0.431 | val loss=0.8757 mAP=0.442 | person=0.275 | car=0.473 | bicycle=0.043 | background=0.978
  💾 Meilleur RGB sauvegardé (val mAP=0.442)
[RGB]  15/30 | train loss=0.5617 mAP=0.432 | val loss=0.8841 mAP=0.443 | person=0.276 | car=0.476 | bicycle=0.043 | background=0.979
  💾 Meilleur RGB sauvegardé (val mAP=0.443)
[RGB]  16/30 | train loss=0.5596 mAP=0.433 | val loss=0.8790 mAP=0.444 | person=0.277 | car=0.477 | bicycle=0.043 | background=0.979
  💾 Meilleur RGB sauvegardé (val mAP=0.444)
[RGB]  17/30 | train loss=0.5577 mAP=0.435 | val loss=0.8757 mAP=0.444 | person=0.277 | car=0.478 | bicycle=0.043 | background=0.979
  💾 Meilleur RGB sauvegardé (val mAP=0.444)
[RGB]  18/30 | train loss=0.5562 mAP=0.435 | val loss=0.8741 mAP=0.445 | person=0.278 | car=0.479 | bicycle=0.043 | background=0.979
  💾 Meilleur RGB sauvegardé (val mAP=0.445)
[RGB]  19/30 | train loss=0.5548 mAP=0.436 | val loss=0.8746 mAP=0.445 | person=0.279 | car=0.481 | bicycle=0.043 | background=0.979
  💾 Meilleur RGB sauvegardé (val mAP=0.445)
[RGB]  20/30 | train loss=0.5537 mAP=0.437 | val loss=0.8744 mAP=0.446 | person=0.279 | car=0.481 | bicycle=0.043 | background=0.979
  💾 Meilleur RGB sauvegardé (val mAP=0.446)
[RGB]  21/30 | train loss=0.5529 mAP=0.437 | val loss=0.8740 mAP=0.446 | person=0.279 | car=0.482 | bicycle=0.043 | background=0.979
  💾 Meilleur RGB sauvegardé (val mAP=0.446)
[RGB]  22/30 | train loss=0.5520 mAP=0.438 | val loss=0.8744 mAP=0.446 | person=0.280 | car=0.483 | bicycle=0.043 | background=0.979
  💾 Meilleur RGB sauvegardé (val mAP=0.446)
[RGB]  23/30 | train loss=0.5514 mAP=0.438 | val loss=0.8736 mAP=0.446 | person=0.280 | car=0.483 | bicycle=0.044 | background=0.979
  💾 Meilleur RGB sauvegardé (val mAP=0.446)
[RGB]  24/30 | train loss=0.5509 mAP=0.438 | val loss=0.8775 mAP=0.447 | person=0.280 | car=0.484 | bicycle=0.044 | background=0.979
  💾 Meilleur RGB sauvegardé (val mAP=0.447)
[RGB]  25/30 | train loss=0.5505 mAP=0.438 | val loss=0.8741 mAP=0.447 | person=0.280 | car=0.484 | bicycle=0.044 | background=0.979
  💾 Meilleur RGB sauvegardé (val mAP=0.447)
[RGB]  26/30 | train loss=0.5502 mAP=0.439 | val loss=0.8739 mAP=0.447 | person=0.280 | car=0.484 | bicycle=0.044 | background=0.979
  💾 Meilleur RGB sauvegardé (val mAP=0.447)
[RGB]  27/30 | train loss=0.5501 mAP=0.439 | val loss=0.8737 mAP=0.447 | person=0.280 | car=0.484 | bicycle=0.044 | background=0.979
  💾 Meilleur RGB sauvegardé (val mAP=0.447)
[RGB]  28/30 | train loss=0.5499 mAP=0.439 | val loss=0.8743 mAP=0.447 | person=0.280 | car=0.484 | bicycle=0.044 | background=0.979
  💾 Meilleur RGB sauvegardé (val mAP=0.447)
[RGB]  29/30 | train loss=0.5499 mAP=0.439 | val loss=0.8737 mAP=0.447 | person=0.280 | car=0.484 | bicycle=0.044 | background=0.979
  💾 Meilleur RGB sauvegardé (val mAP=0.447)
[RGB]  30/30 | train loss=0.5498 mAP=0.439 | val loss=0.8737 mAP=0.447 | person=0.280 | car=0.484 | bicycle=0.044 | background=0.979
  💾 Meilleur RGB sauvegardé (val mAP=0.447)
  📊 Courbe ROC sauvegardée : /home/2023029/PARTAGE/abelgh02/logs/lemumo/lemumo_vits16_llvip-kaistfull04_ep600_bs64_lamb0.1/probings_latest_runs10_cropsize224/roc_curve_rgb.png

✨ SCORES ROC FINAUX POUR RGB (Meilleure Époque) :
METRIC_AUC_RGB_PERSON: 0.8556
METRIC_AUC_RGB_CAR: 0.9046
METRIC_AUC_RGB_BICYCLE: 0.8683
METRIC_AUC_RGB_BACKGROUND: 0.9104

=======================================================
  Linear Probing OFFLINE — mode : IR
=======================================================
[train] mode=ir | 4129 images (0 ignorées) | person=23408 patches | car=70689 patches | bicycle=6911 patches | background=718426 patches
[val] mode=ir | 1013 images (0 ignorées) | person=15537 patches | car=21472 patches | bicycle=1588 patches | background=163479 patches
✅ Le MuMo encoder chargé depuis /home/2023029/PARTAGE/abelgh02/logs/lemumo/lemumo_vits16_llvip-kaistfull04_ep600_bs64_lamb0.1/latest.pt (run lemumo_vits16_llvip-kaistfull04_ep600_bs64_lamb0.1, variant=prune_after_first, ViT-small)
  ⚡ Features déjà extraites trouvées : chargement depuis /home/2023029/PARTAGE/abelgh02/logs/lemumo/lemumo_vits16_llvip-kaistfull04_ep600_bs64_lamb0.1/probings_latest_runs10_cropsize224/ir_train_features_tbmTrue.pt
  ⚡ Features déjà extraites trouvées : chargement depuis /home/2023029/PARTAGE/abelgh02/logs/lemumo/lemumo_vits16_llvip-kaistfull04_ep600_bs64_lamb0.1/probings_latest_runs10_cropsize224/ir_val_features_tbmTrue.pt
🔒 Graine aléatoire fixée à : 45
[IR]   1/30 | train loss=0.8538 mAP=0.374 | val loss=0.9918 mAP=0.419 | person=0.279 | car=0.398 | bicycle=0.035 | background=0.965
  💾 Meilleur IR sauvegardé (val mAP=0.419)
[IR]   2/30 | train loss=0.6828 mAP=0.410 | val loss=0.9108 mAP=0.433 | person=0.310 | car=0.408 | bicycle=0.044 | background=0.972
  💾 Meilleur IR sauvegardé (val mAP=0.433)
[IR]   3/30 | train loss=0.6223 mAP=0.424 | val loss=0.8798 mAP=0.444 | person=0.332 | car=0.418 | bicycle=0.052 | background=0.975
  💾 Meilleur IR sauvegardé (val mAP=0.444)
[IR]   4/30 | train loss=0.5927 mAP=0.434 | val loss=0.8599 mAP=0.452 | person=0.347 | car=0.427 | bicycle=0.058 | background=0.976
  💾 Meilleur IR sauvegardé (val mAP=0.452)
[IR]   5/30 | train loss=0.5749 mAP=0.442 | val loss=0.8449 mAP=0.457 | person=0.357 | car=0.432 | bicycle=0.061 | background=0.977
  💾 Meilleur IR sauvegardé (val mAP=0.457)
[IR]   6/30 | train loss=0.5622 mAP=0.447 | val loss=0.8424 mAP=0.461 | person=0.363 | car=0.438 | bicycle=0.064 | background=0.978
  💾 Meilleur IR sauvegardé (val mAP=0.461)
[IR]   7/30 | train loss=0.5528 mAP=0.451 | val loss=0.8266 mAP=0.463 | person=0.366 | car=0.443 | bicycle=0.065 | background=0.979
  💾 Meilleur IR sauvegardé (val mAP=0.463)
[IR]   8/30 | train loss=0.5456 mAP=0.454 | val loss=0.8242 mAP=0.465 | person=0.370 | car=0.446 | bicycle=0.067 | background=0.979
  💾 Meilleur IR sauvegardé (val mAP=0.465)
[IR]   9/30 | train loss=0.5394 mAP=0.457 | val loss=0.8221 mAP=0.467 | person=0.373 | car=0.449 | bicycle=0.068 | background=0.979
  💾 Meilleur IR sauvegardé (val mAP=0.467)
[IR]  10/30 | train loss=0.5347 mAP=0.459 | val loss=0.8206 mAP=0.468 | person=0.374 | car=0.452 | bicycle=0.068 | background=0.979
  💾 Meilleur IR sauvegardé (val mAP=0.468)
[IR]  11/30 | train loss=0.5304 mAP=0.462 | val loss=0.8142 mAP=0.469 | person=0.375 | car=0.454 | bicycle=0.069 | background=0.980
  💾 Meilleur IR sauvegardé (val mAP=0.469)
[IR]  12/30 | train loss=0.5270 mAP=0.463 | val loss=0.8080 mAP=0.471 | person=0.377 | car=0.458 | bicycle=0.069 | background=0.980
  💾 Meilleur IR sauvegardé (val mAP=0.471)
[IR]  13/30 | train loss=0.5240 mAP=0.465 | val loss=0.8126 mAP=0.471 | person=0.377 | car=0.458 | bicycle=0.070 | background=0.980
  💾 Meilleur IR sauvegardé (val mAP=0.471)
[IR]  14/30 | train loss=0.5214 mAP=0.466 | val loss=0.8074 mAP=0.472 | person=0.378 | car=0.460 | bicycle=0.070 | background=0.980
  💾 Meilleur IR sauvegardé (val mAP=0.472)
[IR]  15/30 | train loss=0.5192 mAP=0.467 | val loss=0.8057 mAP=0.473 | person=0.379 | car=0.461 | bicycle=0.071 | background=0.980
  💾 Meilleur IR sauvegardé (val mAP=0.473)
[IR]  16/30 | train loss=0.5173 mAP=0.468 | val loss=0.8067 mAP=0.473 | person=0.379 | car=0.462 | bicycle=0.071 | background=0.980
  💾 Meilleur IR sauvegardé (val mAP=0.473)
[IR]  17/30 | train loss=0.5157 mAP=0.469 | val loss=0.8054 mAP=0.473 | person=0.379 | car=0.463 | bicycle=0.071 | background=0.980
  💾 Meilleur IR sauvegardé (val mAP=0.473)
[IR]  18/30 | train loss=0.5143 mAP=0.470 | val loss=0.8027 mAP=0.474 | person=0.380 | car=0.463 | bicycle=0.071 | background=0.980
  💾 Meilleur IR sauvegardé (val mAP=0.474)
[IR]  19/30 | train loss=0.5131 mAP=0.470 | val loss=0.8050 mAP=0.474 | person=0.380 | car=0.464 | bicycle=0.071 | background=0.980
  💾 Meilleur IR sauvegardé (val mAP=0.474)
[IR]  20/30 | train loss=0.5121 mAP=0.471 | val loss=0.8037 mAP=0.474 | person=0.380 | car=0.465 | bicycle=0.071 | background=0.980
  💾 Meilleur IR sauvegardé (val mAP=0.474)
[IR]  21/30 | train loss=0.5113 mAP=0.471 | val loss=0.8024 mAP=0.474 | person=0.381 | car=0.465 | bicycle=0.071 | background=0.981
  💾 Meilleur IR sauvegardé (val mAP=0.474)
[IR]  22/30 | train loss=0.5106 mAP=0.472 | val loss=0.8044 mAP=0.474 | person=0.381 | car=0.465 | bicycle=0.071 | background=0.981
  💾 Meilleur IR sauvegardé (val mAP=0.474)
[IR]  23/30 | train loss=0.5100 mAP=0.472 | val loss=0.8017 mAP=0.475 | person=0.381 | car=0.466 | bicycle=0.071 | background=0.981
  💾 Meilleur IR sauvegardé (val mAP=0.475)
[IR]  24/30 | train loss=0.5096 mAP=0.472 | val loss=0.8013 mAP=0.475 | person=0.381 | car=0.466 | bicycle=0.071 | background=0.981
  💾 Meilleur IR sauvegardé (val mAP=0.475)
[IR]  25/30 | train loss=0.5092 mAP=0.472 | val loss=0.8021 mAP=0.475 | person=0.381 | car=0.466 | bicycle=0.071 | background=0.981
  💾 Meilleur IR sauvegardé (val mAP=0.475)
[IR]  26/30 | train loss=0.5090 mAP=0.472 | val loss=0.8020 mAP=0.475 | person=0.382 | car=0.466 | bicycle=0.071 | background=0.981
  💾 Meilleur IR sauvegardé (val mAP=0.475)
[IR]  27/30 | train loss=0.5088 mAP=0.473 | val loss=0.8021 mAP=0.475 | person=0.382 | car=0.466 | bicycle=0.071 | background=0.981
  💾 Meilleur IR sauvegardé (val mAP=0.475)
[IR]  28/30 | train loss=0.5087 mAP=0.473 | val loss=0.8017 mAP=0.475 | person=0.382 | car=0.466 | bicycle=0.071 | background=0.981
  💾 Meilleur IR sauvegardé (val mAP=0.475)
[IR]  29/30 | train loss=0.5087 mAP=0.473 | val loss=0.8016 mAP=0.475 | person=0.382 | car=0.466 | bicycle=0.071 | background=0.981
  💾 Meilleur IR sauvegardé (val mAP=0.475)
[IR]  30/30 | train loss=0.5086 mAP=0.473 | val loss=0.8016 mAP=0.475 | person=0.382 | car=0.466 | bicycle=0.071 | background=0.981
  💾 Meilleur IR sauvegardé (val mAP=0.475)
  📊 Courbe ROC sauvegardée : /home/2023029/PARTAGE/abelgh02/logs/lemumo/lemumo_vits16_llvip-kaistfull04_ep600_bs64_lamb0.1/probings_latest_runs10_cropsize224/roc_curve_ir.png

✨ SCORES ROC FINAUX POUR IR (Meilleure Époque) :
METRIC_AUC_IR_PERSON: 0.8854
METRIC_AUC_IR_CAR: 0.8980
METRIC_AUC_IR_BICYCLE: 0.8868
METRIC_AUC_IR_BACKGROUND: 0.9170

=======================================================
  Linear Probing OFFLINE — mode : BOTH
=======================================================
[train] mode=both | 4129 images (0 ignorées) | person=23408 patches | car=70689 patches | bicycle=6911 patches | background=718426 patches
[val] mode=both | 1013 images (0 ignorées) | person=15537 patches | car=21472 patches | bicycle=1588 patches | background=163479 patches
✅ Le MuMo encoder chargé depuis /home/2023029/PARTAGE/abelgh02/logs/lemumo/lemumo_vits16_llvip-kaistfull04_ep600_bs64_lamb0.1/latest.pt (run lemumo_vits16_llvip-kaistfull04_ep600_bs64_lamb0.1, variant=prune_after_first, ViT-small)
  ⚡ Features déjà extraites trouvées : chargement depuis /home/2023029/PARTAGE/abelgh02/logs/lemumo/lemumo_vits16_llvip-kaistfull04_ep600_bs64_lamb0.1/probings_latest_runs10_cropsize224/both_train_features_tbmTrue.pt
  ⚡ Features déjà extraites trouvées : chargement depuis /home/2023029/PARTAGE/abelgh02/logs/lemumo/lemumo_vits16_llvip-kaistfull04_ep600_bs64_lamb0.1/probings_latest_runs10_cropsize224/both_val_features_tbmTrue.pt
🔒 Graine aléatoire fixée à : 45
[BOTH]   1/30 | train loss=0.7800 mAP=0.390 | val loss=0.9017 mAP=0.440 | person=0.292 | car=0.440 | bicycle=0.053 | background=0.975
  💾 Meilleur BOTH sauvegardé (val mAP=0.440)
[BOTH]   2/30 | train loss=0.5925 mAP=0.436 | val loss=0.8435 mAP=0.459 | person=0.334 | car=0.457 | bicycle=0.064 | background=0.979
  💾 Meilleur BOTH sauvegardé (val mAP=0.459)
[BOTH]   3/30 | train loss=0.5455 mAP=0.458 | val loss=0.8214 mAP=0.470 | person=0.358 | car=0.473 | bicycle=0.069 | background=0.981
  💾 Meilleur BOTH sauvegardé (val mAP=0.470)
[BOTH]   4/30 | train loss=0.5227 mAP=0.472 | val loss=0.8013 mAP=0.477 | person=0.370 | car=0.484 | bicycle=0.071 | background=0.982
  💾 Meilleur BOTH sauvegardé (val mAP=0.477)
[BOTH]   5/30 | train loss=0.5079 mAP=0.480 | val loss=0.7961 mAP=0.482 | person=0.378 | car=0.494 | bicycle=0.072 | background=0.982
  💾 Meilleur BOTH sauvegardé (val mAP=0.482)
[BOTH]   6/30 | train loss=0.4981 mAP=0.485 | val loss=0.7778 mAP=0.485 | person=0.382 | car=0.503 | bicycle=0.072 | background=0.983
  💾 Meilleur BOTH sauvegardé (val mAP=0.485)
[BOTH]   7/30 | train loss=0.4899 mAP=0.492 | val loss=0.7757 mAP=0.487 | person=0.385 | car=0.509 | bicycle=0.073 | background=0.983
  💾 Meilleur BOTH sauvegardé (val mAP=0.487)
[BOTH]   8/30 | train loss=0.4837 mAP=0.495 | val loss=0.7782 mAP=0.490 | person=0.388 | car=0.514 | bicycle=0.073 | background=0.984
  💾 Meilleur BOTH sauvegardé (val mAP=0.490)
[BOTH]   9/30 | train loss=0.4783 mAP=0.499 | val loss=0.7626 mAP=0.491 | person=0.388 | car=0.519 | bicycle=0.073 | background=0.984
  💾 Meilleur BOTH sauvegardé (val mAP=0.491)
[BOTH]  10/30 | train loss=0.4738 mAP=0.502 | val loss=0.7668 mAP=0.493 | person=0.390 | car=0.524 | bicycle=0.073 | background=0.984
  💾 Meilleur BOTH sauvegardé (val mAP=0.493)
[BOTH]  11/30 | train loss=0.4704 mAP=0.504 | val loss=0.7709 mAP=0.494 | person=0.391 | car=0.528 | bicycle=0.073 | background=0.984
  💾 Meilleur BOTH sauvegardé (val mAP=0.494)
[BOTH]  12/30 | train loss=0.4670 mAP=0.507 | val loss=0.7739 mAP=0.495 | person=0.392 | car=0.531 | bicycle=0.074 | background=0.984
  💾 Meilleur BOTH sauvegardé (val mAP=0.495)
[BOTH]  13/30 | train loss=0.4643 mAP=0.508 | val loss=0.7655 mAP=0.496 | person=0.393 | car=0.533 | bicycle=0.073 | background=0.984
  💾 Meilleur BOTH sauvegardé (val mAP=0.496)
[BOTH]  14/30 | train loss=0.4620 mAP=0.510 | val loss=0.7515 mAP=0.496 | person=0.392 | car=0.535 | bicycle=0.074 | background=0.985
  💾 Meilleur BOTH sauvegardé (val mAP=0.496)
[BOTH]  15/30 | train loss=0.4601 mAP=0.511 | val loss=0.7604 mAP=0.497 | person=0.394 | car=0.537 | bicycle=0.074 | background=0.985
  💾 Meilleur BOTH sauvegardé (val mAP=0.497)
[BOTH]  16/30 | train loss=0.4580 mAP=0.513 | val loss=0.7662 mAP=0.498 | person=0.395 | car=0.539 | bicycle=0.074 | background=0.985
  💾 Meilleur BOTH sauvegardé (val mAP=0.498)
[BOTH]  17/30 | train loss=0.4567 mAP=0.514 | val loss=0.7558 mAP=0.498 | person=0.394 | car=0.540 | bicycle=0.074 | background=0.985
  💾 Meilleur BOTH sauvegardé (val mAP=0.498)
[BOTH]  18/30 | train loss=0.4554 mAP=0.514 | val loss=0.7566 mAP=0.499 | person=0.395 | car=0.541 | bicycle=0.074 | background=0.985
  💾 Meilleur BOTH sauvegardé (val mAP=0.499)
[BOTH]  19/30 | train loss=0.4542 mAP=0.515 | val loss=0.7623 mAP=0.499 | person=0.396 | car=0.542 | bicycle=0.074 | background=0.985
  💾 Meilleur BOTH sauvegardé (val mAP=0.499)
[BOTH]  20/30 | train loss=0.4531 mAP=0.516 | val loss=0.7547 mAP=0.499 | person=0.395 | car=0.543 | bicycle=0.074 | background=0.985
  💾 Meilleur BOTH sauvegardé (val mAP=0.499)
[BOTH]  21/30 | train loss=0.4524 mAP=0.517 | val loss=0.7622 mAP=0.500 | person=0.397 | car=0.544 | bicycle=0.074 | background=0.985
  💾 Meilleur BOTH sauvegardé (val mAP=0.500)
[BOTH]  22/30 | train loss=0.4519 mAP=0.517 | val loss=0.7529 mAP=0.500 | person=0.396 | car=0.544 | bicycle=0.074 | background=0.985
[BOTH]  23/30 | train loss=0.4511 mAP=0.518 | val loss=0.7547 mAP=0.500 | person=0.396 | car=0.545 | bicycle=0.074 | background=0.985
  💾 Meilleur BOTH sauvegardé (val mAP=0.500)
[BOTH]  24/30 | train loss=0.4507 mAP=0.518 | val loss=0.7545 mAP=0.500 | person=0.396 | car=0.545 | bicycle=0.074 | background=0.985
  💾 Meilleur BOTH sauvegardé (val mAP=0.500)
[BOTH]  25/30 | train loss=0.4504 mAP=0.518 | val loss=0.7542 mAP=0.500 | person=0.396 | car=0.545 | bicycle=0.074 | background=0.985
  💾 Meilleur BOTH sauvegardé (val mAP=0.500)
[BOTH]  26/30 | train loss=0.4502 mAP=0.518 | val loss=0.7536 mAP=0.500 | person=0.396 | car=0.546 | bicycle=0.074 | background=0.985
  💾 Meilleur BOTH sauvegardé (val mAP=0.500)
[BOTH]  27/30 | train loss=0.4500 mAP=0.518 | val loss=0.7547 mAP=0.500 | person=0.396 | car=0.546 | bicycle=0.074 | background=0.985
  💾 Meilleur BOTH sauvegardé (val mAP=0.500)
[BOTH]  28/30 | train loss=0.4499 mAP=0.518 | val loss=0.7540 mAP=0.500 | person=0.396 | car=0.546 | bicycle=0.074 | background=0.985
  💾 Meilleur BOTH sauvegardé (val mAP=0.500)
[BOTH]  29/30 | train loss=0.4498 mAP=0.518 | val loss=0.7541 mAP=0.500 | person=0.396 | car=0.546 | bicycle=0.074 | background=0.985
  💾 Meilleur BOTH sauvegardé (val mAP=0.500)
[BOTH]  30/30 | train loss=0.4498 mAP=0.519 | val loss=0.7540 mAP=0.500 | person=0.396 | car=0.546 | bicycle=0.074 | background=0.985
  💾 Meilleur BOTH sauvegardé (val mAP=0.500)
  📊 Courbe ROC sauvegardée : /home/2023029/PARTAGE/abelgh02/logs/lemumo/lemumo_vits16_llvip-kaistfull04_ep600_bs64_lamb0.1/probings_latest_runs10_cropsize224/roc_curve_both.png

✨ SCORES ROC FINAUX POUR BOTH (Meilleure Époque) :
METRIC_AUC_BOTH_PERSON: 0.8949
METRIC_AUC_BOTH_CAR: 0.9233
METRIC_AUC_BOTH_BICYCLE: 0.8994
METRIC_AUC_BOTH_BACKGROUND: 0.9348

=======================================================
  Linear Probing OFFLINE — mode : JOINT
=======================================================
[train] mode=joint | 4129 images (0 ignorées) | person=23408 patches | car=70689 patches | bicycle=6911 patches | background=718426 patches
[val] mode=joint | 1013 images (0 ignorées) | person=15537 patches | car=21472 patches | bicycle=1588 patches | background=163479 patches
✅ Le MuMo encoder chargé depuis /home/2023029/PARTAGE/abelgh02/logs/lemumo/lemumo_vits16_llvip-kaistfull04_ep600_bs64_lamb0.1/latest.pt (run lemumo_vits16_llvip-kaistfull04_ep600_bs64_lamb0.1, variant=prune_after_first, ViT-small)
  ⚡ Features déjà extraites trouvées : chargement depuis /home/2023029/PARTAGE/abelgh02/logs/lemumo/lemumo_vits16_llvip-kaistfull04_ep600_bs64_lamb0.1/probings_latest_runs10_cropsize224/joint_train_features_tbmTrue.pt
  ⚡ Features déjà extraites trouvées : chargement depuis /home/2023029/PARTAGE/abelgh02/logs/lemumo/lemumo_vits16_llvip-kaistfull04_ep600_bs64_lamb0.1/probings_latest_runs10_cropsize224/joint_val_features_tbmTrue.pt
🔒 Graine aléatoire fixée à : 45
[JOINT]   1/30 | train loss=0.8384 mAP=0.377 | val loss=0.9603 mAP=0.425 | person=0.276 | car=0.413 | bicycle=0.039 | background=0.970
  💾 Meilleur JOINT sauvegardé (val mAP=0.425)
[JOINT]   2/30 | train loss=0.6582 mAP=0.420 | val loss=0.8843 mAP=0.444 | person=0.310 | car=0.439 | bicycle=0.050 | background=0.976
  💾 Meilleur JOINT sauvegardé (val mAP=0.444)
[JOINT]   3/30 | train loss=0.5984 mAP=0.438 | val loss=0.8613 mAP=0.458 | person=0.336 | car=0.456 | bicycle=0.061 | background=0.978
  💾 Meilleur JOINT sauvegardé (val mAP=0.458)
[JOINT]   4/30 | train loss=0.5693 mAP=0.448 | val loss=0.8303 mAP=0.467 | person=0.350 | car=0.468 | bicycle=0.069 | background=0.980
  💾 Meilleur JOINT sauvegardé (val mAP=0.467)
[JOINT]   5/30 | train loss=0.5512 mAP=0.457 | val loss=0.8194 mAP=0.473 | person=0.359 | car=0.478 | bicycle=0.074 | background=0.981
  💾 Meilleur JOINT sauvegardé (val mAP=0.473)
[JOINT]   6/30 | train loss=0.5386 mAP=0.464 | val loss=0.8179 mAP=0.477 | person=0.364 | car=0.486 | bicycle=0.076 | background=0.981
  💾 Meilleur JOINT sauvegardé (val mAP=0.477)
[JOINT]   7/30 | train loss=0.5293 mAP=0.469 | val loss=0.8095 mAP=0.480 | person=0.369 | car=0.492 | bicycle=0.078 | background=0.982
  💾 Meilleur JOINT sauvegardé (val mAP=0.480)
[JOINT]   8/30 | train loss=0.5219 mAP=0.472 | val loss=0.7995 mAP=0.483 | person=0.372 | car=0.497 | bicycle=0.079 | background=0.982
  💾 Meilleur JOINT sauvegardé (val mAP=0.483)
[JOINT]   9/30 | train loss=0.5157 mAP=0.477 | val loss=0.7994 mAP=0.485 | person=0.375 | car=0.501 | bicycle=0.080 | background=0.983
  💾 Meilleur JOINT sauvegardé (val mAP=0.485)
[JOINT]  10/30 | train loss=0.5104 mAP=0.480 | val loss=0.7965 mAP=0.486 | person=0.377 | car=0.504 | bicycle=0.080 | background=0.983
  💾 Meilleur JOINT sauvegardé (val mAP=0.486)
[JOINT]  11/30 | train loss=0.5063 mAP=0.482 | val loss=0.7955 mAP=0.487 | person=0.379 | car=0.507 | bicycle=0.081 | background=0.983
  💾 Meilleur JOINT sauvegardé (val mAP=0.487)
[JOINT]  12/30 | train loss=0.5026 mAP=0.485 | val loss=0.7886 mAP=0.489 | person=0.381 | car=0.510 | bicycle=0.081 | background=0.983
  💾 Meilleur JOINT sauvegardé (val mAP=0.489)
[JOINT]  13/30 | train loss=0.4994 mAP=0.486 | val loss=0.7932 mAP=0.489 | person=0.382 | car=0.512 | bicycle=0.081 | background=0.983
  💾 Meilleur JOINT sauvegardé (val mAP=0.489)
[JOINT]  14/30 | train loss=0.4969 mAP=0.488 | val loss=0.7848 mAP=0.490 | person=0.383 | car=0.514 | bicycle=0.081 | background=0.983
  💾 Meilleur JOINT sauvegardé (val mAP=0.490)
[JOINT]  15/30 | train loss=0.4945 mAP=0.490 | val loss=0.7859 mAP=0.491 | person=0.384 | car=0.515 | bicycle=0.081 | background=0.983
  💾 Meilleur JOINT sauvegardé (val mAP=0.491)
[JOINT]  16/30 | train loss=0.4925 mAP=0.491 | val loss=0.7837 mAP=0.491 | person=0.385 | car=0.516 | bicycle=0.081 | background=0.983
  💾 Meilleur JOINT sauvegardé (val mAP=0.491)
[JOINT]  17/30 | train loss=0.4907 mAP=0.492 | val loss=0.7833 mAP=0.492 | person=0.385 | car=0.517 | bicycle=0.081 | background=0.984
  💾 Meilleur JOINT sauvegardé (val mAP=0.492)
[JOINT]  18/30 | train loss=0.4893 mAP=0.493 | val loss=0.7823 mAP=0.492 | person=0.386 | car=0.518 | bicycle=0.081 | background=0.984
  💾 Meilleur JOINT sauvegardé (val mAP=0.492)
[JOINT]  19/30 | train loss=0.4880 mAP=0.494 | val loss=0.7829 mAP=0.493 | person=0.386 | car=0.519 | bicycle=0.081 | background=0.984
  💾 Meilleur JOINT sauvegardé (val mAP=0.493)
[JOINT]  20/30 | train loss=0.4870 mAP=0.495 | val loss=0.7808 mAP=0.493 | person=0.387 | car=0.519 | bicycle=0.081 | background=0.984
  💾 Meilleur JOINT sauvegardé (val mAP=0.493)
[JOINT]  21/30 | train loss=0.4860 mAP=0.495 | val loss=0.7809 mAP=0.493 | person=0.387 | car=0.520 | bicycle=0.082 | background=0.984
  💾 Meilleur JOINT sauvegardé (val mAP=0.493)
[JOINT]  22/30 | train loss=0.4853 mAP=0.496 | val loss=0.7799 mAP=0.493 | person=0.388 | car=0.520 | bicycle=0.082 | background=0.984
  💾 Meilleur JOINT sauvegardé (val mAP=0.493)
[JOINT]  23/30 | train loss=0.4847 mAP=0.496 | val loss=0.7787 mAP=0.494 | person=0.388 | car=0.521 | bicycle=0.082 | background=0.984
  💾 Meilleur JOINT sauvegardé (val mAP=0.494)
[JOINT]  24/30 | train loss=0.4842 mAP=0.496 | val loss=0.7800 mAP=0.494 | person=0.388 | car=0.521 | bicycle=0.082 | background=0.984
  💾 Meilleur JOINT sauvegardé (val mAP=0.494)
[JOINT]  25/30 | train loss=0.4838 mAP=0.497 | val loss=0.7797 mAP=0.494 | person=0.388 | car=0.521 | bicycle=0.082 | background=0.984
  💾 Meilleur JOINT sauvegardé (val mAP=0.494)
[JOINT]  26/30 | train loss=0.4836 mAP=0.497 | val loss=0.7798 mAP=0.494 | person=0.389 | car=0.521 | bicycle=0.082 | background=0.984
  💾 Meilleur JOINT sauvegardé (val mAP=0.494)
[JOINT]  27/30 | train loss=0.4834 mAP=0.497 | val loss=0.7801 mAP=0.494 | person=0.389 | car=0.521 | bicycle=0.082 | background=0.984
  💾 Meilleur JOINT sauvegardé (val mAP=0.494)
[JOINT]  28/30 | train loss=0.4833 mAP=0.497 | val loss=0.7801 mAP=0.494 | person=0.389 | car=0.521 | bicycle=0.082 | background=0.984
  💾 Meilleur JOINT sauvegardé (val mAP=0.494)
[JOINT]  29/30 | train loss=0.4832 mAP=0.497 | val loss=0.7799 mAP=0.494 | person=0.389 | car=0.521 | bicycle=0.082 | background=0.984
  💾 Meilleur JOINT sauvegardé (val mAP=0.494)
[JOINT]  30/30 | train loss=0.4832 mAP=0.497 | val loss=0.7799 mAP=0.494 | person=0.389 | car=0.521 | bicycle=0.082 | background=0.984
  💾 Meilleur JOINT sauvegardé (val mAP=0.494)
  📊 Courbe ROC sauvegardée : /home/2023029/PARTAGE/abelgh02/logs/lemumo/lemumo_vits16_llvip-kaistfull04_ep600_bs64_lamb0.1/probings_latest_runs10_cropsize224/roc_curve_joint.png

✨ SCORES ROC FINAUX POUR JOINT (Meilleure Époque) :
METRIC_AUC_JOINT_PERSON: 0.8898
METRIC_AUC_JOINT_CAR: 0.9162
METRIC_AUC_JOINT_BICYCLE: 0.8918
METRIC_AUC_JOINT_BACKGROUND: 0.9294

=======================================================
  RÉSUMÉ FINAL — Linear Probing JEPA sur FLIR Aligned
=======================================================
  RGB   │ █████████████                  │ mAP=0.447
  IR    │ ██████████████                 │ mAP=0.475
  BOTH  │ ███████████████                │ mAP=0.500
  JOINT │ ██████████████                 │ mAP=0.494
=======================================================

✅ mAP RGB ≈ mAP IR (gap < 5%) → le target_encoder aligne bien les deux modalités.
ℹ️  La fusion apporte +0.025 → les modalités restent complémentaires.

▶️  RUN 4/10 | cuda:0 | Seed: 46

=======================================================
  Linear Probing OFFLINE — mode : RGB
=======================================================
[train] mode=rgb | 4129 images (0 ignorées) | person=23408 patches | car=70689 patches | bicycle=6911 patches | background=718426 patches
[val] mode=rgb | 1013 images (0 ignorées) | person=15537 patches | car=21472 patches | bicycle=1588 patches | background=163479 patches
✅ Le MuMo encoder chargé depuis /home/2023029/PARTAGE/abelgh02/logs/lemumo/lemumo_vits16_llvip-kaistfull04_ep600_bs64_lamb0.1/latest.pt (run lemumo_vits16_llvip-kaistfull04_ep600_bs64_lamb0.1, variant=prune_after_first, ViT-small)
  ⚡ Features déjà extraites trouvées : chargement depuis /home/2023029/PARTAGE/abelgh02/logs/lemumo/lemumo_vits16_llvip-kaistfull04_ep600_bs64_lamb0.1/probings_latest_runs10_cropsize224/rgb_train_features_tbmTrue.pt
  ⚡ Features déjà extraites trouvées : chargement depuis /home/2023029/PARTAGE/abelgh02/logs/lemumo/lemumo_vits16_llvip-kaistfull04_ep600_bs64_lamb0.1/probings_latest_runs10_cropsize224/rgb_val_features_tbmTrue.pt
🔒 Graine aléatoire fixée à : 46
[RGB]   1/30 | train loss=0.9124 mAP=0.342 | val loss=1.0550 mAP=0.400 | person=0.230 | car=0.374 | bicycle=0.029 | background=0.965
  💾 Meilleur RGB sauvegardé (val mAP=0.400)
[RGB]   2/30 | train loss=0.7490 mAP=0.378 | val loss=0.9744 mAP=0.412 | person=0.246 | car=0.399 | bicycle=0.034 | background=0.969
  💾 Meilleur RGB sauvegardé (val mAP=0.412)
[RGB]   3/30 | train loss=0.6845 mAP=0.393 | val loss=0.9390 mAP=0.420 | person=0.255 | car=0.415 | bicycle=0.037 | background=0.972
  💾 Meilleur RGB sauvegardé (val mAP=0.420)
[RGB]   4/30 | train loss=0.6507 mAP=0.401 | val loss=0.9254 mAP=0.424 | person=0.260 | car=0.426 | bicycle=0.038 | background=0.974
  💾 Meilleur RGB sauvegardé (val mAP=0.424)
[RGB]   5/30 | train loss=0.6296 mAP=0.407 | val loss=0.9218 mAP=0.428 | person=0.263 | car=0.434 | bicycle=0.039 | background=0.975
  💾 Meilleur RGB sauvegardé (val mAP=0.428)
[RGB]   6/30 | train loss=0.6146 mAP=0.412 | val loss=0.9180 mAP=0.431 | person=0.266 | car=0.442 | bicycle=0.040 | background=0.976
  💾 Meilleur RGB sauvegardé (val mAP=0.431)
[RGB]   7/30 | train loss=0.6032 mAP=0.415 | val loss=0.8931 mAP=0.433 | person=0.268 | car=0.448 | bicycle=0.040 | background=0.976
  💾 Meilleur RGB sauvegardé (val mAP=0.433)
[RGB]   8/30 | train loss=0.5953 mAP=0.418 | val loss=0.8917 mAP=0.435 | person=0.270 | car=0.453 | bicycle=0.040 | background=0.977
  💾 Meilleur RGB sauvegardé (val mAP=0.435)
[RGB]   9/30 | train loss=0.5873 mAP=0.421 | val loss=0.8851 mAP=0.436 | person=0.271 | car=0.457 | bicycle=0.040 | background=0.977
  💾 Meilleur RGB sauvegardé (val mAP=0.436)
[RGB]  10/30 | train loss=0.5815 mAP=0.423 | val loss=0.8882 mAP=0.438 | person=0.272 | car=0.461 | bicycle=0.041 | background=0.978
  💾 Meilleur RGB sauvegardé (val mAP=0.438)
[RGB]  11/30 | train loss=0.5765 mAP=0.425 | val loss=0.8856 mAP=0.439 | person=0.274 | car=0.464 | bicycle=0.041 | background=0.978
  💾 Meilleur RGB sauvegardé (val mAP=0.439)
[RGB]  12/30 | train loss=0.5724 mAP=0.427 | val loss=0.8851 mAP=0.440 | person=0.275 | car=0.467 | bicycle=0.041 | background=0.978
  💾 Meilleur RGB sauvegardé (val mAP=0.440)
[RGB]  13/30 | train loss=0.5690 mAP=0.429 | val loss=0.8816 mAP=0.441 | person=0.276 | car=0.470 | bicycle=0.041 | background=0.978
  💾 Meilleur RGB sauvegardé (val mAP=0.441)
[RGB]  14/30 | train loss=0.5661 mAP=0.430 | val loss=0.8808 mAP=0.442 | person=0.277 | car=0.472 | bicycle=0.042 | background=0.978
  💾 Meilleur RGB sauvegardé (val mAP=0.442)
[RGB]  15/30 | train loss=0.5636 mAP=0.431 | val loss=0.8769 mAP=0.443 | person=0.277 | car=0.474 | bicycle=0.042 | background=0.978
  💾 Meilleur RGB sauvegardé (val mAP=0.443)
[RGB]  16/30 | train loss=0.5613 mAP=0.432 | val loss=0.8773 mAP=0.444 | person=0.278 | car=0.476 | bicycle=0.042 | background=0.979
  💾 Meilleur RGB sauvegardé (val mAP=0.444)
[RGB]  17/30 | train loss=0.5594 mAP=0.433 | val loss=0.8833 mAP=0.444 | person=0.279 | car=0.477 | bicycle=0.042 | background=0.979
  💾 Meilleur RGB sauvegardé (val mAP=0.444)
[RGB]  18/30 | train loss=0.5579 mAP=0.434 | val loss=0.8736 mAP=0.444 | person=0.279 | car=0.478 | bicycle=0.042 | background=0.979
  💾 Meilleur RGB sauvegardé (val mAP=0.444)
[RGB]  19/30 | train loss=0.5565 mAP=0.435 | val loss=0.8784 mAP=0.445 | person=0.280 | car=0.479 | bicycle=0.042 | background=0.979
  💾 Meilleur RGB sauvegardé (val mAP=0.445)
[RGB]  20/30 | train loss=0.5553 mAP=0.436 | val loss=0.8788 mAP=0.445 | person=0.280 | car=0.480 | bicycle=0.042 | background=0.979
  💾 Meilleur RGB sauvegardé (val mAP=0.445)
[RGB]  21/30 | train loss=0.5544 mAP=0.436 | val loss=0.8763 mAP=0.446 | person=0.280 | car=0.481 | bicycle=0.042 | background=0.979
  💾 Meilleur RGB sauvegardé (val mAP=0.446)
[RGB]  22/30 | train loss=0.5535 mAP=0.436 | val loss=0.8766 mAP=0.446 | person=0.281 | car=0.481 | bicycle=0.042 | background=0.979
  💾 Meilleur RGB sauvegardé (val mAP=0.446)
[RGB]  23/30 | train loss=0.5530 mAP=0.437 | val loss=0.8768 mAP=0.446 | person=0.281 | car=0.482 | bicycle=0.042 | background=0.979
  💾 Meilleur RGB sauvegardé (val mAP=0.446)
[RGB]  24/30 | train loss=0.5524 mAP=0.437 | val loss=0.8766 mAP=0.446 | person=0.281 | car=0.482 | bicycle=0.043 | background=0.979
  💾 Meilleur RGB sauvegardé (val mAP=0.446)
[RGB]  25/30 | train loss=0.5520 mAP=0.437 | val loss=0.8784 mAP=0.446 | person=0.281 | car=0.482 | bicycle=0.043 | background=0.979
  💾 Meilleur RGB sauvegardé (val mAP=0.446)
[RGB]  26/30 | train loss=0.5518 mAP=0.437 | val loss=0.8782 mAP=0.446 | person=0.281 | car=0.483 | bicycle=0.043 | background=0.979
  💾 Meilleur RGB sauvegardé (val mAP=0.446)
[RGB]  27/30 | train loss=0.5516 mAP=0.437 | val loss=0.8759 mAP=0.446 | person=0.281 | car=0.483 | bicycle=0.043 | background=0.979
  💾 Meilleur RGB sauvegardé (val mAP=0.446)
[RGB]  28/30 | train loss=0.5514 mAP=0.438 | val loss=0.8760 mAP=0.446 | person=0.281 | car=0.483 | bicycle=0.043 | background=0.979
  💾 Meilleur RGB sauvegardé (val mAP=0.446)
[RGB]  29/30 | train loss=0.5514 mAP=0.438 | val loss=0.8759 mAP=0.446 | person=0.281 | car=0.483 | bicycle=0.043 | background=0.979
  💾 Meilleur RGB sauvegardé (val mAP=0.446)
[RGB]  30/30 | train loss=0.5513 mAP=0.438 | val loss=0.8760 mAP=0.446 | person=0.281 | car=0.483 | bicycle=0.043 | background=0.979
  💾 Meilleur RGB sauvegardé (val mAP=0.446)
  📊 Courbe ROC sauvegardée : /home/2023029/PARTAGE/abelgh02/logs/lemumo/lemumo_vits16_llvip-kaistfull04_ep600_bs64_lamb0.1/probings_latest_runs10_cropsize224/roc_curve_rgb.png

✨ SCORES ROC FINAUX POUR RGB (Meilleure Époque) :
METRIC_AUC_RGB_PERSON: 0.8556
METRIC_AUC_RGB_CAR: 0.9045
METRIC_AUC_RGB_BICYCLE: 0.8668
METRIC_AUC_RGB_BACKGROUND: 0.9103

=======================================================
  Linear Probing OFFLINE — mode : IR
=======================================================
[train] mode=ir | 4129 images (0 ignorées) | person=23408 patches | car=70689 patches | bicycle=6911 patches | background=718426 patches
[val] mode=ir | 1013 images (0 ignorées) | person=15537 patches | car=21472 patches | bicycle=1588 patches | background=163479 patches
✅ Le MuMo encoder chargé depuis /home/2023029/PARTAGE/abelgh02/logs/lemumo/lemumo_vits16_llvip-kaistfull04_ep600_bs64_lamb0.1/latest.pt (run lemumo_vits16_llvip-kaistfull04_ep600_bs64_lamb0.1, variant=prune_after_first, ViT-small)
  ⚡ Features déjà extraites trouvées : chargement depuis /home/2023029/PARTAGE/abelgh02/logs/lemumo/lemumo_vits16_llvip-kaistfull04_ep600_bs64_lamb0.1/probings_latest_runs10_cropsize224/ir_train_features_tbmTrue.pt
  ⚡ Features déjà extraites trouvées : chargement depuis /home/2023029/PARTAGE/abelgh02/logs/lemumo/lemumo_vits16_llvip-kaistfull04_ep600_bs64_lamb0.1/probings_latest_runs10_cropsize224/ir_val_features_tbmTrue.pt
🔒 Graine aléatoire fixée à : 46
[IR]   1/30 | train loss=0.8629 mAP=0.370 | val loss=0.9947 mAP=0.428 | person=0.295 | car=0.409 | bicycle=0.044 | background=0.965
  💾 Meilleur IR sauvegardé (val mAP=0.428)
[IR]   2/30 | train loss=0.6865 mAP=0.412 | val loss=0.9058 mAP=0.439 | person=0.318 | car=0.416 | bicycle=0.050 | background=0.972
  💾 Meilleur IR sauvegardé (val mAP=0.439)
[IR]   3/30 | train loss=0.6235 mAP=0.426 | val loss=0.8753 mAP=0.448 | person=0.337 | car=0.423 | bicycle=0.057 | background=0.975
  💾 Meilleur IR sauvegardé (val mAP=0.448)
[IR]   4/30 | train loss=0.5934 mAP=0.436 | val loss=0.8521 mAP=0.454 | person=0.351 | car=0.429 | bicycle=0.060 | background=0.976
  💾 Meilleur IR sauvegardé (val mAP=0.454)
[IR]   5/30 | train loss=0.5753 mAP=0.443 | val loss=0.8443 mAP=0.459 | person=0.359 | car=0.436 | bicycle=0.063 | background=0.977
  💾 Meilleur IR sauvegardé (val mAP=0.459)
[IR]   6/30 | train loss=0.5626 mAP=0.448 | val loss=0.8368 mAP=0.462 | person=0.365 | car=0.441 | bicycle=0.065 | background=0.978
  💾 Meilleur IR sauvegardé (val mAP=0.462)
[IR]   7/30 | train loss=0.5533 mAP=0.452 | val loss=0.8274 mAP=0.465 | person=0.369 | car=0.446 | bicycle=0.066 | background=0.979
  💾 Meilleur IR sauvegardé (val mAP=0.465)
[IR]   8/30 | train loss=0.5458 mAP=0.455 | val loss=0.8280 mAP=0.467 | person=0.372 | car=0.449 | bicycle=0.068 | background=0.979
  💾 Meilleur IR sauvegardé (val mAP=0.467)
[IR]   9/30 | train loss=0.5401 mAP=0.458 | val loss=0.8166 mAP=0.468 | person=0.374 | car=0.452 | bicycle=0.068 | background=0.979
  💾 Meilleur IR sauvegardé (val mAP=0.468)
[IR]  10/30 | train loss=0.5353 mAP=0.460 | val loss=0.8210 mAP=0.470 | person=0.376 | car=0.455 | bicycle=0.069 | background=0.979
  💾 Meilleur IR sauvegardé (val mAP=0.470)
[IR]  11/30 | train loss=0.5310 mAP=0.462 | val loss=0.8101 mAP=0.471 | person=0.377 | car=0.457 | bicycle=0.069 | background=0.980
  💾 Meilleur IR sauvegardé (val mAP=0.471)
[IR]  12/30 | train loss=0.5275 mAP=0.464 | val loss=0.8178 mAP=0.472 | person=0.379 | car=0.457 | bicycle=0.070 | background=0.980
  💾 Meilleur IR sauvegardé (val mAP=0.472)
[IR]  13/30 | train loss=0.5246 mAP=0.465 | val loss=0.8125 mAP=0.472 | person=0.379 | car=0.461 | bicycle=0.070 | background=0.980
  💾 Meilleur IR sauvegardé (val mAP=0.472)
[IR]  14/30 | train loss=0.5220 mAP=0.467 | val loss=0.8047 mAP=0.473 | person=0.380 | car=0.462 | bicycle=0.070 | background=0.980
  💾 Meilleur IR sauvegardé (val mAP=0.473)
[IR]  15/30 | train loss=0.5198 mAP=0.468 | val loss=0.8092 mAP=0.474 | person=0.381 | car=0.463 | bicycle=0.071 | background=0.980
  💾 Meilleur IR sauvegardé (val mAP=0.474)
[IR]  16/30 | train loss=0.5179 mAP=0.469 | val loss=0.8038 mAP=0.474 | person=0.381 | car=0.464 | bicycle=0.071 | background=0.980
  💾 Meilleur IR sauvegardé (val mAP=0.474)
[IR]  17/30 | train loss=0.5163 mAP=0.470 | val loss=0.8084 mAP=0.474 | person=0.382 | car=0.464 | bicycle=0.071 | background=0.980
  💾 Meilleur IR sauvegardé (val mAP=0.474)
[IR]  18/30 | train loss=0.5149 mAP=0.470 | val loss=0.8051 mAP=0.475 | person=0.382 | car=0.465 | bicycle=0.071 | background=0.980
  💾 Meilleur IR sauvegardé (val mAP=0.475)
[IR]  19/30 | train loss=0.5136 mAP=0.471 | val loss=0.8047 mAP=0.475 | person=0.383 | car=0.466 | bicycle=0.071 | background=0.980
  💾 Meilleur IR sauvegardé (val mAP=0.475)
[IR]  20/30 | train loss=0.5127 mAP=0.471 | val loss=0.8057 mAP=0.475 | person=0.383 | car=0.466 | bicycle=0.071 | background=0.980
  💾 Meilleur IR sauvegardé (val mAP=0.475)
[IR]  21/30 | train loss=0.5119 mAP=0.472 | val loss=0.8013 mAP=0.475 | person=0.383 | car=0.467 | bicycle=0.071 | background=0.981
  💾 Meilleur IR sauvegardé (val mAP=0.475)
[IR]  22/30 | train loss=0.5112 mAP=0.472 | val loss=0.8041 mAP=0.475 | person=0.383 | car=0.467 | bicycle=0.071 | background=0.981
  💾 Meilleur IR sauvegardé (val mAP=0.475)
[IR]  23/30 | train loss=0.5106 mAP=0.472 | val loss=0.8039 mAP=0.476 | person=0.383 | car=0.467 | bicycle=0.071 | background=0.981
  💾 Meilleur IR sauvegardé (val mAP=0.476)
[IR]  24/30 | train loss=0.5102 mAP=0.473 | val loss=0.8039 mAP=0.476 | person=0.383 | car=0.467 | bicycle=0.071 | background=0.981
  💾 Meilleur IR sauvegardé (val mAP=0.476)
[IR]  25/30 | train loss=0.5098 mAP=0.473 | val loss=0.8020 mAP=0.476 | person=0.383 | car=0.467 | bicycle=0.071 | background=0.981
  💾 Meilleur IR sauvegardé (val mAP=0.476)
[IR]  26/30 | train loss=0.5096 mAP=0.473 | val loss=0.8035 mAP=0.476 | person=0.384 | car=0.468 | bicycle=0.072 | background=0.981
  💾 Meilleur IR sauvegardé (val mAP=0.476)
[IR]  27/30 | train loss=0.5094 mAP=0.473 | val loss=0.8027 mAP=0.476 | person=0.384 | car=0.468 | bicycle=0.071 | background=0.981
  💾 Meilleur IR sauvegardé (val mAP=0.476)
[IR]  28/30 | train loss=0.5093 mAP=0.473 | val loss=0.8025 mAP=0.476 | person=0.384 | car=0.468 | bicycle=0.071 | background=0.981
  💾 Meilleur IR sauvegardé (val mAP=0.476)
[IR]  29/30 | train loss=0.5092 mAP=0.473 | val loss=0.8024 mAP=0.476 | person=0.384 | car=0.468 | bicycle=0.071 | background=0.981
[IR]  30/30 | train loss=0.5092 mAP=0.473 | val loss=0.8024 mAP=0.476 | person=0.384 | car=0.468 | bicycle=0.071 | background=0.981
  💾 Meilleur IR sauvegardé (val mAP=0.476)
  📊 Courbe ROC sauvegardée : /home/2023029/PARTAGE/abelgh02/logs/lemumo/lemumo_vits16_llvip-kaistfull04_ep600_bs64_lamb0.1/probings_latest_runs10_cropsize224/roc_curve_ir.png

✨ SCORES ROC FINAUX POUR IR (Meilleure Époque) :
METRIC_AUC_IR_PERSON: 0.8855
METRIC_AUC_IR_CAR: 0.8980
METRIC_AUC_IR_BICYCLE: 0.8857
METRIC_AUC_IR_BACKGROUND: 0.9170

=======================================================
  Linear Probing OFFLINE — mode : BOTH
=======================================================
[train] mode=both | 4129 images (0 ignorées) | person=23408 patches | car=70689 patches | bicycle=6911 patches | background=718426 patches
[val] mode=both | 1013 images (0 ignorées) | person=15537 patches | car=21472 patches | bicycle=1588 patches | background=163479 patches
✅ Le MuMo encoder chargé depuis /home/2023029/PARTAGE/abelgh02/logs/lemumo/lemumo_vits16_llvip-kaistfull04_ep600_bs64_lamb0.1/latest.pt (run lemumo_vits16_llvip-kaistfull04_ep600_bs64_lamb0.1, variant=prune_after_first, ViT-small)
  ⚡ Features déjà extraites trouvées : chargement depuis /home/2023029/PARTAGE/abelgh02/logs/lemumo/lemumo_vits16_llvip-kaistfull04_ep600_bs64_lamb0.1/probings_latest_runs10_cropsize224/both_train_features_tbmTrue.pt
  ⚡ Features déjà extraites trouvées : chargement depuis /home/2023029/PARTAGE/abelgh02/logs/lemumo/lemumo_vits16_llvip-kaistfull04_ep600_bs64_lamb0.1/probings_latest_runs10_cropsize224/both_val_features_tbmTrue.pt
🔒 Graine aléatoire fixée à : 46
[BOTH]   1/30 | train loss=0.7907 mAP=0.384 | val loss=0.8975 mAP=0.438 | person=0.294 | car=0.427 | bicycle=0.056 | background=0.975
  💾 Meilleur BOTH sauvegardé (val mAP=0.438)
[BOTH]   2/30 | train loss=0.5944 mAP=0.435 | val loss=0.8386 mAP=0.458 | person=0.338 | car=0.449 | bicycle=0.065 | background=0.979
  💾 Meilleur BOTH sauvegardé (val mAP=0.458)
[BOTH]   3/30 | train loss=0.5463 mAP=0.457 | val loss=0.8340 mAP=0.469 | person=0.360 | car=0.465 | bicycle=0.070 | background=0.981
  💾 Meilleur BOTH sauvegardé (val mAP=0.469)
[BOTH]   4/30 | train loss=0.5240 mAP=0.469 | val loss=0.8027 mAP=0.476 | person=0.371 | car=0.478 | bicycle=0.072 | background=0.982
  💾 Meilleur BOTH sauvegardé (val mAP=0.476)
[BOTH]   5/30 | train loss=0.5088 mAP=0.479 | val loss=0.8050 mAP=0.481 | person=0.379 | car=0.488 | bicycle=0.073 | background=0.983
  💾 Meilleur BOTH sauvegardé (val mAP=0.481)
[BOTH]   6/30 | train loss=0.4989 mAP=0.485 | val loss=0.7872 mAP=0.483 | person=0.382 | car=0.496 | bicycle=0.073 | background=0.983
  💾 Meilleur BOTH sauvegardé (val mAP=0.483)
[BOTH]   7/30 | train loss=0.4907 mAP=0.490 | val loss=0.7763 mAP=0.486 | person=0.385 | car=0.503 | bicycle=0.073 | background=0.983
  💾 Meilleur BOTH sauvegardé (val mAP=0.486)
[BOTH]   8/30 | train loss=0.4848 mAP=0.494 | val loss=0.7700 mAP=0.488 | person=0.388 | car=0.509 | bicycle=0.073 | background=0.984
  💾 Meilleur BOTH sauvegardé (val mAP=0.488)
[BOTH]   9/30 | train loss=0.4791 mAP=0.498 | val loss=0.7861 mAP=0.490 | person=0.391 | car=0.513 | bicycle=0.073 | background=0.984
  💾 Meilleur BOTH sauvegardé (val mAP=0.490)
[BOTH]  10/30 | train loss=0.4748 mAP=0.501 | val loss=0.7691 mAP=0.491 | person=0.391 | car=0.518 | bicycle=0.073 | background=0.984
  💾 Meilleur BOTH sauvegardé (val mAP=0.491)
[BOTH]  11/30 | train loss=0.4712 mAP=0.503 | val loss=0.7781 mAP=0.493 | person=0.392 | car=0.522 | bicycle=0.073 | background=0.984
  💾 Meilleur BOTH sauvegardé (val mAP=0.493)
[BOTH]  12/30 | train loss=0.4679 mAP=0.506 | val loss=0.7686 mAP=0.494 | person=0.393 | car=0.525 | bicycle=0.073 | background=0.984
  💾 Meilleur BOTH sauvegardé (val mAP=0.494)
[BOTH]  13/30 | train loss=0.4653 mAP=0.507 | val loss=0.7629 mAP=0.495 | person=0.394 | car=0.527 | bicycle=0.073 | background=0.984
  💾 Meilleur BOTH sauvegardé (val mAP=0.495)
[BOTH]  14/30 | train loss=0.4630 mAP=0.509 | val loss=0.7558 mAP=0.495 | person=0.394 | car=0.529 | bicycle=0.073 | background=0.985
  💾 Meilleur BOTH sauvegardé (val mAP=0.495)
[BOTH]  15/30 | train loss=0.4611 mAP=0.510 | val loss=0.7615 mAP=0.496 | person=0.395 | car=0.532 | bicycle=0.073 | background=0.985
  💾 Meilleur BOTH sauvegardé (val mAP=0.496)
[BOTH]  16/30 | train loss=0.4590 mAP=0.512 | val loss=0.7584 mAP=0.497 | person=0.395 | car=0.533 | bicycle=0.073 | background=0.985
  💾 Meilleur BOTH sauvegardé (val mAP=0.497)
[BOTH]  17/30 | train loss=0.4577 mAP=0.513 | val loss=0.7620 mAP=0.497 | person=0.396 | car=0.535 | bicycle=0.073 | background=0.985
  💾 Meilleur BOTH sauvegardé (val mAP=0.497)
[BOTH]  18/30 | train loss=0.4562 mAP=0.514 | val loss=0.7617 mAP=0.498 | person=0.396 | car=0.536 | bicycle=0.074 | background=0.985
  💾 Meilleur BOTH sauvegardé (val mAP=0.498)
[BOTH]  19/30 | train loss=0.4550 mAP=0.514 | val loss=0.7607 mAP=0.498 | person=0.396 | car=0.537 | bicycle=0.074 | background=0.985
  💾 Meilleur BOTH sauvegardé (val mAP=0.498)
[BOTH]  20/30 | train loss=0.4541 mAP=0.515 | val loss=0.7523 mAP=0.498 | person=0.395 | car=0.538 | bicycle=0.074 | background=0.985
  💾 Meilleur BOTH sauvegardé (val mAP=0.498)
[BOTH]  21/30 | train loss=0.4533 mAP=0.516 | val loss=0.7612 mAP=0.499 | person=0.397 | car=0.539 | bicycle=0.074 | background=0.985
  💾 Meilleur BOTH sauvegardé (val mAP=0.499)
[BOTH]  22/30 | train loss=0.4527 mAP=0.516 | val loss=0.7569 mAP=0.499 | person=0.397 | car=0.540 | bicycle=0.074 | background=0.985
  💾 Meilleur BOTH sauvegardé (val mAP=0.499)
[BOTH]  23/30 | train loss=0.4520 mAP=0.517 | val loss=0.7577 mAP=0.499 | person=0.397 | car=0.540 | bicycle=0.074 | background=0.985
  💾 Meilleur BOTH sauvegardé (val mAP=0.499)
[BOTH]  24/30 | train loss=0.4516 mAP=0.517 | val loss=0.7562 mAP=0.499 | person=0.397 | car=0.541 | bicycle=0.074 | background=0.985
  💾 Meilleur BOTH sauvegardé (val mAP=0.499)
[BOTH]  25/30 | train loss=0.4513 mAP=0.517 | val loss=0.7576 mAP=0.499 | person=0.397 | car=0.541 | bicycle=0.074 | background=0.985
  💾 Meilleur BOTH sauvegardé (val mAP=0.499)
[BOTH]  26/30 | train loss=0.4510 mAP=0.517 | val loss=0.7593 mAP=0.499 | person=0.397 | car=0.541 | bicycle=0.074 | background=0.985
  💾 Meilleur BOTH sauvegardé (val mAP=0.499)
[BOTH]  27/30 | train loss=0.4509 mAP=0.517 | val loss=0.7568 mAP=0.499 | person=0.397 | car=0.541 | bicycle=0.074 | background=0.985
  💾 Meilleur BOTH sauvegardé (val mAP=0.499)
[BOTH]  28/30 | train loss=0.4507 mAP=0.517 | val loss=0.7567 mAP=0.499 | person=0.397 | car=0.541 | bicycle=0.074 | background=0.985
  💾 Meilleur BOTH sauvegardé (val mAP=0.499)
[BOTH]  29/30 | train loss=0.4507 mAP=0.518 | val loss=0.7568 mAP=0.499 | person=0.397 | car=0.541 | bicycle=0.074 | background=0.985
  💾 Meilleur BOTH sauvegardé (val mAP=0.499)
[BOTH]  30/30 | train loss=0.4507 mAP=0.518 | val loss=0.7567 mAP=0.499 | person=0.397 | car=0.541 | bicycle=0.074 | background=0.985
  💾 Meilleur BOTH sauvegardé (val mAP=0.499)
  📊 Courbe ROC sauvegardée : /home/2023029/PARTAGE/abelgh02/logs/lemumo/lemumo_vits16_llvip-kaistfull04_ep600_bs64_lamb0.1/probings_latest_runs10_cropsize224/roc_curve_both.png

✨ SCORES ROC FINAUX POUR BOTH (Meilleure Époque) :
METRIC_AUC_BOTH_PERSON: 0.8949
METRIC_AUC_BOTH_CAR: 0.9224
METRIC_AUC_BOTH_BICYCLE: 0.8993
METRIC_AUC_BOTH_BACKGROUND: 0.9350

=======================================================
  Linear Probing OFFLINE — mode : JOINT
=======================================================
[train] mode=joint | 4129 images (0 ignorées) | person=23408 patches | car=70689 patches | bicycle=6911 patches | background=718426 patches
[val] mode=joint | 1013 images (0 ignorées) | person=15537 patches | car=21472 patches | bicycle=1588 patches | background=163479 patches
✅ Le MuMo encoder chargé depuis /home/2023029/PARTAGE/abelgh02/logs/lemumo/lemumo_vits16_llvip-kaistfull04_ep600_bs64_lamb0.1/latest.pt (run lemumo_vits16_llvip-kaistfull04_ep600_bs64_lamb0.1, variant=prune_after_first, ViT-small)
  ⚡ Features déjà extraites trouvées : chargement depuis /home/2023029/PARTAGE/abelgh02/logs/lemumo/lemumo_vits16_llvip-kaistfull04_ep600_bs64_lamb0.1/probings_latest_runs10_cropsize224/joint_train_features_tbmTrue.pt
  ⚡ Features déjà extraites trouvées : chargement depuis /home/2023029/PARTAGE/abelgh02/logs/lemumo/lemumo_vits16_llvip-kaistfull04_ep600_bs64_lamb0.1/probings_latest_runs10_cropsize224/joint_val_features_tbmTrue.pt
🔒 Graine aléatoire fixée à : 46
[JOINT]   1/30 | train loss=0.8528 mAP=0.373 | val loss=0.9644 mAP=0.429 | person=0.280 | car=0.421 | bicycle=0.047 | background=0.970
  💾 Meilleur JOINT sauvegardé (val mAP=0.429)
[JOINT]   2/30 | train loss=0.6623 mAP=0.419 | val loss=0.8815 mAP=0.447 | person=0.312 | car=0.445 | bicycle=0.057 | background=0.976
  💾 Meilleur JOINT sauvegardé (val mAP=0.447)
[JOINT]   3/30 | train loss=0.5994 mAP=0.439 | val loss=0.8533 mAP=0.461 | person=0.337 | car=0.461 | bicycle=0.067 | background=0.979
  💾 Meilleur JOINT sauvegardé (val mAP=0.461)
[JOINT]   4/30 | train loss=0.5696 mAP=0.450 | val loss=0.8397 mAP=0.469 | person=0.351 | car=0.473 | bicycle=0.073 | background=0.980
  💾 Meilleur JOINT sauvegardé (val mAP=0.469)
[JOINT]   5/30 | train loss=0.5517 mAP=0.458 | val loss=0.8277 mAP=0.475 | person=0.359 | car=0.482 | bicycle=0.076 | background=0.981
  💾 Meilleur JOINT sauvegardé (val mAP=0.475)
[JOINT]   6/30 | train loss=0.5392 mAP=0.464 | val loss=0.8208 mAP=0.479 | person=0.365 | car=0.490 | bicycle=0.078 | background=0.982
  💾 Meilleur JOINT sauvegardé (val mAP=0.479)
[JOINT]   7/30 | train loss=0.5299 mAP=0.469 | val loss=0.8056 mAP=0.482 | person=0.370 | car=0.496 | bicycle=0.079 | background=0.982
  💾 Meilleur JOINT sauvegardé (val mAP=0.482)
[JOINT]   8/30 | train loss=0.5226 mAP=0.473 | val loss=0.8042 mAP=0.484 | person=0.373 | car=0.501 | bicycle=0.080 | background=0.982
  💾 Meilleur JOINT sauvegardé (val mAP=0.484)
[JOINT]   9/30 | train loss=0.5163 mAP=0.477 | val loss=0.8004 mAP=0.486 | person=0.376 | car=0.505 | bicycle=0.081 | background=0.983
  💾 Meilleur JOINT sauvegardé (val mAP=0.486)
[JOINT]  10/30 | train loss=0.5113 mAP=0.480 | val loss=0.7975 mAP=0.487 | person=0.378 | car=0.508 | bicycle=0.081 | background=0.983
  💾 Meilleur JOINT sauvegardé (val mAP=0.487)
[JOINT]  11/30 | train loss=0.5071 mAP=0.482 | val loss=0.8010 mAP=0.489 | person=0.380 | car=0.511 | bicycle=0.081 | background=0.983
  💾 Meilleur JOINT sauvegardé (val mAP=0.489)
[JOINT]  12/30 | train loss=0.5034 mAP=0.484 | val loss=0.7969 mAP=0.490 | person=0.381 | car=0.513 | bicycle=0.081 | background=0.983
  💾 Meilleur JOINT sauvegardé (val mAP=0.490)
[JOINT]  13/30 | train loss=0.5002 mAP=0.486 | val loss=0.7898 mAP=0.491 | person=0.382 | car=0.516 | bicycle=0.082 | background=0.983
  💾 Meilleur JOINT sauvegardé (val mAP=0.491)
[JOINT]  14/30 | train loss=0.4975 mAP=0.488 | val loss=0.7918 mAP=0.492 | person=0.384 | car=0.517 | bicycle=0.082 | background=0.983
  💾 Meilleur JOINT sauvegardé (val mAP=0.492)
[JOINT]  15/30 | train loss=0.4952 mAP=0.490 | val loss=0.7878 mAP=0.492 | person=0.385 | car=0.518 | bicycle=0.082 | background=0.983
  💾 Meilleur JOINT sauvegardé (val mAP=0.492)
[JOINT]  16/30 | train loss=0.4933 mAP=0.491 | val loss=0.7895 mAP=0.493 | person=0.386 | car=0.520 | bicycle=0.082 | background=0.984
  💾 Meilleur JOINT sauvegardé (val mAP=0.493)
[JOINT]  17/30 | train loss=0.4915 mAP=0.492 | val loss=0.7867 mAP=0.493 | person=0.387 | car=0.520 | bicycle=0.082 | background=0.984
  💾 Meilleur JOINT sauvegardé (val mAP=0.493)
[JOINT]  18/30 | train loss=0.4900 mAP=0.493 | val loss=0.7883 mAP=0.493 | person=0.387 | car=0.521 | bicycle=0.082 | background=0.984
  💾 Meilleur JOINT sauvegardé (val mAP=0.493)
[JOINT]  19/30 | train loss=0.4888 mAP=0.493 | val loss=0.7844 mAP=0.494 | person=0.388 | car=0.522 | bicycle=0.082 | background=0.984
  💾 Meilleur JOINT sauvegardé (val mAP=0.494)
[JOINT]  20/30 | train loss=0.4877 mAP=0.494 | val loss=0.7862 mAP=0.494 | person=0.388 | car=0.522 | bicycle=0.082 | background=0.984
  💾 Meilleur JOINT sauvegardé (val mAP=0.494)
[JOINT]  21/30 | train loss=0.4868 mAP=0.495 | val loss=0.7841 mAP=0.494 | person=0.388 | car=0.523 | bicycle=0.082 | background=0.984
  💾 Meilleur JOINT sauvegardé (val mAP=0.494)
[JOINT]  22/30 | train loss=0.4860 mAP=0.495 | val loss=0.7830 mAP=0.494 | person=0.388 | car=0.523 | bicycle=0.082 | background=0.984
  💾 Meilleur JOINT sauvegardé (val mAP=0.494)
[JOINT]  23/30 | train loss=0.4854 mAP=0.496 | val loss=0.7838 mAP=0.494 | person=0.389 | car=0.524 | bicycle=0.082 | background=0.984
  💾 Meilleur JOINT sauvegardé (val mAP=0.494)
[JOINT]  24/30 | train loss=0.4849 mAP=0.496 | val loss=0.7825 mAP=0.494 | person=0.389 | car=0.524 | bicycle=0.082 | background=0.984
  💾 Meilleur JOINT sauvegardé (val mAP=0.494)
[JOINT]  25/30 | train loss=0.4846 mAP=0.496 | val loss=0.7827 mAP=0.495 | person=0.389 | car=0.524 | bicycle=0.082 | background=0.984
  💾 Meilleur JOINT sauvegardé (val mAP=0.495)
[JOINT]  26/30 | train loss=0.4843 mAP=0.497 | val loss=0.7826 mAP=0.495 | person=0.389 | car=0.524 | bicycle=0.082 | background=0.984
  💾 Meilleur JOINT sauvegardé (val mAP=0.495)
[JOINT]  27/30 | train loss=0.4841 mAP=0.497 | val loss=0.7833 mAP=0.495 | person=0.389 | car=0.524 | bicycle=0.082 | background=0.984
  💾 Meilleur JOINT sauvegardé (val mAP=0.495)
[JOINT]  28/30 | train loss=0.4840 mAP=0.497 | val loss=0.7829 mAP=0.495 | person=0.389 | car=0.524 | bicycle=0.082 | background=0.984
  💾 Meilleur JOINT sauvegardé (val mAP=0.495)
[JOINT]  29/30 | train loss=0.4839 mAP=0.497 | val loss=0.7831 mAP=0.495 | person=0.389 | car=0.524 | bicycle=0.082 | background=0.984
  💾 Meilleur JOINT sauvegardé (val mAP=0.495)
[JOINT]  30/30 | train loss=0.4839 mAP=0.497 | val loss=0.7831 mAP=0.495 | person=0.389 | car=0.524 | bicycle=0.082 | background=0.984
  💾 Meilleur JOINT sauvegardé (val mAP=0.495)
  📊 Courbe ROC sauvegardée : /home/2023029/PARTAGE/abelgh02/logs/lemumo/lemumo_vits16_llvip-kaistfull04_ep600_bs64_lamb0.1/probings_latest_runs10_cropsize224/roc_curve_joint.png

✨ SCORES ROC FINAUX POUR JOINT (Meilleure Époque) :
METRIC_AUC_JOINT_PERSON: 0.8896
METRIC_AUC_JOINT_CAR: 0.9166
METRIC_AUC_JOINT_BICYCLE: 0.8911
METRIC_AUC_JOINT_BACKGROUND: 0.9294

=======================================================
  RÉSUMÉ FINAL — Linear Probing JEPA sur FLIR Aligned
=======================================================
  RGB   │ █████████████                  │ mAP=0.446
  IR    │ ██████████████                 │ mAP=0.476
  BOTH  │ ██████████████                 │ mAP=0.499
  JOINT │ ██████████████                 │ mAP=0.495
=======================================================

✅ mAP RGB ≈ mAP IR (gap < 5%) → le target_encoder aligne bien les deux modalités.
ℹ️  La fusion apporte +0.023 → les modalités restent complémentaires.

▶️  RUN 5/10 | cuda:0 | Seed: 47

=======================================================
  Linear Probing OFFLINE — mode : RGB
=======================================================
[train] mode=rgb | 4129 images (0 ignorées) | person=23408 patches | car=70689 patches | bicycle=6911 patches | background=718426 patches
[val] mode=rgb | 1013 images (0 ignorées) | person=15537 patches | car=21472 patches | bicycle=1588 patches | background=163479 patches
✅ Le MuMo encoder chargé depuis /home/2023029/PARTAGE/abelgh02/logs/lemumo/lemumo_vits16_llvip-kaistfull04_ep600_bs64_lamb0.1/latest.pt (run lemumo_vits16_llvip-kaistfull04_ep600_bs64_lamb0.1, variant=prune_after_first, ViT-small)
  ⚡ Features déjà extraites trouvées : chargement depuis /home/2023029/PARTAGE/abelgh02/logs/lemumo/lemumo_vits16_llvip-kaistfull04_ep600_bs64_lamb0.1/probings_latest_runs10_cropsize224/rgb_train_features_tbmTrue.pt
  ⚡ Features déjà extraites trouvées : chargement depuis /home/2023029/PARTAGE/abelgh02/logs/lemumo/lemumo_vits16_llvip-kaistfull04_ep600_bs64_lamb0.1/probings_latest_runs10_cropsize224/rgb_val_features_tbmTrue.pt
🔒 Graine aléatoire fixée à : 47
[RGB]   1/30 | train loss=0.9023 mAP=0.341 | val loss=1.0530 mAP=0.399 | person=0.237 | car=0.358 | bicycle=0.036 | background=0.965
  💾 Meilleur RGB sauvegardé (val mAP=0.399)
[RGB]   2/30 | train loss=0.7435 mAP=0.378 | val loss=0.9745 mAP=0.412 | person=0.249 | car=0.390 | bicycle=0.038 | background=0.969
  💾 Meilleur RGB sauvegardé (val mAP=0.412)
[RGB]   3/30 | train loss=0.6814 mAP=0.392 | val loss=0.9454 mAP=0.419 | person=0.256 | car=0.410 | bicycle=0.040 | background=0.972
  💾 Meilleur RGB sauvegardé (val mAP=0.419)
[RGB]   4/30 | train loss=0.6489 mAP=0.401 | val loss=0.9295 mAP=0.424 | person=0.261 | car=0.423 | bicycle=0.040 | background=0.973
  💾 Meilleur RGB sauvegardé (val mAP=0.424)
[RGB]   5/30 | train loss=0.6274 mAP=0.408 | val loss=0.9213 mAP=0.428 | person=0.264 | car=0.433 | bicycle=0.041 | background=0.975
  💾 Meilleur RGB sauvegardé (val mAP=0.428)
[RGB]   6/30 | train loss=0.6125 mAP=0.412 | val loss=0.9055 mAP=0.431 | person=0.266 | car=0.440 | bicycle=0.041 | background=0.976
  💾 Meilleur RGB sauvegardé (val mAP=0.431)
[RGB]   7/30 | train loss=0.6015 mAP=0.416 | val loss=0.9089 mAP=0.433 | person=0.269 | car=0.446 | bicycle=0.041 | background=0.976
  💾 Meilleur RGB sauvegardé (val mAP=0.433)
[RGB]   8/30 | train loss=0.5933 mAP=0.418 | val loss=0.9050 mAP=0.435 | person=0.271 | car=0.452 | bicycle=0.042 | background=0.977
  💾 Meilleur RGB sauvegardé (val mAP=0.435)
[RGB]   9/30 | train loss=0.5860 mAP=0.421 | val loss=0.8903 mAP=0.437 | person=0.272 | car=0.457 | bicycle=0.042 | background=0.977
  💾 Meilleur RGB sauvegardé (val mAP=0.437)
[RGB]  10/30 | train loss=0.5801 mAP=0.424 | val loss=0.8885 mAP=0.438 | person=0.273 | car=0.460 | bicycle=0.042 | background=0.977
  💾 Meilleur RGB sauvegardé (val mAP=0.438)
[RGB]  11/30 | train loss=0.5754 mAP=0.426 | val loss=0.8928 mAP=0.439 | person=0.274 | car=0.464 | bicycle=0.042 | background=0.978
  💾 Meilleur RGB sauvegardé (val mAP=0.439)
[RGB]  12/30 | train loss=0.5714 mAP=0.427 | val loss=0.8843 mAP=0.441 | person=0.275 | car=0.467 | bicycle=0.042 | background=0.978
  💾 Meilleur RGB sauvegardé (val mAP=0.441)
[RGB]  13/30 | train loss=0.5680 mAP=0.429 | val loss=0.8842 mAP=0.442 | person=0.276 | car=0.469 | bicycle=0.042 | background=0.978
  💾 Meilleur RGB sauvegardé (val mAP=0.442)
[RGB]  14/30 | train loss=0.5650 mAP=0.430 | val loss=0.8880 mAP=0.442 | person=0.277 | car=0.472 | bicycle=0.043 | background=0.978
  💾 Meilleur RGB sauvegardé (val mAP=0.442)
[RGB]  15/30 | train loss=0.5625 mAP=0.432 | val loss=0.8789 mAP=0.443 | person=0.278 | car=0.474 | bicycle=0.043 | background=0.978
  💾 Meilleur RGB sauvegardé (val mAP=0.443)
[RGB]  16/30 | train loss=0.5605 mAP=0.433 | val loss=0.8862 mAP=0.444 | person=0.279 | car=0.476 | bicycle=0.043 | background=0.979
  💾 Meilleur RGB sauvegardé (val mAP=0.444)
[RGB]  17/30 | train loss=0.5585 mAP=0.434 | val loss=0.8707 mAP=0.444 | person=0.279 | car=0.477 | bicycle=0.043 | background=0.979
  💾 Meilleur RGB sauvegardé (val mAP=0.444)
[RGB]  18/30 | train loss=0.5570 mAP=0.434 | val loss=0.8794 mAP=0.445 | person=0.280 | car=0.478 | bicycle=0.043 | background=0.979
  💾 Meilleur RGB sauvegardé (val mAP=0.445)
[RGB]  19/30 | train loss=0.5556 mAP=0.435 | val loss=0.8766 mAP=0.445 | person=0.280 | car=0.479 | bicycle=0.043 | background=0.979
  💾 Meilleur RGB sauvegardé (val mAP=0.445)
[RGB]  20/30 | train loss=0.5547 mAP=0.436 | val loss=0.8772 mAP=0.446 | person=0.280 | car=0.481 | bicycle=0.043 | background=0.979
  💾 Meilleur RGB sauvegardé (val mAP=0.446)
[RGB]  21/30 | train loss=0.5536 mAP=0.436 | val loss=0.8779 mAP=0.446 | person=0.281 | car=0.481 | bicycle=0.043 | background=0.979
  💾 Meilleur RGB sauvegardé (val mAP=0.446)
[RGB]  22/30 | train loss=0.5528 mAP=0.437 | val loss=0.8767 mAP=0.446 | person=0.281 | car=0.482 | bicycle=0.043 | background=0.979
  💾 Meilleur RGB sauvegardé (val mAP=0.446)
[RGB]  23/30 | train loss=0.5522 mAP=0.437 | val loss=0.8757 mAP=0.446 | person=0.281 | car=0.482 | bicycle=0.043 | background=0.979
  💾 Meilleur RGB sauvegardé (val mAP=0.446)
[RGB]  24/30 | train loss=0.5517 mAP=0.437 | val loss=0.8761 mAP=0.447 | person=0.281 | car=0.483 | bicycle=0.043 | background=0.979
  💾 Meilleur RGB sauvegardé (val mAP=0.447)
[RGB]  25/30 | train loss=0.5513 mAP=0.437 | val loss=0.8764 mAP=0.447 | person=0.281 | car=0.483 | bicycle=0.043 | background=0.979
  💾 Meilleur RGB sauvegardé (val mAP=0.447)
[RGB]  26/30 | train loss=0.5510 mAP=0.438 | val loss=0.8762 mAP=0.447 | person=0.281 | car=0.483 | bicycle=0.043 | background=0.979
  💾 Meilleur RGB sauvegardé (val mAP=0.447)
[RGB]  27/30 | train loss=0.5508 mAP=0.438 | val loss=0.8763 mAP=0.447 | person=0.281 | car=0.483 | bicycle=0.043 | background=0.979
  💾 Meilleur RGB sauvegardé (val mAP=0.447)
[RGB]  28/30 | train loss=0.5507 mAP=0.438 | val loss=0.8759 mAP=0.447 | person=0.281 | car=0.483 | bicycle=0.043 | background=0.979
  💾 Meilleur RGB sauvegardé (val mAP=0.447)
[RGB]  29/30 | train loss=0.5506 mAP=0.438 | val loss=0.8758 mAP=0.447 | person=0.281 | car=0.483 | bicycle=0.043 | background=0.979
  💾 Meilleur RGB sauvegardé (val mAP=0.447)
[RGB]  30/30 | train loss=0.5506 mAP=0.438 | val loss=0.8758 mAP=0.447 | person=0.281 | car=0.483 | bicycle=0.043 | background=0.979
  💾 Meilleur RGB sauvegardé (val mAP=0.447)
  📊 Courbe ROC sauvegardée : /home/2023029/PARTAGE/abelgh02/logs/lemumo/lemumo_vits16_llvip-kaistfull04_ep600_bs64_lamb0.1/probings_latest_runs10_cropsize224/roc_curve_rgb.png

✨ SCORES ROC FINAUX POUR RGB (Meilleure Époque) :
METRIC_AUC_RGB_PERSON: 0.8559
METRIC_AUC_RGB_CAR: 0.9046
METRIC_AUC_RGB_BICYCLE: 0.8677
METRIC_AUC_RGB_BACKGROUND: 0.9100

=======================================================
  Linear Probing OFFLINE — mode : IR
=======================================================
[train] mode=ir | 4129 images (0 ignorées) | person=23408 patches | car=70689 patches | bicycle=6911 patches | background=718426 patches
[val] mode=ir | 1013 images (0 ignorées) | person=15537 patches | car=21472 patches | bicycle=1588 patches | background=163479 patches
✅ Le MuMo encoder chargé depuis /home/2023029/PARTAGE/abelgh02/logs/lemumo/lemumo_vits16_llvip-kaistfull04_ep600_bs64_lamb0.1/latest.pt (run lemumo_vits16_llvip-kaistfull04_ep600_bs64_lamb0.1, variant=prune_after_first, ViT-small)
  ⚡ Features déjà extraites trouvées : chargement depuis /home/2023029/PARTAGE/abelgh02/logs/lemumo/lemumo_vits16_llvip-kaistfull04_ep600_bs64_lamb0.1/probings_latest_runs10_cropsize224/ir_train_features_tbmTrue.pt
  ⚡ Features déjà extraites trouvées : chargement depuis /home/2023029/PARTAGE/abelgh02/logs/lemumo/lemumo_vits16_llvip-kaistfull04_ep600_bs64_lamb0.1/probings_latest_runs10_cropsize224/ir_val_features_tbmTrue.pt
🔒 Graine aléatoire fixée à : 47
[IR]   1/30 | train loss=0.8844 mAP=0.361 | val loss=1.0134 mAP=0.414 | person=0.266 | car=0.391 | bicycle=0.035 | background=0.964
  💾 Meilleur IR sauvegardé (val mAP=0.414)
[IR]   2/30 | train loss=0.6985 mAP=0.406 | val loss=0.9205 mAP=0.431 | person=0.304 | car=0.404 | bicycle=0.044 | background=0.971
  💾 Meilleur IR sauvegardé (val mAP=0.431)
[IR]   3/30 | train loss=0.6305 mAP=0.422 | val loss=0.8873 mAP=0.444 | person=0.332 | car=0.416 | bicycle=0.052 | background=0.974
  💾 Meilleur IR sauvegardé (val mAP=0.444)
[IR]   4/30 | train loss=0.5981 mAP=0.433 | val loss=0.8582 mAP=0.451 | person=0.348 | car=0.424 | bicycle=0.057 | background=0.976
  💾 Meilleur IR sauvegardé (val mAP=0.451)
[IR]   5/30 | train loss=0.5785 mAP=0.441 | val loss=0.8467 mAP=0.457 | person=0.358 | car=0.431 | bicycle=0.061 | background=0.977
  💾 Meilleur IR sauvegardé (val mAP=0.457)
[IR]   6/30 | train loss=0.5654 mAP=0.446 | val loss=0.8346 mAP=0.461 | person=0.365 | car=0.436 | bicycle=0.064 | background=0.978
  💾 Meilleur IR sauvegardé (val mAP=0.461)
[IR]   7/30 | train loss=0.5556 mAP=0.450 | val loss=0.8261 mAP=0.463 | person=0.369 | car=0.441 | bicycle=0.065 | background=0.978
  💾 Meilleur IR sauvegardé (val mAP=0.463)
[IR]   8/30 | train loss=0.5479 mAP=0.454 | val loss=0.8316 mAP=0.466 | person=0.372 | car=0.445 | bicycle=0.067 | background=0.979
  💾 Meilleur IR sauvegardé (val mAP=0.466)
[IR]   9/30 | train loss=0.5417 mAP=0.456 | val loss=0.8148 mAP=0.467 | person=0.374 | car=0.448 | bicycle=0.068 | background=0.979
  💾 Meilleur IR sauvegardé (val mAP=0.467)
[IR]  10/30 | train loss=0.5368 mAP=0.459 | val loss=0.8196 mAP=0.469 | person=0.376 | car=0.451 | bicycle=0.069 | background=0.979
  💾 Meilleur IR sauvegardé (val mAP=0.469)
[IR]  11/30 | train loss=0.5324 mAP=0.461 | val loss=0.8176 mAP=0.470 | person=0.377 | car=0.455 | bicycle=0.069 | background=0.980
  💾 Meilleur IR sauvegardé (val mAP=0.470)
[IR]  12/30 | train loss=0.5288 mAP=0.463 | val loss=0.8129 mAP=0.471 | person=0.379 | car=0.455 | bicycle=0.070 | background=0.980
  💾 Meilleur IR sauvegardé (val mAP=0.471)
[IR]  13/30 | train loss=0.5259 mAP=0.464 | val loss=0.8111 mAP=0.472 | person=0.379 | car=0.458 | bicycle=0.070 | background=0.980
  💾 Meilleur IR sauvegardé (val mAP=0.472)
[IR]  14/30 | train loss=0.5231 mAP=0.466 | val loss=0.8128 mAP=0.473 | person=0.380 | car=0.460 | bicycle=0.070 | background=0.980
  💾 Meilleur IR sauvegardé (val mAP=0.473)
[IR]  15/30 | train loss=0.5210 mAP=0.467 | val loss=0.8076 mAP=0.473 | person=0.381 | car=0.460 | bicycle=0.070 | background=0.980
  💾 Meilleur IR sauvegardé (val mAP=0.473)
[IR]  16/30 | train loss=0.5191 mAP=0.468 | val loss=0.8086 mAP=0.474 | person=0.381 | car=0.462 | bicycle=0.070 | background=0.980
  💾 Meilleur IR sauvegardé (val mAP=0.474)
[IR]  17/30 | train loss=0.5173 mAP=0.468 | val loss=0.8070 mAP=0.474 | person=0.382 | car=0.463 | bicycle=0.071 | background=0.980
  💾 Meilleur IR sauvegardé (val mAP=0.474)
[IR]  18/30 | train loss=0.5158 mAP=0.469 | val loss=0.8056 mAP=0.474 | person=0.382 | car=0.464 | bicycle=0.071 | background=0.980
  💾 Meilleur IR sauvegardé (val mAP=0.474)
[IR]  19/30 | train loss=0.5146 mAP=0.470 | val loss=0.8041 mAP=0.474 | person=0.382 | car=0.465 | bicycle=0.071 | background=0.980
  💾 Meilleur IR sauvegardé (val mAP=0.474)
[IR]  20/30 | train loss=0.5136 mAP=0.470 | val loss=0.8044 mAP=0.475 | person=0.382 | car=0.465 | bicycle=0.071 | background=0.980
  💾 Meilleur IR sauvegardé (val mAP=0.475)
[IR]  21/30 | train loss=0.5128 mAP=0.471 | val loss=0.8049 mAP=0.475 | person=0.382 | car=0.466 | bicycle=0.071 | background=0.980
  💾 Meilleur IR sauvegardé (val mAP=0.475)
[IR]  22/30 | train loss=0.5121 mAP=0.471 | val loss=0.8017 mAP=0.475 | person=0.382 | car=0.466 | bicycle=0.071 | background=0.980
  💾 Meilleur IR sauvegardé (val mAP=0.475)
[IR]  23/30 | train loss=0.5115 mAP=0.471 | val loss=0.8018 mAP=0.475 | person=0.383 | car=0.466 | bicycle=0.071 | background=0.981
  💾 Meilleur IR sauvegardé (val mAP=0.475)
[IR]  24/30 | train loss=0.5111 mAP=0.472 | val loss=0.8022 mAP=0.475 | person=0.383 | car=0.466 | bicycle=0.071 | background=0.981
  💾 Meilleur IR sauvegardé (val mAP=0.475)
[IR]  25/30 | train loss=0.5107 mAP=0.472 | val loss=0.8015 mAP=0.475 | person=0.383 | car=0.467 | bicycle=0.071 | background=0.981
  💾 Meilleur IR sauvegardé (val mAP=0.475)
[IR]  26/30 | train loss=0.5104 mAP=0.472 | val loss=0.8013 mAP=0.475 | person=0.383 | car=0.467 | bicycle=0.071 | background=0.981
  💾 Meilleur IR sauvegardé (val mAP=0.475)
[IR]  27/30 | train loss=0.5103 mAP=0.472 | val loss=0.8020 mAP=0.475 | person=0.383 | car=0.467 | bicycle=0.071 | background=0.981
  💾 Meilleur IR sauvegardé (val mAP=0.475)
[IR]  28/30 | train loss=0.5101 mAP=0.472 | val loss=0.8019 mAP=0.475 | person=0.383 | car=0.467 | bicycle=0.071 | background=0.981
  💾 Meilleur IR sauvegardé (val mAP=0.475)
[IR]  29/30 | train loss=0.5101 mAP=0.472 | val loss=0.8019 mAP=0.475 | person=0.383 | car=0.467 | bicycle=0.071 | background=0.981
  💾 Meilleur IR sauvegardé (val mAP=0.475)
[IR]  30/30 | train loss=0.5101 mAP=0.472 | val loss=0.8019 mAP=0.475 | person=0.383 | car=0.467 | bicycle=0.071 | background=0.981
  💾 Meilleur IR sauvegardé (val mAP=0.475)
  📊 Courbe ROC sauvegardée : /home/2023029/PARTAGE/abelgh02/logs/lemumo/lemumo_vits16_llvip-kaistfull04_ep600_bs64_lamb0.1/probings_latest_runs10_cropsize224/roc_curve_ir.png

✨ SCORES ROC FINAUX POUR IR (Meilleure Époque) :
METRIC_AUC_IR_PERSON: 0.8856
METRIC_AUC_IR_CAR: 0.8978
METRIC_AUC_IR_BICYCLE: 0.8857
METRIC_AUC_IR_BACKGROUND: 0.9169

=======================================================
  Linear Probing OFFLINE — mode : BOTH
=======================================================
[train] mode=both | 4129 images (0 ignorées) | person=23408 patches | car=70689 patches | bicycle=6911 patches | background=718426 patches
[val] mode=both | 1013 images (0 ignorées) | person=15537 patches | car=21472 patches | bicycle=1588 patches | background=163479 patches
✅ Le MuMo encoder chargé depuis /home/2023029/PARTAGE/abelgh02/logs/lemumo/lemumo_vits16_llvip-kaistfull04_ep600_bs64_lamb0.1/latest.pt (run lemumo_vits16_llvip-kaistfull04_ep600_bs64_lamb0.1, variant=prune_after_first, ViT-small)
  ⚡ Features déjà extraites trouvées : chargement depuis /home/2023029/PARTAGE/abelgh02/logs/lemumo/lemumo_vits16_llvip-kaistfull04_ep600_bs64_lamb0.1/probings_latest_runs10_cropsize224/both_train_features_tbmTrue.pt
  ⚡ Features déjà extraites trouvées : chargement depuis /home/2023029/PARTAGE/abelgh02/logs/lemumo/lemumo_vits16_llvip-kaistfull04_ep600_bs64_lamb0.1/probings_latest_runs10_cropsize224/both_val_features_tbmTrue.pt
🔒 Graine aléatoire fixée à : 47
[BOTH]   1/30 | train loss=0.7980 mAP=0.386 | val loss=0.9085 mAP=0.441 | person=0.292 | car=0.448 | bicycle=0.051 | background=0.974
  💾 Meilleur BOTH sauvegardé (val mAP=0.441)
[BOTH]   2/30 | train loss=0.5968 mAP=0.438 | val loss=0.8531 mAP=0.460 | person=0.337 | car=0.464 | bicycle=0.061 | background=0.979
  💾 Meilleur BOTH sauvegardé (val mAP=0.460)
[BOTH]   3/30 | train loss=0.5471 mAP=0.459 | val loss=0.8200 mAP=0.471 | person=0.359 | car=0.479 | bicycle=0.067 | background=0.981
  💾 Meilleur BOTH sauvegardé (val mAP=0.471)
[BOTH]   4/30 | train loss=0.5241 mAP=0.473 | val loss=0.7919 mAP=0.478 | person=0.371 | car=0.490 | bicycle=0.069 | background=0.982
  💾 Meilleur BOTH sauvegardé (val mAP=0.478)
[BOTH]   5/30 | train loss=0.5089 mAP=0.481 | val loss=0.8001 mAP=0.482 | person=0.377 | car=0.498 | bicycle=0.070 | background=0.982
  💾 Meilleur BOTH sauvegardé (val mAP=0.482)
[BOTH]   6/30 | train loss=0.4985 mAP=0.488 | val loss=0.7846 mAP=0.486 | person=0.383 | car=0.506 | bicycle=0.071 | background=0.983
  💾 Meilleur BOTH sauvegardé (val mAP=0.486)
[BOTH]   7/30 | train loss=0.4902 mAP=0.493 | val loss=0.7731 mAP=0.488 | person=0.385 | car=0.512 | bicycle=0.071 | background=0.983
  💾 Meilleur BOTH sauvegardé (val mAP=0.488)
[BOTH]   8/30 | train loss=0.4840 mAP=0.497 | val loss=0.7798 mAP=0.490 | person=0.388 | car=0.517 | bicycle=0.071 | background=0.984
  💾 Meilleur BOTH sauvegardé (val mAP=0.490)
[BOTH]   9/30 | train loss=0.4784 mAP=0.500 | val loss=0.7801 mAP=0.492 | person=0.389 | car=0.522 | bicycle=0.072 | background=0.984
  💾 Meilleur BOTH sauvegardé (val mAP=0.492)
[BOTH]  10/30 | train loss=0.4743 mAP=0.503 | val loss=0.7645 mAP=0.493 | person=0.391 | car=0.525 | bicycle=0.072 | background=0.984
  💾 Meilleur BOTH sauvegardé (val mAP=0.493)
[BOTH]  11/30 | train loss=0.4702 mAP=0.506 | val loss=0.7696 mAP=0.494 | person=0.392 | car=0.528 | bicycle=0.072 | background=0.984
  💾 Meilleur BOTH sauvegardé (val mAP=0.494)
[BOTH]  12/30 | train loss=0.4673 mAP=0.507 | val loss=0.7599 mAP=0.495 | person=0.391 | car=0.532 | bicycle=0.072 | background=0.984
  💾 Meilleur BOTH sauvegardé (val mAP=0.495)
[BOTH]  13/30 | train loss=0.4647 mAP=0.509 | val loss=0.7695 mAP=0.496 | person=0.393 | car=0.533 | bicycle=0.072 | background=0.984
  💾 Meilleur BOTH sauvegardé (val mAP=0.496)
[BOTH]  14/30 | train loss=0.4622 mAP=0.511 | val loss=0.7721 mAP=0.497 | person=0.395 | car=0.536 | bicycle=0.072 | background=0.985
  💾 Meilleur BOTH sauvegardé (val mAP=0.497)
[BOTH]  15/30 | train loss=0.4602 mAP=0.512 | val loss=0.7629 mAP=0.497 | person=0.395 | car=0.538 | bicycle=0.072 | background=0.985
  💾 Meilleur BOTH sauvegardé (val mAP=0.497)
[BOTH]  16/30 | train loss=0.4585 mAP=0.513 | val loss=0.7580 mAP=0.498 | person=0.395 | car=0.539 | bicycle=0.073 | background=0.985
  💾 Meilleur BOTH sauvegardé (val mAP=0.498)
[BOTH]  17/30 | train loss=0.4568 mAP=0.515 | val loss=0.7724 mAP=0.499 | person=0.396 | car=0.541 | bicycle=0.073 | background=0.985
  💾 Meilleur BOTH sauvegardé (val mAP=0.499)
[BOTH]  18/30 | train loss=0.4556 mAP=0.515 | val loss=0.7507 mAP=0.499 | person=0.395 | car=0.542 | bicycle=0.073 | background=0.985
[BOTH]  19/30 | train loss=0.4545 mAP=0.516 | val loss=0.7592 mAP=0.499 | person=0.396 | car=0.543 | bicycle=0.073 | background=0.985
  💾 Meilleur BOTH sauvegardé (val mAP=0.499)
[BOTH]  20/30 | train loss=0.4539 mAP=0.516 | val loss=0.7554 mAP=0.499 | person=0.396 | car=0.544 | bicycle=0.073 | background=0.985
  💾 Meilleur BOTH sauvegardé (val mAP=0.499)
[BOTH]  21/30 | train loss=0.4528 mAP=0.517 | val loss=0.7668 mAP=0.500 | person=0.397 | car=0.545 | bicycle=0.073 | background=0.985
  💾 Meilleur BOTH sauvegardé (val mAP=0.500)
[BOTH]  22/30 | train loss=0.4521 mAP=0.518 | val loss=0.7559 mAP=0.500 | person=0.396 | car=0.545 | bicycle=0.073 | background=0.985
[BOTH]  23/30 | train loss=0.4515 mAP=0.518 | val loss=0.7583 mAP=0.500 | person=0.396 | car=0.546 | bicycle=0.073 | background=0.985
  💾 Meilleur BOTH sauvegardé (val mAP=0.500)
[BOTH]  24/30 | train loss=0.4510 mAP=0.518 | val loss=0.7580 mAP=0.500 | person=0.396 | car=0.546 | bicycle=0.073 | background=0.985
  💾 Meilleur BOTH sauvegardé (val mAP=0.500)
[BOTH]  25/30 | train loss=0.4507 mAP=0.519 | val loss=0.7579 mAP=0.500 | person=0.396 | car=0.546 | bicycle=0.073 | background=0.985
  💾 Meilleur BOTH sauvegardé (val mAP=0.500)
[BOTH]  26/30 | train loss=0.4505 mAP=0.519 | val loss=0.7568 mAP=0.500 | person=0.397 | car=0.546 | bicycle=0.073 | background=0.985
  💾 Meilleur BOTH sauvegardé (val mAP=0.500)
[BOTH]  27/30 | train loss=0.4503 mAP=0.519 | val loss=0.7566 mAP=0.500 | person=0.397 | car=0.546 | bicycle=0.073 | background=0.985
  💾 Meilleur BOTH sauvegardé (val mAP=0.500)
[BOTH]  28/30 | train loss=0.4502 mAP=0.519 | val loss=0.7568 mAP=0.500 | person=0.397 | car=0.546 | bicycle=0.073 | background=0.985
  💾 Meilleur BOTH sauvegardé (val mAP=0.500)
[BOTH]  29/30 | train loss=0.4501 mAP=0.519 | val loss=0.7569 mAP=0.500 | person=0.397 | car=0.546 | bicycle=0.073 | background=0.985
  💾 Meilleur BOTH sauvegardé (val mAP=0.500)
[BOTH]  30/30 | train loss=0.4501 mAP=0.519 | val loss=0.7569 mAP=0.500 | person=0.397 | car=0.546 | bicycle=0.073 | background=0.985
  💾 Meilleur BOTH sauvegardé (val mAP=0.500)
  📊 Courbe ROC sauvegardée : /home/2023029/PARTAGE/abelgh02/logs/lemumo/lemumo_vits16_llvip-kaistfull04_ep600_bs64_lamb0.1/probings_latest_runs10_cropsize224/roc_curve_both.png

✨ SCORES ROC FINAUX POUR BOTH (Meilleure Époque) :
METRIC_AUC_BOTH_PERSON: 0.8949
METRIC_AUC_BOTH_CAR: 0.9233
METRIC_AUC_BOTH_BICYCLE: 0.8984
METRIC_AUC_BOTH_BACKGROUND: 0.9347

=======================================================
  Linear Probing OFFLINE — mode : JOINT
=======================================================
[train] mode=joint | 4129 images (0 ignorées) | person=23408 patches | car=70689 patches | bicycle=6911 patches | background=718426 patches
[val] mode=joint | 1013 images (0 ignorées) | person=15537 patches | car=21472 patches | bicycle=1588 patches | background=163479 patches
✅ Le MuMo encoder chargé depuis /home/2023029/PARTAGE/abelgh02/logs/lemumo/lemumo_vits16_llvip-kaistfull04_ep600_bs64_lamb0.1/latest.pt (run lemumo_vits16_llvip-kaistfull04_ep600_bs64_lamb0.1, variant=prune_after_first, ViT-small)
  ⚡ Features déjà extraites trouvées : chargement depuis /home/2023029/PARTAGE/abelgh02/logs/lemumo/lemumo_vits16_llvip-kaistfull04_ep600_bs64_lamb0.1/probings_latest_runs10_cropsize224/joint_train_features_tbmTrue.pt
  ⚡ Features déjà extraites trouvées : chargement depuis /home/2023029/PARTAGE/abelgh02/logs/lemumo/lemumo_vits16_llvip-kaistfull04_ep600_bs64_lamb0.1/probings_latest_runs10_cropsize224/joint_val_features_tbmTrue.pt
🔒 Graine aléatoire fixée à : 47
[JOINT]   1/30 | train loss=0.8592 mAP=0.364 | val loss=0.9647 mAP=0.421 | person=0.268 | car=0.411 | bicycle=0.039 | background=0.969
  💾 Meilleur JOINT sauvegardé (val mAP=0.421)
[JOINT]   2/30 | train loss=0.6675 mAP=0.416 | val loss=0.8829 mAP=0.443 | person=0.309 | car=0.439 | bicycle=0.050 | background=0.976
  💾 Meilleur JOINT sauvegardé (val mAP=0.443)
[JOINT]   3/30 | train loss=0.6023 mAP=0.436 | val loss=0.8521 mAP=0.459 | person=0.338 | car=0.457 | bicycle=0.061 | background=0.978
  💾 Meilleur JOINT sauvegardé (val mAP=0.459)
[JOINT]   4/30 | train loss=0.5715 mAP=0.448 | val loss=0.8301 mAP=0.468 | person=0.354 | car=0.470 | bicycle=0.069 | background=0.980
  💾 Meilleur JOINT sauvegardé (val mAP=0.468)
[JOINT]   5/30 | train loss=0.5529 mAP=0.457 | val loss=0.8198 mAP=0.474 | person=0.363 | car=0.480 | bicycle=0.074 | background=0.981
  💾 Meilleur JOINT sauvegardé (val mAP=0.474)
[JOINT]   6/30 | train loss=0.5399 mAP=0.464 | val loss=0.8070 mAP=0.479 | person=0.369 | car=0.487 | bicycle=0.077 | background=0.981
  💾 Meilleur JOINT sauvegardé (val mAP=0.479)
[JOINT]   7/30 | train loss=0.5301 mAP=0.469 | val loss=0.8075 mAP=0.482 | person=0.373 | car=0.494 | bicycle=0.079 | background=0.982
  💾 Meilleur JOINT sauvegardé (val mAP=0.482)
[JOINT]   8/30 | train loss=0.5224 mAP=0.473 | val loss=0.8025 mAP=0.484 | person=0.376 | car=0.499 | bicycle=0.079 | background=0.982
  💾 Meilleur JOINT sauvegardé (val mAP=0.484)
[JOINT]   9/30 | train loss=0.5164 mAP=0.476 | val loss=0.7941 mAP=0.486 | person=0.379 | car=0.503 | bicycle=0.081 | background=0.983
  💾 Meilleur JOINT sauvegardé (val mAP=0.486)
[JOINT]  10/30 | train loss=0.5111 mAP=0.479 | val loss=0.7947 mAP=0.488 | person=0.381 | car=0.507 | bicycle=0.081 | background=0.983
  💾 Meilleur JOINT sauvegardé (val mAP=0.488)
[JOINT]  11/30 | train loss=0.5068 mAP=0.482 | val loss=0.7926 mAP=0.489 | person=0.383 | car=0.510 | bicycle=0.081 | background=0.983
  💾 Meilleur JOINT sauvegardé (val mAP=0.489)
[JOINT]  12/30 | train loss=0.5030 mAP=0.484 | val loss=0.7875 mAP=0.490 | person=0.384 | car=0.511 | bicycle=0.081 | background=0.983
  💾 Meilleur JOINT sauvegardé (val mAP=0.490)
[JOINT]  13/30 | train loss=0.4998 mAP=0.486 | val loss=0.7857 mAP=0.491 | person=0.385 | car=0.514 | bicycle=0.081 | background=0.983
  💾 Meilleur JOINT sauvegardé (val mAP=0.491)
[JOINT]  14/30 | train loss=0.4972 mAP=0.488 | val loss=0.7898 mAP=0.492 | person=0.387 | car=0.516 | bicycle=0.081 | background=0.983
  💾 Meilleur JOINT sauvegardé (val mAP=0.492)
[JOINT]  15/30 | train loss=0.4948 mAP=0.490 | val loss=0.7822 mAP=0.492 | person=0.388 | car=0.517 | bicycle=0.081 | background=0.983
  💾 Meilleur JOINT sauvegardé (val mAP=0.492)
[JOINT]  16/30 | train loss=0.4928 mAP=0.491 | val loss=0.7814 mAP=0.493 | person=0.388 | car=0.518 | bicycle=0.081 | background=0.983
  💾 Meilleur JOINT sauvegardé (val mAP=0.493)
[JOINT]  17/30 | train loss=0.4910 mAP=0.492 | val loss=0.7817 mAP=0.493 | person=0.389 | car=0.520 | bicycle=0.081 | background=0.984
  💾 Meilleur JOINT sauvegardé (val mAP=0.493)
[JOINT]  18/30 | train loss=0.4895 mAP=0.493 | val loss=0.7822 mAP=0.494 | person=0.389 | car=0.520 | bicycle=0.081 | background=0.984
  💾 Meilleur JOINT sauvegardé (val mAP=0.494)
[JOINT]  19/30 | train loss=0.4883 mAP=0.494 | val loss=0.7814 mAP=0.494 | person=0.390 | car=0.521 | bicycle=0.081 | background=0.984
  💾 Meilleur JOINT sauvegardé (val mAP=0.494)
[JOINT]  20/30 | train loss=0.4872 mAP=0.494 | val loss=0.7804 mAP=0.494 | person=0.390 | car=0.522 | bicycle=0.081 | background=0.984
  💾 Meilleur JOINT sauvegardé (val mAP=0.494)
[JOINT]  21/30 | train loss=0.4863 mAP=0.495 | val loss=0.7817 mAP=0.494 | person=0.390 | car=0.522 | bicycle=0.081 | background=0.984
  💾 Meilleur JOINT sauvegardé (val mAP=0.494)
[JOINT]  22/30 | train loss=0.4856 mAP=0.495 | val loss=0.7790 mAP=0.495 | person=0.391 | car=0.523 | bicycle=0.081 | background=0.984
  💾 Meilleur JOINT sauvegardé (val mAP=0.495)
[JOINT]  23/30 | train loss=0.4850 mAP=0.496 | val loss=0.7786 mAP=0.495 | person=0.391 | car=0.523 | bicycle=0.081 | background=0.984
  💾 Meilleur JOINT sauvegardé (val mAP=0.495)
[JOINT]  24/30 | train loss=0.4845 mAP=0.496 | val loss=0.7801 mAP=0.495 | person=0.391 | car=0.523 | bicycle=0.081 | background=0.984
  💾 Meilleur JOINT sauvegardé (val mAP=0.495)
[JOINT]  25/30 | train loss=0.4842 mAP=0.496 | val loss=0.7791 mAP=0.495 | person=0.391 | car=0.524 | bicycle=0.081 | background=0.984
  💾 Meilleur JOINT sauvegardé (val mAP=0.495)
[JOINT]  26/30 | train loss=0.4839 mAP=0.497 | val loss=0.7788 mAP=0.495 | person=0.391 | car=0.524 | bicycle=0.081 | background=0.984
  💾 Meilleur JOINT sauvegardé (val mAP=0.495)
[JOINT]  27/30 | train loss=0.4837 mAP=0.497 | val loss=0.7787 mAP=0.495 | person=0.391 | car=0.524 | bicycle=0.081 | background=0.984
  💾 Meilleur JOINT sauvegardé (val mAP=0.495)
[JOINT]  28/30 | train loss=0.4836 mAP=0.497 | val loss=0.7787 mAP=0.495 | person=0.391 | car=0.524 | bicycle=0.081 | background=0.984
  💾 Meilleur JOINT sauvegardé (val mAP=0.495)
[JOINT]  29/30 | train loss=0.4835 mAP=0.497 | val loss=0.7787 mAP=0.495 | person=0.391 | car=0.524 | bicycle=0.081 | background=0.984
  💾 Meilleur JOINT sauvegardé (val mAP=0.495)
[JOINT]  30/30 | train loss=0.4835 mAP=0.497 | val loss=0.7787 mAP=0.495 | person=0.391 | car=0.524 | bicycle=0.081 | background=0.984
  💾 Meilleur JOINT sauvegardé (val mAP=0.495)
  📊 Courbe ROC sauvegardée : /home/2023029/PARTAGE/abelgh02/logs/lemumo/lemumo_vits16_llvip-kaistfull04_ep600_bs64_lamb0.1/probings_latest_runs10_cropsize224/roc_curve_joint.png

✨ SCORES ROC FINAUX POUR JOINT (Meilleure Époque) :
METRIC_AUC_JOINT_PERSON: 0.8901
METRIC_AUC_JOINT_CAR: 0.9166
METRIC_AUC_JOINT_BICYCLE: 0.8916
METRIC_AUC_JOINT_BACKGROUND: 0.9292

=======================================================
  RÉSUMÉ FINAL — Linear Probing JEPA sur FLIR Aligned
=======================================================
  RGB   │ █████████████                  │ mAP=0.447
  IR    │ ██████████████                 │ mAP=0.475
  BOTH  │ ███████████████                │ mAP=0.500
  JOINT │ ██████████████                 │ mAP=0.495
=======================================================

✅ mAP RGB ≈ mAP IR (gap < 5%) → le target_encoder aligne bien les deux modalités.
ℹ️  La fusion apporte +0.025 → les modalités restent complémentaires.

▶️  RUN 6/10 | cuda:0 | Seed: 48

=======================================================
  Linear Probing OFFLINE — mode : RGB
=======================================================
[train] mode=rgb | 4129 images (0 ignorées) | person=23408 patches | car=70689 patches | bicycle=6911 patches | background=718426 patches
[val] mode=rgb | 1013 images (0 ignorées) | person=15537 patches | car=21472 patches | bicycle=1588 patches | background=163479 patches
✅ Le MuMo encoder chargé depuis /home/2023029/PARTAGE/abelgh02/logs/lemumo/lemumo_vits16_llvip-kaistfull04_ep600_bs64_lamb0.1/latest.pt (run lemumo_vits16_llvip-kaistfull04_ep600_bs64_lamb0.1, variant=prune_after_first, ViT-small)
  ⚡ Features déjà extraites trouvées : chargement depuis /home/2023029/PARTAGE/abelgh02/logs/lemumo/lemumo_vits16_llvip-kaistfull04_ep600_bs64_lamb0.1/probings_latest_runs10_cropsize224/rgb_train_features_tbmTrue.pt
  ⚡ Features déjà extraites trouvées : chargement depuis /home/2023029/PARTAGE/abelgh02/logs/lemumo/lemumo_vits16_llvip-kaistfull04_ep600_bs64_lamb0.1/probings_latest_runs10_cropsize224/rgb_val_features_tbmTrue.pt
🔒 Graine aléatoire fixée à : 48
[RGB]   1/30 | train loss=0.8853 mAP=0.348 | val loss=1.0331 mAP=0.405 | person=0.237 | car=0.382 | bicycle=0.036 | background=0.964
  💾 Meilleur RGB sauvegardé (val mAP=0.405)
[RGB]   2/30 | train loss=0.7339 mAP=0.381 | val loss=0.9741 mAP=0.415 | person=0.250 | car=0.403 | bicycle=0.039 | background=0.969
  💾 Meilleur RGB sauvegardé (val mAP=0.415)
[RGB]   3/30 | train loss=0.6746 mAP=0.394 | val loss=0.9289 mAP=0.422 | person=0.257 | car=0.417 | bicycle=0.040 | background=0.972
  💾 Meilleur RGB sauvegardé (val mAP=0.422)
[RGB]   4/30 | train loss=0.6428 mAP=0.403 | val loss=0.9123 mAP=0.426 | person=0.261 | car=0.428 | bicycle=0.041 | background=0.973
  💾 Meilleur RGB sauvegardé (val mAP=0.426)
[RGB]   5/30 | train loss=0.6234 mAP=0.408 | val loss=0.9034 mAP=0.429 | person=0.265 | car=0.437 | bicycle=0.041 | background=0.975
  💾 Meilleur RGB sauvegardé (val mAP=0.429)
[RGB]   6/30 | train loss=0.6090 mAP=0.413 | val loss=0.9067 mAP=0.432 | person=0.267 | car=0.444 | bicycle=0.041 | background=0.976
  💾 Meilleur RGB sauvegardé (val mAP=0.432)
[RGB]   7/30 | train loss=0.5981 mAP=0.416 | val loss=0.9001 mAP=0.434 | person=0.269 | car=0.450 | bicycle=0.042 | background=0.976
  💾 Meilleur RGB sauvegardé (val mAP=0.434)
[RGB]   8/30 | train loss=0.5898 mAP=0.419 | val loss=0.8932 mAP=0.436 | person=0.271 | car=0.455 | bicycle=0.042 | background=0.977
  💾 Meilleur RGB sauvegardé (val mAP=0.436)
[RGB]   9/30 | train loss=0.5831 mAP=0.422 | val loss=0.8845 mAP=0.438 | person=0.272 | car=0.459 | bicycle=0.042 | background=0.977
  💾 Meilleur RGB sauvegardé (val mAP=0.438)
[RGB]  10/30 | train loss=0.5777 mAP=0.424 | val loss=0.8918 mAP=0.439 | person=0.273 | car=0.463 | bicycle=0.043 | background=0.977
  💾 Meilleur RGB sauvegardé (val mAP=0.439)
[RGB]  11/30 | train loss=0.5732 mAP=0.426 | val loss=0.8893 mAP=0.440 | person=0.275 | car=0.467 | bicycle=0.043 | background=0.978
  💾 Meilleur RGB sauvegardé (val mAP=0.440)
[RGB]  12/30 | train loss=0.5694 mAP=0.428 | val loss=0.8676 mAP=0.441 | person=0.275 | car=0.470 | bicycle=0.043 | background=0.978
  💾 Meilleur RGB sauvegardé (val mAP=0.441)
[RGB]  13/30 | train loss=0.5660 mAP=0.430 | val loss=0.8809 mAP=0.442 | person=0.277 | car=0.472 | bicycle=0.043 | background=0.978
  💾 Meilleur RGB sauvegardé (val mAP=0.442)
[RGB]  14/30 | train loss=0.5633 mAP=0.431 | val loss=0.8967 mAP=0.443 | person=0.278 | car=0.474 | bicycle=0.043 | background=0.978
  💾 Meilleur RGB sauvegardé (val mAP=0.443)
[RGB]  15/30 | train loss=0.5609 mAP=0.432 | val loss=0.8741 mAP=0.444 | person=0.278 | car=0.476 | bicycle=0.043 | background=0.978
  💾 Meilleur RGB sauvegardé (val mAP=0.444)
[RGB]  16/30 | train loss=0.5587 mAP=0.433 | val loss=0.8722 mAP=0.445 | person=0.279 | car=0.478 | bicycle=0.043 | background=0.979
  💾 Meilleur RGB sauvegardé (val mAP=0.445)
[RGB]  17/30 | train loss=0.5567 mAP=0.434 | val loss=0.8766 mAP=0.445 | person=0.279 | car=0.479 | bicycle=0.044 | background=0.979
  💾 Meilleur RGB sauvegardé (val mAP=0.445)
[RGB]  18/30 | train loss=0.5553 mAP=0.435 | val loss=0.8743 mAP=0.446 | person=0.280 | car=0.481 | bicycle=0.044 | background=0.979
  💾 Meilleur RGB sauvegardé (val mAP=0.446)
[RGB]  19/30 | train loss=0.5540 mAP=0.436 | val loss=0.8772 mAP=0.446 | person=0.280 | car=0.482 | bicycle=0.044 | background=0.979
  💾 Meilleur RGB sauvegardé (val mAP=0.446)
[RGB]  20/30 | train loss=0.5531 mAP=0.436 | val loss=0.8761 mAP=0.446 | person=0.280 | car=0.482 | bicycle=0.044 | background=0.979
  💾 Meilleur RGB sauvegardé (val mAP=0.446)
[RGB]  21/30 | train loss=0.5520 mAP=0.437 | val loss=0.8779 mAP=0.447 | person=0.281 | car=0.483 | bicycle=0.044 | background=0.979
  💾 Meilleur RGB sauvegardé (val mAP=0.447)
[RGB]  22/30 | train loss=0.5512 mAP=0.437 | val loss=0.8730 mAP=0.447 | person=0.281 | car=0.484 | bicycle=0.044 | background=0.979
  💾 Meilleur RGB sauvegardé (val mAP=0.447)
[RGB]  23/30 | train loss=0.5506 mAP=0.438 | val loss=0.8735 mAP=0.447 | person=0.281 | car=0.484 | bicycle=0.044 | background=0.979
  💾 Meilleur RGB sauvegardé (val mAP=0.447)
[RGB]  24/30 | train loss=0.5502 mAP=0.438 | val loss=0.8728 mAP=0.447 | person=0.281 | car=0.484 | bicycle=0.044 | background=0.979
  💾 Meilleur RGB sauvegardé (val mAP=0.447)
[RGB]  25/30 | train loss=0.5498 mAP=0.438 | val loss=0.8720 mAP=0.447 | person=0.281 | car=0.485 | bicycle=0.044 | background=0.979
  💾 Meilleur RGB sauvegardé (val mAP=0.447)
[RGB]  26/30 | train loss=0.5495 mAP=0.438 | val loss=0.8718 mAP=0.447 | person=0.282 | car=0.485 | bicycle=0.044 | background=0.979
  💾 Meilleur RGB sauvegardé (val mAP=0.447)
[RGB]  27/30 | train loss=0.5493 mAP=0.438 | val loss=0.8727 mAP=0.447 | person=0.282 | car=0.485 | bicycle=0.044 | background=0.979
  💾 Meilleur RGB sauvegardé (val mAP=0.447)
[RGB]  28/30 | train loss=0.5492 mAP=0.438 | val loss=0.8729 mAP=0.447 | person=0.282 | car=0.485 | bicycle=0.044 | background=0.979
  💾 Meilleur RGB sauvegardé (val mAP=0.447)
[RGB]  29/30 | train loss=0.5492 mAP=0.438 | val loss=0.8731 mAP=0.447 | person=0.282 | car=0.485 | bicycle=0.044 | background=0.979
  💾 Meilleur RGB sauvegardé (val mAP=0.447)
[RGB]  30/30 | train loss=0.5491 mAP=0.438 | val loss=0.8731 mAP=0.447 | person=0.282 | car=0.485 | bicycle=0.044 | background=0.979
  💾 Meilleur RGB sauvegardé (val mAP=0.447)
  📊 Courbe ROC sauvegardée : /home/2023029/PARTAGE/abelgh02/logs/lemumo/lemumo_vits16_llvip-kaistfull04_ep600_bs64_lamb0.1/probings_latest_runs10_cropsize224/roc_curve_rgb.png

✨ SCORES ROC FINAUX POUR RGB (Meilleure Époque) :
METRIC_AUC_RGB_PERSON: 0.8556
METRIC_AUC_RGB_CAR: 0.9054
METRIC_AUC_RGB_BICYCLE: 0.8688
METRIC_AUC_RGB_BACKGROUND: 0.9102

=======================================================
  Linear Probing OFFLINE — mode : IR
=======================================================
[train] mode=ir | 4129 images (0 ignorées) | person=23408 patches | car=70689 patches | bicycle=6911 patches | background=718426 patches
[val] mode=ir | 1013 images (0 ignorées) | person=15537 patches | car=21472 patches | bicycle=1588 patches | background=163479 patches
✅ Le MuMo encoder chargé depuis /home/2023029/PARTAGE/abelgh02/logs/lemumo/lemumo_vits16_llvip-kaistfull04_ep600_bs64_lamb0.1/latest.pt (run lemumo_vits16_llvip-kaistfull04_ep600_bs64_lamb0.1, variant=prune_after_first, ViT-small)
  ⚡ Features déjà extraites trouvées : chargement depuis /home/2023029/PARTAGE/abelgh02/logs/lemumo/lemumo_vits16_llvip-kaistfull04_ep600_bs64_lamb0.1/probings_latest_runs10_cropsize224/ir_train_features_tbmTrue.pt
  ⚡ Features déjà extraites trouvées : chargement depuis /home/2023029/PARTAGE/abelgh02/logs/lemumo/lemumo_vits16_llvip-kaistfull04_ep600_bs64_lamb0.1/probings_latest_runs10_cropsize224/ir_val_features_tbmTrue.pt
🔒 Graine aléatoire fixée à : 48
[IR]   1/30 | train loss=0.8601 mAP=0.371 | val loss=0.9939 mAP=0.418 | person=0.276 | car=0.389 | bicycle=0.042 | background=0.966
  💾 Meilleur IR sauvegardé (val mAP=0.418)
[IR]   2/30 | train loss=0.6861 mAP=0.412 | val loss=0.9225 mAP=0.433 | person=0.307 | car=0.406 | bicycle=0.047 | background=0.972
  💾 Meilleur IR sauvegardé (val mAP=0.433)
[IR]   3/30 | train loss=0.6237 mAP=0.424 | val loss=0.8782 mAP=0.444 | person=0.330 | car=0.416 | bicycle=0.054 | background=0.975
  💾 Meilleur IR sauvegardé (val mAP=0.444)
[IR]   4/30 | train loss=0.5936 mAP=0.435 | val loss=0.8623 mAP=0.452 | person=0.346 | car=0.425 | bicycle=0.060 | background=0.976
  💾 Meilleur IR sauvegardé (val mAP=0.452)
[IR]   5/30 | train loss=0.5752 mAP=0.442 | val loss=0.8469 mAP=0.457 | person=0.356 | car=0.431 | bicycle=0.063 | background=0.977
  💾 Meilleur IR sauvegardé (val mAP=0.457)
[IR]   6/30 | train loss=0.5625 mAP=0.447 | val loss=0.8378 mAP=0.460 | person=0.362 | car=0.436 | bicycle=0.065 | background=0.978
  💾 Meilleur IR sauvegardé (val mAP=0.460)
[IR]   7/30 | train loss=0.5532 mAP=0.450 | val loss=0.8303 mAP=0.463 | person=0.366 | car=0.441 | bicycle=0.066 | background=0.978
  💾 Meilleur IR sauvegardé (val mAP=0.463)
[IR]   8/30 | train loss=0.5459 mAP=0.454 | val loss=0.8254 mAP=0.465 | person=0.370 | car=0.445 | bicycle=0.067 | background=0.979
  💾 Meilleur IR sauvegardé (val mAP=0.465)
[IR]   9/30 | train loss=0.5399 mAP=0.457 | val loss=0.8210 mAP=0.467 | person=0.372 | car=0.448 | bicycle=0.068 | background=0.979
  💾 Meilleur IR sauvegardé (val mAP=0.467)
[IR]  10/30 | train loss=0.5347 mAP=0.459 | val loss=0.8207 mAP=0.469 | person=0.375 | car=0.451 | bicycle=0.069 | background=0.979
  💾 Meilleur IR sauvegardé (val mAP=0.469)
[IR]  11/30 | train loss=0.5307 mAP=0.461 | val loss=0.8193 mAP=0.470 | person=0.376 | car=0.453 | bicycle=0.069 | background=0.980
  💾 Meilleur IR sauvegardé (val mAP=0.470)
[IR]  12/30 | train loss=0.5273 mAP=0.463 | val loss=0.8127 mAP=0.471 | person=0.377 | car=0.455 | bicycle=0.070 | background=0.980
  💾 Meilleur IR sauvegardé (val mAP=0.471)
[IR]  13/30 | train loss=0.5242 mAP=0.465 | val loss=0.8125 mAP=0.471 | person=0.378 | car=0.457 | bicycle=0.070 | background=0.980
  💾 Meilleur IR sauvegardé (val mAP=0.471)
[IR]  14/30 | train loss=0.5219 mAP=0.466 | val loss=0.8083 mAP=0.472 | person=0.379 | car=0.460 | bicycle=0.071 | background=0.980
  💾 Meilleur IR sauvegardé (val mAP=0.472)
[IR]  15/30 | train loss=0.5195 mAP=0.467 | val loss=0.8061 mAP=0.473 | person=0.380 | car=0.460 | bicycle=0.071 | background=0.980
  💾 Meilleur IR sauvegardé (val mAP=0.473)
[IR]  16/30 | train loss=0.5176 mAP=0.468 | val loss=0.8069 mAP=0.473 | person=0.380 | car=0.461 | bicycle=0.071 | background=0.980
  💾 Meilleur IR sauvegardé (val mAP=0.473)
[IR]  17/30 | train loss=0.5159 mAP=0.469 | val loss=0.8022 mAP=0.473 | person=0.380 | car=0.462 | bicycle=0.071 | background=0.980
  💾 Meilleur IR sauvegardé (val mAP=0.473)
[IR]  18/30 | train loss=0.5146 mAP=0.470 | val loss=0.8062 mAP=0.474 | person=0.381 | car=0.463 | bicycle=0.071 | background=0.980
  💾 Meilleur IR sauvegardé (val mAP=0.474)
[IR]  19/30 | train loss=0.5134 mAP=0.470 | val loss=0.8023 mAP=0.474 | person=0.381 | car=0.464 | bicycle=0.071 | background=0.980
  💾 Meilleur IR sauvegardé (val mAP=0.474)
[IR]  20/30 | train loss=0.5123 mAP=0.471 | val loss=0.8032 mAP=0.474 | person=0.382 | car=0.464 | bicycle=0.071 | background=0.980
  💾 Meilleur IR sauvegardé (val mAP=0.474)
[IR]  21/30 | train loss=0.5115 mAP=0.471 | val loss=0.8048 mAP=0.475 | person=0.382 | car=0.465 | bicycle=0.072 | background=0.980
  💾 Meilleur IR sauvegardé (val mAP=0.475)
[IR]  22/30 | train loss=0.5108 mAP=0.472 | val loss=0.8032 mAP=0.475 | person=0.382 | car=0.465 | bicycle=0.071 | background=0.980
  💾 Meilleur IR sauvegardé (val mAP=0.475)
[IR]  23/30 | train loss=0.5103 mAP=0.472 | val loss=0.8014 mAP=0.475 | person=0.382 | car=0.465 | bicycle=0.072 | background=0.980
  💾 Meilleur IR sauvegardé (val mAP=0.475)
[IR]  24/30 | train loss=0.5098 mAP=0.472 | val loss=0.8031 mAP=0.475 | person=0.382 | car=0.466 | bicycle=0.072 | background=0.981
  💾 Meilleur IR sauvegardé (val mAP=0.475)
[IR]  25/30 | train loss=0.5095 mAP=0.472 | val loss=0.8018 mAP=0.475 | person=0.382 | car=0.466 | bicycle=0.072 | background=0.981
  💾 Meilleur IR sauvegardé (val mAP=0.475)
[IR]  26/30 | train loss=0.5092 mAP=0.472 | val loss=0.8014 mAP=0.475 | person=0.382 | car=0.466 | bicycle=0.072 | background=0.981
  💾 Meilleur IR sauvegardé (val mAP=0.475)
[IR]  27/30 | train loss=0.5091 mAP=0.472 | val loss=0.8014 mAP=0.475 | person=0.382 | car=0.466 | bicycle=0.072 | background=0.981
  💾 Meilleur IR sauvegardé (val mAP=0.475)
[IR]  28/30 | train loss=0.5090 mAP=0.473 | val loss=0.8013 mAP=0.475 | person=0.382 | car=0.466 | bicycle=0.072 | background=0.981
  💾 Meilleur IR sauvegardé (val mAP=0.475)
[IR]  29/30 | train loss=0.5089 mAP=0.473 | val loss=0.8013 mAP=0.475 | person=0.382 | car=0.466 | bicycle=0.072 | background=0.981
  💾 Meilleur IR sauvegardé (val mAP=0.475)
[IR]  30/30 | train loss=0.5089 mAP=0.473 | val loss=0.8013 mAP=0.475 | person=0.382 | car=0.466 | bicycle=0.072 | background=0.981
  💾 Meilleur IR sauvegardé (val mAP=0.475)
  📊 Courbe ROC sauvegardée : /home/2023029/PARTAGE/abelgh02/logs/lemumo/lemumo_vits16_llvip-kaistfull04_ep600_bs64_lamb0.1/probings_latest_runs10_cropsize224/roc_curve_ir.png

✨ SCORES ROC FINAUX POUR IR (Meilleure Époque) :
METRIC_AUC_IR_PERSON: 0.8855
METRIC_AUC_IR_CAR: 0.8981
METRIC_AUC_IR_BICYCLE: 0.8854
METRIC_AUC_IR_BACKGROUND: 0.9168

=======================================================
  Linear Probing OFFLINE — mode : BOTH
=======================================================
[train] mode=both | 4129 images (0 ignorées) | person=23408 patches | car=70689 patches | bicycle=6911 patches | background=718426 patches
[val] mode=both | 1013 images (0 ignorées) | person=15537 patches | car=21472 patches | bicycle=1588 patches | background=163479 patches
✅ Le MuMo encoder chargé depuis /home/2023029/PARTAGE/abelgh02/logs/lemumo/lemumo_vits16_llvip-kaistfull04_ep600_bs64_lamb0.1/latest.pt (run lemumo_vits16_llvip-kaistfull04_ep600_bs64_lamb0.1, variant=prune_after_first, ViT-small)
  ⚡ Features déjà extraites trouvées : chargement depuis /home/2023029/PARTAGE/abelgh02/logs/lemumo/lemumo_vits16_llvip-kaistfull04_ep600_bs64_lamb0.1/probings_latest_runs10_cropsize224/both_train_features_tbmTrue.pt
  ⚡ Features déjà extraites trouvées : chargement depuis /home/2023029/PARTAGE/abelgh02/logs/lemumo/lemumo_vits16_llvip-kaistfull04_ep600_bs64_lamb0.1/probings_latest_runs10_cropsize224/both_val_features_tbmTrue.pt
🔒 Graine aléatoire fixée à : 48
[BOTH]   1/30 | train loss=0.7879 mAP=0.391 | val loss=0.9112 mAP=0.448 | person=0.313 | car=0.451 | bicycle=0.056 | background=0.974
  💾 Meilleur BOTH sauvegardé (val mAP=0.448)
[BOTH]   2/30 | train loss=0.5943 mAP=0.438 | val loss=0.8365 mAP=0.464 | person=0.346 | car=0.467 | bicycle=0.066 | background=0.978
  💾 Meilleur BOTH sauvegardé (val mAP=0.464)
[BOTH]   3/30 | train loss=0.5457 mAP=0.459 | val loss=0.8051 mAP=0.474 | person=0.364 | car=0.482 | bicycle=0.070 | background=0.980
  💾 Meilleur BOTH sauvegardé (val mAP=0.474)
[BOTH]   4/30 | train loss=0.5227 mAP=0.473 | val loss=0.8010 mAP=0.480 | person=0.374 | car=0.493 | bicycle=0.072 | background=0.982
  💾 Meilleur BOTH sauvegardé (val mAP=0.480)
[BOTH]   5/30 | train loss=0.5086 mAP=0.481 | val loss=0.7890 mAP=0.484 | person=0.380 | car=0.502 | bicycle=0.073 | background=0.982
  💾 Meilleur BOTH sauvegardé (val mAP=0.484)
[BOTH]   6/30 | train loss=0.4980 mAP=0.488 | val loss=0.7930 mAP=0.487 | person=0.384 | car=0.509 | bicycle=0.073 | background=0.983
  💾 Meilleur BOTH sauvegardé (val mAP=0.487)
[BOTH]   7/30 | train loss=0.4897 mAP=0.493 | val loss=0.7847 mAP=0.490 | person=0.387 | car=0.515 | bicycle=0.073 | background=0.983
  💾 Meilleur BOTH sauvegardé (val mAP=0.490)
[BOTH]   8/30 | train loss=0.4835 mAP=0.496 | val loss=0.7762 mAP=0.492 | person=0.389 | car=0.521 | bicycle=0.073 | background=0.984
  💾 Meilleur BOTH sauvegardé (val mAP=0.492)
[BOTH]   9/30 | train loss=0.4781 mAP=0.500 | val loss=0.7670 mAP=0.493 | person=0.390 | car=0.525 | bicycle=0.073 | background=0.984
  💾 Meilleur BOTH sauvegardé (val mAP=0.493)
[BOTH]  10/30 | train loss=0.4738 mAP=0.503 | val loss=0.7548 mAP=0.494 | person=0.392 | car=0.529 | bicycle=0.073 | background=0.984
  💾 Meilleur BOTH sauvegardé (val mAP=0.494)
[BOTH]  11/30 | train loss=0.4702 mAP=0.505 | val loss=0.7677 mAP=0.496 | person=0.393 | car=0.532 | bicycle=0.073 | background=0.984
  💾 Meilleur BOTH sauvegardé (val mAP=0.496)
[BOTH]  12/30 | train loss=0.4670 mAP=0.507 | val loss=0.7698 mAP=0.497 | person=0.394 | car=0.535 | bicycle=0.073 | background=0.984
  💾 Meilleur BOTH sauvegardé (val mAP=0.497)
[BOTH]  13/30 | train loss=0.4650 mAP=0.509 | val loss=0.7609 mAP=0.497 | person=0.394 | car=0.537 | bicycle=0.073 | background=0.984
  💾 Meilleur BOTH sauvegardé (val mAP=0.497)
[BOTH]  14/30 | train loss=0.4619 mAP=0.511 | val loss=0.7641 mAP=0.498 | person=0.395 | car=0.539 | bicycle=0.074 | background=0.985
  💾 Meilleur BOTH sauvegardé (val mAP=0.498)
[BOTH]  15/30 | train loss=0.4601 mAP=0.512 | val loss=0.7602 mAP=0.499 | person=0.395 | car=0.541 | bicycle=0.074 | background=0.985
  💾 Meilleur BOTH sauvegardé (val mAP=0.499)
[BOTH]  16/30 | train loss=0.4584 mAP=0.513 | val loss=0.7626 mAP=0.499 | person=0.396 | car=0.543 | bicycle=0.074 | background=0.985
  💾 Meilleur BOTH sauvegardé (val mAP=0.499)
[BOTH]  17/30 | train loss=0.4568 mAP=0.514 | val loss=0.7748 mAP=0.500 | person=0.397 | car=0.544 | bicycle=0.074 | background=0.985
  💾 Meilleur BOTH sauvegardé (val mAP=0.500)
[BOTH]  18/30 | train loss=0.4556 mAP=0.516 | val loss=0.7499 mAP=0.500 | person=0.396 | car=0.545 | bicycle=0.074 | background=0.985
[BOTH]  19/30 | train loss=0.4542 mAP=0.516 | val loss=0.7609 mAP=0.500 | person=0.397 | car=0.546 | bicycle=0.074 | background=0.985
  💾 Meilleur BOTH sauvegardé (val mAP=0.500)
[BOTH]  20/30 | train loss=0.4532 mAP=0.517 | val loss=0.7515 mAP=0.500 | person=0.396 | car=0.547 | bicycle=0.074 | background=0.985
[BOTH]  21/30 | train loss=0.4528 mAP=0.517 | val loss=0.7566 mAP=0.501 | person=0.397 | car=0.547 | bicycle=0.074 | background=0.985
  💾 Meilleur BOTH sauvegardé (val mAP=0.501)
[BOTH]  22/30 | train loss=0.4518 mAP=0.518 | val loss=0.7540 mAP=0.501 | person=0.398 | car=0.548 | bicycle=0.074 | background=0.985
  💾 Meilleur BOTH sauvegardé (val mAP=0.501)
[BOTH]  23/30 | train loss=0.4513 mAP=0.518 | val loss=0.7530 mAP=0.501 | person=0.398 | car=0.548 | bicycle=0.074 | background=0.985
  💾 Meilleur BOTH sauvegardé (val mAP=0.501)
[BOTH]  24/30 | train loss=0.4509 mAP=0.518 | val loss=0.7530 mAP=0.501 | person=0.398 | car=0.549 | bicycle=0.074 | background=0.985
  💾 Meilleur BOTH sauvegardé (val mAP=0.501)
[BOTH]  25/30 | train loss=0.4506 mAP=0.519 | val loss=0.7528 mAP=0.501 | person=0.397 | car=0.549 | bicycle=0.074 | background=0.985
  💾 Meilleur BOTH sauvegardé (val mAP=0.501)
[BOTH]  26/30 | train loss=0.4503 mAP=0.519 | val loss=0.7541 mAP=0.501 | person=0.397 | car=0.549 | bicycle=0.074 | background=0.985
  💾 Meilleur BOTH sauvegardé (val mAP=0.501)
[BOTH]  27/30 | train loss=0.4501 mAP=0.519 | val loss=0.7545 mAP=0.501 | person=0.397 | car=0.549 | bicycle=0.074 | background=0.985
  💾 Meilleur BOTH sauvegardé (val mAP=0.501)
[BOTH]  28/30 | train loss=0.4500 mAP=0.519 | val loss=0.7545 mAP=0.501 | person=0.397 | car=0.549 | bicycle=0.074 | background=0.985
  💾 Meilleur BOTH sauvegardé (val mAP=0.501)
[BOTH]  29/30 | train loss=0.4499 mAP=0.519 | val loss=0.7542 mAP=0.501 | person=0.398 | car=0.549 | bicycle=0.074 | background=0.985
  💾 Meilleur BOTH sauvegardé (val mAP=0.501)
[BOTH]  30/30 | train loss=0.4499 mAP=0.519 | val loss=0.7542 mAP=0.501 | person=0.398 | car=0.549 | bicycle=0.074 | background=0.985
  💾 Meilleur BOTH sauvegardé (val mAP=0.501)
  📊 Courbe ROC sauvegardée : /home/2023029/PARTAGE/abelgh02/logs/lemumo/lemumo_vits16_llvip-kaistfull04_ep600_bs64_lamb0.1/probings_latest_runs10_cropsize224/roc_curve_both.png

✨ SCORES ROC FINAUX POUR BOTH (Meilleure Époque) :
METRIC_AUC_BOTH_PERSON: 0.8952
METRIC_AUC_BOTH_CAR: 0.9238
METRIC_AUC_BOTH_BICYCLE: 0.8995
METRIC_AUC_BOTH_BACKGROUND: 0.9349

=======================================================
  Linear Probing OFFLINE — mode : JOINT
=======================================================
[train] mode=joint | 4129 images (0 ignorées) | person=23408 patches | car=70689 patches | bicycle=6911 patches | background=718426 patches
[val] mode=joint | 1013 images (0 ignorées) | person=15537 patches | car=21472 patches | bicycle=1588 patches | background=163479 patches
✅ Le MuMo encoder chargé depuis /home/2023029/PARTAGE/abelgh02/logs/lemumo/lemumo_vits16_llvip-kaistfull04_ep600_bs64_lamb0.1/latest.pt (run lemumo_vits16_llvip-kaistfull04_ep600_bs64_lamb0.1, variant=prune_after_first, ViT-small)
  ⚡ Features déjà extraites trouvées : chargement depuis /home/2023029/PARTAGE/abelgh02/logs/lemumo/lemumo_vits16_llvip-kaistfull04_ep600_bs64_lamb0.1/probings_latest_runs10_cropsize224/joint_train_features_tbmTrue.pt
  ⚡ Features déjà extraites trouvées : chargement depuis /home/2023029/PARTAGE/abelgh02/logs/lemumo/lemumo_vits16_llvip-kaistfull04_ep600_bs64_lamb0.1/probings_latest_runs10_cropsize224/joint_val_features_tbmTrue.pt
🔒 Graine aléatoire fixée à : 48
[JOINT]   1/30 | train loss=0.8392 mAP=0.375 | val loss=0.9583 mAP=0.424 | person=0.271 | car=0.410 | bicycle=0.043 | background=0.970
  💾 Meilleur JOINT sauvegardé (val mAP=0.424)
[JOINT]   2/30 | train loss=0.6571 mAP=0.420 | val loss=0.8801 mAP=0.443 | person=0.309 | car=0.436 | bicycle=0.054 | background=0.976
  💾 Meilleur JOINT sauvegardé (val mAP=0.443)
[JOINT]   3/30 | train loss=0.5969 mAP=0.439 | val loss=0.8490 mAP=0.458 | person=0.335 | car=0.453 | bicycle=0.064 | background=0.978
  💾 Meilleur JOINT sauvegardé (val mAP=0.458)
[JOINT]   4/30 | train loss=0.5683 mAP=0.449 | val loss=0.8351 mAP=0.466 | person=0.349 | car=0.466 | bicycle=0.070 | background=0.980
  💾 Meilleur JOINT sauvegardé (val mAP=0.466)
[JOINT]   5/30 | train loss=0.5509 mAP=0.456 | val loss=0.8212 mAP=0.472 | person=0.358 | car=0.476 | bicycle=0.074 | background=0.981
  💾 Meilleur JOINT sauvegardé (val mAP=0.472)
[JOINT]   6/30 | train loss=0.5386 mAP=0.463 | val loss=0.8113 mAP=0.476 | person=0.364 | car=0.484 | bicycle=0.076 | background=0.981
  💾 Meilleur JOINT sauvegardé (val mAP=0.476)
[JOINT]   7/30 | train loss=0.5291 mAP=0.468 | val loss=0.8084 mAP=0.480 | person=0.369 | car=0.491 | bicycle=0.078 | background=0.982
  💾 Meilleur JOINT sauvegardé (val mAP=0.480)
[JOINT]   8/30 | train loss=0.5215 mAP=0.472 | val loss=0.8007 mAP=0.482 | person=0.373 | car=0.496 | bicycle=0.079 | background=0.982
  💾 Meilleur JOINT sauvegardé (val mAP=0.482)
[JOINT]   9/30 | train loss=0.5156 mAP=0.476 | val loss=0.7986 mAP=0.485 | person=0.375 | car=0.501 | bicycle=0.080 | background=0.983
  💾 Meilleur JOINT sauvegardé (val mAP=0.485)
[JOINT]  10/30 | train loss=0.5105 mAP=0.479 | val loss=0.7983 mAP=0.486 | person=0.377 | car=0.504 | bicycle=0.080 | background=0.983
  💾 Meilleur JOINT sauvegardé (val mAP=0.486)
[JOINT]  11/30 | train loss=0.5063 mAP=0.481 | val loss=0.7912 mAP=0.487 | person=0.378 | car=0.508 | bicycle=0.080 | background=0.983
  💾 Meilleur JOINT sauvegardé (val mAP=0.487)
[JOINT]  12/30 | train loss=0.5025 mAP=0.484 | val loss=0.7926 mAP=0.489 | person=0.381 | car=0.510 | bicycle=0.081 | background=0.983
  💾 Meilleur JOINT sauvegardé (val mAP=0.489)
[JOINT]  13/30 | train loss=0.4994 mAP=0.486 | val loss=0.7888 mAP=0.490 | person=0.382 | car=0.513 | bicycle=0.081 | background=0.983
  💾 Meilleur JOINT sauvegardé (val mAP=0.490)
[JOINT]  14/30 | train loss=0.4969 mAP=0.487 | val loss=0.7874 mAP=0.491 | person=0.384 | car=0.514 | bicycle=0.081 | background=0.983
  💾 Meilleur JOINT sauvegardé (val mAP=0.491)
[JOINT]  15/30 | train loss=0.4944 mAP=0.489 | val loss=0.7865 mAP=0.491 | person=0.384 | car=0.516 | bicycle=0.081 | background=0.983
  💾 Meilleur JOINT sauvegardé (val mAP=0.491)
[JOINT]  16/30 | train loss=0.4925 mAP=0.490 | val loss=0.7838 mAP=0.492 | person=0.385 | car=0.518 | bicycle=0.081 | background=0.983
  💾 Meilleur JOINT sauvegardé (val mAP=0.492)
[JOINT]  17/30 | train loss=0.4908 mAP=0.492 | val loss=0.7868 mAP=0.493 | person=0.387 | car=0.519 | bicycle=0.081 | background=0.984
  💾 Meilleur JOINT sauvegardé (val mAP=0.493)
[JOINT]  18/30 | train loss=0.4892 mAP=0.493 | val loss=0.7845 mAP=0.493 | person=0.387 | car=0.519 | bicycle=0.081 | background=0.984
  💾 Meilleur JOINT sauvegardé (val mAP=0.493)
[JOINT]  19/30 | train loss=0.4880 mAP=0.493 | val loss=0.7846 mAP=0.493 | person=0.388 | car=0.520 | bicycle=0.081 | background=0.984
  💾 Meilleur JOINT sauvegardé (val mAP=0.493)
[JOINT]  20/30 | train loss=0.4869 mAP=0.494 | val loss=0.7822 mAP=0.493 | person=0.388 | car=0.521 | bicycle=0.081 | background=0.984
  💾 Meilleur JOINT sauvegardé (val mAP=0.493)
[JOINT]  21/30 | train loss=0.4860 mAP=0.495 | val loss=0.7812 mAP=0.494 | person=0.388 | car=0.521 | bicycle=0.081 | background=0.984
  💾 Meilleur JOINT sauvegardé (val mAP=0.494)
[JOINT]  22/30 | train loss=0.4853 mAP=0.495 | val loss=0.7825 mAP=0.494 | person=0.388 | car=0.522 | bicycle=0.081 | background=0.984
  💾 Meilleur JOINT sauvegardé (val mAP=0.494)
[JOINT]  23/30 | train loss=0.4847 mAP=0.496 | val loss=0.7799 mAP=0.494 | person=0.389 | car=0.522 | bicycle=0.081 | background=0.984
  💾 Meilleur JOINT sauvegardé (val mAP=0.494)
[JOINT]  24/30 | train loss=0.4842 mAP=0.496 | val loss=0.7821 mAP=0.494 | person=0.389 | car=0.522 | bicycle=0.081 | background=0.984
  💾 Meilleur JOINT sauvegardé (val mAP=0.494)
[JOINT]  25/30 | train loss=0.4838 mAP=0.496 | val loss=0.7809 mAP=0.494 | person=0.389 | car=0.523 | bicycle=0.081 | background=0.984
  💾 Meilleur JOINT sauvegardé (val mAP=0.494)
[JOINT]  26/30 | train loss=0.4836 mAP=0.496 | val loss=0.7811 mAP=0.494 | person=0.389 | car=0.523 | bicycle=0.081 | background=0.984
  💾 Meilleur JOINT sauvegardé (val mAP=0.494)
[JOINT]  27/30 | train loss=0.4834 mAP=0.497 | val loss=0.7806 mAP=0.494 | person=0.389 | car=0.523 | bicycle=0.081 | background=0.984
  💾 Meilleur JOINT sauvegardé (val mAP=0.494)
[JOINT]  28/30 | train loss=0.4833 mAP=0.497 | val loss=0.7805 mAP=0.494 | person=0.389 | car=0.523 | bicycle=0.081 | background=0.984
  💾 Meilleur JOINT sauvegardé (val mAP=0.494)
[JOINT]  29/30 | train loss=0.4832 mAP=0.497 | val loss=0.7806 mAP=0.494 | person=0.389 | car=0.523 | bicycle=0.081 | background=0.984
  💾 Meilleur JOINT sauvegardé (val mAP=0.494)
[JOINT]  30/30 | train loss=0.4832 mAP=0.497 | val loss=0.7806 mAP=0.494 | person=0.389 | car=0.523 | bicycle=0.081 | background=0.984
  💾 Meilleur JOINT sauvegardé (val mAP=0.494)
  📊 Courbe ROC sauvegardée : /home/2023029/PARTAGE/abelgh02/logs/lemumo/lemumo_vits16_llvip-kaistfull04_ep600_bs64_lamb0.1/probings_latest_runs10_cropsize224/roc_curve_joint.png

✨ SCORES ROC FINAUX POUR JOINT (Meilleure Époque) :
METRIC_AUC_JOINT_PERSON: 0.8898
METRIC_AUC_JOINT_CAR: 0.9165
METRIC_AUC_JOINT_BICYCLE: 0.8912
METRIC_AUC_JOINT_BACKGROUND: 0.9293

=======================================================
  RÉSUMÉ FINAL — Linear Probing JEPA sur FLIR Aligned
=======================================================
  RGB   │ █████████████                  │ mAP=0.447
  IR    │ ██████████████                 │ mAP=0.475
  BOTH  │ ███████████████                │ mAP=0.501
  JOINT │ ██████████████                 │ mAP=0.494
=======================================================

✅ mAP RGB ≈ mAP IR (gap < 5%) → le target_encoder aligne bien les deux modalités.
ℹ️  La fusion apporte +0.026 → les modalités restent complémentaires.

▶️  RUN 7/10 | cuda:0 | Seed: 49

=======================================================
  Linear Probing OFFLINE — mode : RGB
=======================================================
[train] mode=rgb | 4129 images (0 ignorées) | person=23408 patches | car=70689 patches | bicycle=6911 patches | background=718426 patches
[val] mode=rgb | 1013 images (0 ignorées) | person=15537 patches | car=21472 patches | bicycle=1588 patches | background=163479 patches
✅ Le MuMo encoder chargé depuis /home/2023029/PARTAGE/abelgh02/logs/lemumo/lemumo_vits16_llvip-kaistfull04_ep600_bs64_lamb0.1/latest.pt (run lemumo_vits16_llvip-kaistfull04_ep600_bs64_lamb0.1, variant=prune_after_first, ViT-small)
  ⚡ Features déjà extraites trouvées : chargement depuis /home/2023029/PARTAGE/abelgh02/logs/lemumo/lemumo_vits16_llvip-kaistfull04_ep600_bs64_lamb0.1/probings_latest_runs10_cropsize224/rgb_train_features_tbmTrue.pt
  ⚡ Features déjà extraites trouvées : chargement depuis /home/2023029/PARTAGE/abelgh02/logs/lemumo/lemumo_vits16_llvip-kaistfull04_ep600_bs64_lamb0.1/probings_latest_runs10_cropsize224/rgb_val_features_tbmTrue.pt
🔒 Graine aléatoire fixée à : 49
[RGB]   1/30 | train loss=0.8919 mAP=0.351 | val loss=1.0479 mAP=0.407 | person=0.244 | car=0.383 | bicycle=0.034 | background=0.966
  💾 Meilleur RGB sauvegardé (val mAP=0.407)
[RGB]   2/30 | train loss=0.7373 mAP=0.383 | val loss=0.9794 mAP=0.415 | person=0.251 | car=0.403 | bicycle=0.038 | background=0.970
  💾 Meilleur RGB sauvegardé (val mAP=0.415)
[RGB]   3/30 | train loss=0.6767 mAP=0.395 | val loss=0.9418 mAP=0.422 | person=0.258 | car=0.418 | bicycle=0.040 | background=0.972
  💾 Meilleur RGB sauvegardé (val mAP=0.422)
[RGB]   4/30 | train loss=0.6445 mAP=0.403 | val loss=0.9321 mAP=0.426 | person=0.262 | car=0.430 | bicycle=0.041 | background=0.974
  💾 Meilleur RGB sauvegardé (val mAP=0.426)
[RGB]   5/30 | train loss=0.6245 mAP=0.409 | val loss=0.9185 mAP=0.430 | person=0.265 | car=0.438 | bicycle=0.041 | background=0.975
  💾 Meilleur RGB sauvegardé (val mAP=0.430)
[RGB]   6/30 | train loss=0.6099 mAP=0.413 | val loss=0.9100 mAP=0.432 | person=0.267 | car=0.444 | bicycle=0.042 | background=0.976
  💾 Meilleur RGB sauvegardé (val mAP=0.432)
[RGB]   7/30 | train loss=0.5990 mAP=0.416 | val loss=0.8966 mAP=0.434 | person=0.269 | car=0.450 | bicycle=0.042 | background=0.976
  💾 Meilleur RGB sauvegardé (val mAP=0.434)
[RGB]   8/30 | train loss=0.5906 mAP=0.419 | val loss=0.8944 mAP=0.436 | person=0.271 | car=0.455 | bicycle=0.042 | background=0.977
  💾 Meilleur RGB sauvegardé (val mAP=0.436)
[RGB]   9/30 | train loss=0.5838 mAP=0.422 | val loss=0.8990 mAP=0.438 | person=0.273 | car=0.460 | bicycle=0.042 | background=0.977
  💾 Meilleur RGB sauvegardé (val mAP=0.438)
[RGB]  10/30 | train loss=0.5782 mAP=0.424 | val loss=0.8942 mAP=0.439 | person=0.274 | car=0.463 | bicycle=0.042 | background=0.978
  💾 Meilleur RGB sauvegardé (val mAP=0.439)
[RGB]  11/30 | train loss=0.5736 mAP=0.426 | val loss=0.9050 mAP=0.441 | person=0.275 | car=0.467 | bicycle=0.043 | background=0.978
  💾 Meilleur RGB sauvegardé (val mAP=0.441)
[RGB]  12/30 | train loss=0.5697 mAP=0.428 | val loss=0.8761 mAP=0.442 | person=0.276 | car=0.469 | bicycle=0.043 | background=0.978
  💾 Meilleur RGB sauvegardé (val mAP=0.442)
[RGB]  13/30 | train loss=0.5666 mAP=0.429 | val loss=0.8779 mAP=0.442 | person=0.277 | car=0.472 | bicycle=0.043 | background=0.978
  💾 Meilleur RGB sauvegardé (val mAP=0.442)
[RGB]  14/30 | train loss=0.5635 mAP=0.431 | val loss=0.8940 mAP=0.443 | person=0.278 | car=0.474 | bicycle=0.043 | background=0.978
  💾 Meilleur RGB sauvegardé (val mAP=0.443)
[RGB]  15/30 | train loss=0.5611 mAP=0.432 | val loss=0.8879 mAP=0.444 | person=0.279 | car=0.476 | bicycle=0.043 | background=0.978
  💾 Meilleur RGB sauvegardé (val mAP=0.444)
[RGB]  16/30 | train loss=0.5591 mAP=0.433 | val loss=0.8821 mAP=0.445 | person=0.279 | car=0.477 | bicycle=0.043 | background=0.979
  💾 Meilleur RGB sauvegardé (val mAP=0.445)
[RGB]  17/30 | train loss=0.5571 mAP=0.434 | val loss=0.8778 mAP=0.445 | person=0.280 | car=0.479 | bicycle=0.043 | background=0.979
  💾 Meilleur RGB sauvegardé (val mAP=0.445)
[RGB]  18/30 | train loss=0.5557 mAP=0.435 | val loss=0.8777 mAP=0.445 | person=0.280 | car=0.480 | bicycle=0.043 | background=0.979
  💾 Meilleur RGB sauvegardé (val mAP=0.445)
[RGB]  19/30 | train loss=0.5542 mAP=0.436 | val loss=0.8783 mAP=0.446 | person=0.281 | car=0.481 | bicycle=0.043 | background=0.979
  💾 Meilleur RGB sauvegardé (val mAP=0.446)
[RGB]  20/30 | train loss=0.5533 mAP=0.436 | val loss=0.8756 mAP=0.446 | person=0.281 | car=0.482 | bicycle=0.043 | background=0.979
  💾 Meilleur RGB sauvegardé (val mAP=0.446)
[RGB]  21/30 | train loss=0.5522 mAP=0.437 | val loss=0.8759 mAP=0.446 | person=0.281 | car=0.482 | bicycle=0.043 | background=0.979
  💾 Meilleur RGB sauvegardé (val mAP=0.446)
[RGB]  22/30 | train loss=0.5514 mAP=0.437 | val loss=0.8770 mAP=0.447 | person=0.281 | car=0.483 | bicycle=0.044 | background=0.979
  💾 Meilleur RGB sauvegardé (val mAP=0.447)
[RGB]  23/30 | train loss=0.5508 mAP=0.438 | val loss=0.8763 mAP=0.447 | person=0.282 | car=0.484 | bicycle=0.044 | background=0.979
  💾 Meilleur RGB sauvegardé (val mAP=0.447)
[RGB]  24/30 | train loss=0.5503 mAP=0.438 | val loss=0.8787 mAP=0.447 | person=0.282 | car=0.484 | bicycle=0.044 | background=0.979
  💾 Meilleur RGB sauvegardé (val mAP=0.447)
[RGB]  25/30 | train loss=0.5499 mAP=0.438 | val loss=0.8755 mAP=0.447 | person=0.282 | car=0.484 | bicycle=0.044 | background=0.979
  💾 Meilleur RGB sauvegardé (val mAP=0.447)
[RGB]  26/30 | train loss=0.5497 mAP=0.438 | val loss=0.8748 mAP=0.447 | person=0.282 | car=0.484 | bicycle=0.044 | background=0.979
  💾 Meilleur RGB sauvegardé (val mAP=0.447)
[RGB]  27/30 | train loss=0.5495 mAP=0.438 | val loss=0.8762 mAP=0.447 | person=0.282 | car=0.484 | bicycle=0.044 | background=0.979
  💾 Meilleur RGB sauvegardé (val mAP=0.447)
[RGB]  28/30 | train loss=0.5493 mAP=0.438 | val loss=0.8759 mAP=0.447 | person=0.282 | car=0.485 | bicycle=0.044 | background=0.979
  💾 Meilleur RGB sauvegardé (val mAP=0.447)
[RGB]  29/30 | train loss=0.5493 mAP=0.438 | val loss=0.8760 mAP=0.447 | person=0.282 | car=0.485 | bicycle=0.044 | background=0.979
  💾 Meilleur RGB sauvegardé (val mAP=0.447)
[RGB]  30/30 | train loss=0.5493 mAP=0.438 | val loss=0.8760 mAP=0.447 | person=0.282 | car=0.485 | bicycle=0.044 | background=0.979
  💾 Meilleur RGB sauvegardé (val mAP=0.447)
  📊 Courbe ROC sauvegardée : /home/2023029/PARTAGE/abelgh02/logs/lemumo/lemumo_vits16_llvip-kaistfull04_ep600_bs64_lamb0.1/probings_latest_runs10_cropsize224/roc_curve_rgb.png

✨ SCORES ROC FINAUX POUR RGB (Meilleure Époque) :
METRIC_AUC_RGB_PERSON: 0.8559
METRIC_AUC_RGB_CAR: 0.9053
METRIC_AUC_RGB_BICYCLE: 0.8681
METRIC_AUC_RGB_BACKGROUND: 0.9102

=======================================================
  Linear Probing OFFLINE — mode : IR
=======================================================
[train] mode=ir | 4129 images (0 ignorées) | person=23408 patches | car=70689 patches | bicycle=6911 patches | background=718426 patches
[val] mode=ir | 1013 images (0 ignorées) | person=15537 patches | car=21472 patches | bicycle=1588 patches | background=163479 patches
✅ Le MuMo encoder chargé depuis /home/2023029/PARTAGE/abelgh02/logs/lemumo/lemumo_vits16_llvip-kaistfull04_ep600_bs64_lamb0.1/latest.pt (run lemumo_vits16_llvip-kaistfull04_ep600_bs64_lamb0.1, variant=prune_after_first, ViT-small)
  ⚡ Features déjà extraites trouvées : chargement depuis /home/2023029/PARTAGE/abelgh02/logs/lemumo/lemumo_vits16_llvip-kaistfull04_ep600_bs64_lamb0.1/probings_latest_runs10_cropsize224/ir_train_features_tbmTrue.pt
  ⚡ Features déjà extraites trouvées : chargement depuis /home/2023029/PARTAGE/abelgh02/logs/lemumo/lemumo_vits16_llvip-kaistfull04_ep600_bs64_lamb0.1/probings_latest_runs10_cropsize224/ir_val_features_tbmTrue.pt
🔒 Graine aléatoire fixée à : 49
[IR]   1/30 | train loss=0.8648 mAP=0.370 | val loss=0.9851 mAP=0.424 | person=0.283 | car=0.413 | bicycle=0.037 | background=0.964
  💾 Meilleur IR sauvegardé (val mAP=0.424)
[IR]   2/30 | train loss=0.6880 mAP=0.411 | val loss=0.8967 mAP=0.437 | person=0.315 | car=0.418 | bicycle=0.045 | background=0.971
  💾 Meilleur IR sauvegardé (val mAP=0.437)
[IR]   3/30 | train loss=0.6247 mAP=0.425 | val loss=0.8758 mAP=0.447 | person=0.337 | car=0.423 | bicycle=0.052 | background=0.975
  💾 Meilleur IR sauvegardé (val mAP=0.447)
[IR]   4/30 | train loss=0.5943 mAP=0.434 | val loss=0.8528 mAP=0.454 | person=0.351 | car=0.432 | bicycle=0.058 | background=0.976
  💾 Meilleur IR sauvegardé (val mAP=0.454)
[IR]   5/30 | train loss=0.5759 mAP=0.441 | val loss=0.8386 mAP=0.458 | person=0.359 | car=0.436 | bicycle=0.062 | background=0.977
  💾 Meilleur IR sauvegardé (val mAP=0.458)
[IR]   6/30 | train loss=0.5634 mAP=0.447 | val loss=0.8388 mAP=0.462 | person=0.366 | car=0.442 | bicycle=0.064 | background=0.978
  💾 Meilleur IR sauvegardé (val mAP=0.462)
[IR]   7/30 | train loss=0.5542 mAP=0.450 | val loss=0.8218 mAP=0.464 | person=0.368 | car=0.445 | bicycle=0.065 | background=0.979
  💾 Meilleur IR sauvegardé (val mAP=0.464)
[IR]   8/30 | train loss=0.5468 mAP=0.454 | val loss=0.8261 mAP=0.467 | person=0.372 | car=0.449 | bicycle=0.066 | background=0.979
  💾 Meilleur IR sauvegardé (val mAP=0.467)
[IR]   9/30 | train loss=0.5407 mAP=0.456 | val loss=0.8130 mAP=0.468 | person=0.374 | car=0.451 | bicycle=0.068 | background=0.979
  💾 Meilleur IR sauvegardé (val mAP=0.468)
[IR]  10/30 | train loss=0.5358 mAP=0.459 | val loss=0.8159 mAP=0.469 | person=0.375 | car=0.454 | bicycle=0.069 | background=0.979
  💾 Meilleur IR sauvegardé (val mAP=0.469)
[IR]  11/30 | train loss=0.5318 mAP=0.461 | val loss=0.8107 mAP=0.471 | person=0.377 | car=0.457 | bicycle=0.069 | background=0.980
  💾 Meilleur IR sauvegardé (val mAP=0.471)
[IR]  12/30 | train loss=0.5283 mAP=0.463 | val loss=0.8098 mAP=0.471 | person=0.377 | car=0.458 | bicycle=0.069 | background=0.980
  💾 Meilleur IR sauvegardé (val mAP=0.471)
[IR]  13/30 | train loss=0.5252 mAP=0.464 | val loss=0.8076 mAP=0.472 | person=0.379 | car=0.460 | bicycle=0.070 | background=0.980
  💾 Meilleur IR sauvegardé (val mAP=0.472)
[IR]  14/30 | train loss=0.5226 mAP=0.465 | val loss=0.8065 mAP=0.473 | person=0.379 | car=0.461 | bicycle=0.070 | background=0.980
  💾 Meilleur IR sauvegardé (val mAP=0.473)
[IR]  15/30 | train loss=0.5204 mAP=0.466 | val loss=0.8082 mAP=0.473 | person=0.380 | car=0.462 | bicycle=0.070 | background=0.980
  💾 Meilleur IR sauvegardé (val mAP=0.473)
[IR]  16/30 | train loss=0.5186 mAP=0.467 | val loss=0.8034 mAP=0.474 | person=0.381 | car=0.463 | bicycle=0.070 | background=0.980
  💾 Meilleur IR sauvegardé (val mAP=0.474)
[IR]  17/30 | train loss=0.5168 mAP=0.468 | val loss=0.8056 mAP=0.474 | person=0.382 | car=0.464 | bicycle=0.070 | background=0.980
  💾 Meilleur IR sauvegardé (val mAP=0.474)
[IR]  18/30 | train loss=0.5155 mAP=0.469 | val loss=0.8044 mAP=0.475 | person=0.382 | car=0.465 | bicycle=0.070 | background=0.980
  💾 Meilleur IR sauvegardé (val mAP=0.475)
[IR]  19/30 | train loss=0.5143 mAP=0.470 | val loss=0.8029 mAP=0.475 | person=0.382 | car=0.466 | bicycle=0.071 | background=0.980
  💾 Meilleur IR sauvegardé (val mAP=0.475)
[IR]  20/30 | train loss=0.5132 mAP=0.470 | val loss=0.8031 mAP=0.475 | person=0.382 | car=0.466 | bicycle=0.070 | background=0.980
  💾 Meilleur IR sauvegardé (val mAP=0.475)
[IR]  21/30 | train loss=0.5125 mAP=0.471 | val loss=0.8011 mAP=0.475 | person=0.382 | car=0.467 | bicycle=0.071 | background=0.981
  💾 Meilleur IR sauvegardé (val mAP=0.475)
[IR]  22/30 | train loss=0.5117 mAP=0.471 | val loss=0.8016 mAP=0.475 | person=0.382 | car=0.467 | bicycle=0.071 | background=0.981
  💾 Meilleur IR sauvegardé (val mAP=0.475)
[IR]  23/30 | train loss=0.5111 mAP=0.471 | val loss=0.8021 mAP=0.475 | person=0.383 | car=0.467 | bicycle=0.071 | background=0.981
  💾 Meilleur IR sauvegardé (val mAP=0.475)
[IR]  24/30 | train loss=0.5107 mAP=0.472 | val loss=0.8029 mAP=0.475 | person=0.383 | car=0.468 | bicycle=0.071 | background=0.981
  💾 Meilleur IR sauvegardé (val mAP=0.475)
[IR]  25/30 | train loss=0.5103 mAP=0.472 | val loss=0.8009 mAP=0.475 | person=0.383 | car=0.468 | bicycle=0.071 | background=0.981
  💾 Meilleur IR sauvegardé (val mAP=0.475)
[IR]  26/30 | train loss=0.5101 mAP=0.472 | val loss=0.8001 mAP=0.475 | person=0.383 | car=0.468 | bicycle=0.071 | background=0.981
[IR]  27/30 | train loss=0.5099 mAP=0.472 | val loss=0.8004 mAP=0.475 | person=0.383 | car=0.468 | bicycle=0.071 | background=0.981
  💾 Meilleur IR sauvegardé (val mAP=0.475)
[IR]  28/30 | train loss=0.5098 mAP=0.472 | val loss=0.8008 mAP=0.475 | person=0.383 | car=0.468 | bicycle=0.071 | background=0.981
  💾 Meilleur IR sauvegardé (val mAP=0.475)
[IR]  29/30 | train loss=0.5097 mAP=0.472 | val loss=0.8005 mAP=0.476 | person=0.383 | car=0.468 | bicycle=0.071 | background=0.981
  💾 Meilleur IR sauvegardé (val mAP=0.476)
[IR]  30/30 | train loss=0.5097 mAP=0.472 | val loss=0.8006 mAP=0.476 | person=0.383 | car=0.468 | bicycle=0.071 | background=0.981
  💾 Meilleur IR sauvegardé (val mAP=0.476)
  📊 Courbe ROC sauvegardée : /home/2023029/PARTAGE/abelgh02/logs/lemumo/lemumo_vits16_llvip-kaistfull04_ep600_bs64_lamb0.1/probings_latest_runs10_cropsize224/roc_curve_ir.png

✨ SCORES ROC FINAUX POUR IR (Meilleure Époque) :
METRIC_AUC_IR_PERSON: 0.8858
METRIC_AUC_IR_CAR: 0.8984
METRIC_AUC_IR_BICYCLE: 0.8856
METRIC_AUC_IR_BACKGROUND: 0.9170

=======================================================
  Linear Probing OFFLINE — mode : BOTH
=======================================================
[train] mode=both | 4129 images (0 ignorées) | person=23408 patches | car=70689 patches | bicycle=6911 patches | background=718426 patches
[val] mode=both | 1013 images (0 ignorées) | person=15537 patches | car=21472 patches | bicycle=1588 patches | background=163479 patches
✅ Le MuMo encoder chargé depuis /home/2023029/PARTAGE/abelgh02/logs/lemumo/lemumo_vits16_llvip-kaistfull04_ep600_bs64_lamb0.1/latest.pt (run lemumo_vits16_llvip-kaistfull04_ep600_bs64_lamb0.1, variant=prune_after_first, ViT-small)
  ⚡ Features déjà extraites trouvées : chargement depuis /home/2023029/PARTAGE/abelgh02/logs/lemumo/lemumo_vits16_llvip-kaistfull04_ep600_bs64_lamb0.1/probings_latest_runs10_cropsize224/both_train_features_tbmTrue.pt
  ⚡ Features déjà extraites trouvées : chargement depuis /home/2023029/PARTAGE/abelgh02/logs/lemumo/lemumo_vits16_llvip-kaistfull04_ep600_bs64_lamb0.1/probings_latest_runs10_cropsize224/both_val_features_tbmTrue.pt
🔒 Graine aléatoire fixée à : 49
[BOTH]   1/30 | train loss=0.7927 mAP=0.395 | val loss=0.9091 mAP=0.442 | person=0.301 | car=0.443 | bicycle=0.051 | background=0.974
  💾 Meilleur BOTH sauvegardé (val mAP=0.442)
[BOTH]   2/30 | train loss=0.5948 mAP=0.438 | val loss=0.8519 mAP=0.460 | person=0.340 | car=0.460 | bicycle=0.063 | background=0.979
  💾 Meilleur BOTH sauvegardé (val mAP=0.460)
[BOTH]   3/30 | train loss=0.5469 mAP=0.458 | val loss=0.8419 mAP=0.471 | person=0.360 | car=0.475 | bicycle=0.069 | background=0.981
  💾 Meilleur BOTH sauvegardé (val mAP=0.471)
[BOTH]   4/30 | train loss=0.5237 mAP=0.471 | val loss=0.8008 mAP=0.478 | person=0.371 | car=0.487 | bicycle=0.071 | background=0.982
  💾 Meilleur BOTH sauvegardé (val mAP=0.478)
[BOTH]   5/30 | train loss=0.5088 mAP=0.481 | val loss=0.7970 mAP=0.482 | person=0.378 | car=0.497 | bicycle=0.072 | background=0.982
  💾 Meilleur BOTH sauvegardé (val mAP=0.482)
[BOTH]   6/30 | train loss=0.4983 mAP=0.488 | val loss=0.7882 mAP=0.486 | person=0.382 | car=0.505 | bicycle=0.072 | background=0.983
  💾 Meilleur BOTH sauvegardé (val mAP=0.486)
[BOTH]   7/30 | train loss=0.4908 mAP=0.492 | val loss=0.7847 mAP=0.488 | person=0.385 | car=0.512 | bicycle=0.073 | background=0.983
  💾 Meilleur BOTH sauvegardé (val mAP=0.488)
[BOTH]   8/30 | train loss=0.4840 mAP=0.496 | val loss=0.7912 mAP=0.490 | person=0.388 | car=0.516 | bicycle=0.073 | background=0.984
  💾 Meilleur BOTH sauvegardé (val mAP=0.490)
[BOTH]   9/30 | train loss=0.4786 mAP=0.500 | val loss=0.7826 mAP=0.492 | person=0.390 | car=0.522 | bicycle=0.073 | background=0.984
  💾 Meilleur BOTH sauvegardé (val mAP=0.492)
[BOTH]  10/30 | train loss=0.4743 mAP=0.503 | val loss=0.7692 mAP=0.493 | person=0.391 | car=0.525 | bicycle=0.073 | background=0.984
  💾 Meilleur BOTH sauvegardé (val mAP=0.493)
[BOTH]  11/30 | train loss=0.4707 mAP=0.505 | val loss=0.7621 mAP=0.494 | person=0.391 | car=0.528 | bicycle=0.073 | background=0.984
  💾 Meilleur BOTH sauvegardé (val mAP=0.494)
[BOTH]  12/30 | train loss=0.4677 mAP=0.507 | val loss=0.7754 mAP=0.495 | person=0.393 | car=0.531 | bicycle=0.073 | background=0.984
  💾 Meilleur BOTH sauvegardé (val mAP=0.495)
[BOTH]  13/30 | train loss=0.4647 mAP=0.509 | val loss=0.7658 mAP=0.496 | person=0.393 | car=0.534 | bicycle=0.073 | background=0.984
  💾 Meilleur BOTH sauvegardé (val mAP=0.496)
[BOTH]  14/30 | train loss=0.4626 mAP=0.510 | val loss=0.7627 mAP=0.497 | person=0.394 | car=0.536 | bicycle=0.073 | background=0.985
  💾 Meilleur BOTH sauvegardé (val mAP=0.497)
[BOTH]  15/30 | train loss=0.4602 mAP=0.512 | val loss=0.7579 mAP=0.497 | person=0.393 | car=0.538 | bicycle=0.073 | background=0.985
  💾 Meilleur BOTH sauvegardé (val mAP=0.497)
[BOTH]  16/30 | train loss=0.4586 mAP=0.513 | val loss=0.7586 mAP=0.498 | person=0.394 | car=0.539 | bicycle=0.073 | background=0.985
  💾 Meilleur BOTH sauvegardé (val mAP=0.498)
[BOTH]  17/30 | train loss=0.4574 mAP=0.514 | val loss=0.7512 mAP=0.498 | person=0.394 | car=0.541 | bicycle=0.073 | background=0.985
  💾 Meilleur BOTH sauvegardé (val mAP=0.498)
[BOTH]  18/30 | train loss=0.4559 mAP=0.515 | val loss=0.7665 mAP=0.498 | person=0.394 | car=0.542 | bicycle=0.073 | background=0.985
  💾 Meilleur BOTH sauvegardé (val mAP=0.498)
[BOTH]  19/30 | train loss=0.4546 mAP=0.516 | val loss=0.7613 mAP=0.499 | person=0.395 | car=0.543 | bicycle=0.073 | background=0.985
  💾 Meilleur BOTH sauvegardé (val mAP=0.499)
[BOTH]  20/30 | train loss=0.4536 mAP=0.517 | val loss=0.7657 mAP=0.499 | person=0.395 | car=0.544 | bicycle=0.073 | background=0.985
  💾 Meilleur BOTH sauvegardé (val mAP=0.499)
[BOTH]  21/30 | train loss=0.4528 mAP=0.517 | val loss=0.7579 mAP=0.499 | person=0.395 | car=0.544 | bicycle=0.073 | background=0.985
  💾 Meilleur BOTH sauvegardé (val mAP=0.499)
[BOTH]  22/30 | train loss=0.4522 mAP=0.517 | val loss=0.7648 mAP=0.500 | person=0.395 | car=0.545 | bicycle=0.073 | background=0.985
  💾 Meilleur BOTH sauvegardé (val mAP=0.500)
[BOTH]  23/30 | train loss=0.4516 mAP=0.518 | val loss=0.7598 mAP=0.500 | person=0.395 | car=0.545 | bicycle=0.073 | background=0.985
  💾 Meilleur BOTH sauvegardé (val mAP=0.500)
[BOTH]  24/30 | train loss=0.4512 mAP=0.518 | val loss=0.7591 mAP=0.500 | person=0.396 | car=0.546 | bicycle=0.073 | background=0.985
  💾 Meilleur BOTH sauvegardé (val mAP=0.500)
[BOTH]  25/30 | train loss=0.4508 mAP=0.519 | val loss=0.7602 mAP=0.500 | person=0.396 | car=0.546 | bicycle=0.073 | background=0.985
  💾 Meilleur BOTH sauvegardé (val mAP=0.500)
[BOTH]  26/30 | train loss=0.4506 mAP=0.519 | val loss=0.7600 mAP=0.500 | person=0.396 | car=0.546 | bicycle=0.073 | background=0.985
  💾 Meilleur BOTH sauvegardé (val mAP=0.500)
[BOTH]  27/30 | train loss=0.4504 mAP=0.519 | val loss=0.7598 mAP=0.500 | person=0.396 | car=0.546 | bicycle=0.073 | background=0.985
  💾 Meilleur BOTH sauvegardé (val mAP=0.500)
[BOTH]  28/30 | train loss=0.4503 mAP=0.519 | val loss=0.7600 mAP=0.500 | person=0.396 | car=0.546 | bicycle=0.073 | background=0.985
  💾 Meilleur BOTH sauvegardé (val mAP=0.500)
[BOTH]  29/30 | train loss=0.4502 mAP=0.519 | val loss=0.7596 mAP=0.500 | person=0.396 | car=0.546 | bicycle=0.073 | background=0.985
  💾 Meilleur BOTH sauvegardé (val mAP=0.500)
[BOTH]  30/30 | train loss=0.4502 mAP=0.519 | val loss=0.7596 mAP=0.500 | person=0.396 | car=0.546 | bicycle=0.073 | background=0.985
  💾 Meilleur BOTH sauvegardé (val mAP=0.500)
  📊 Courbe ROC sauvegardée : /home/2023029/PARTAGE/abelgh02/logs/lemumo/lemumo_vits16_llvip-kaistfull04_ep600_bs64_lamb0.1/probings_latest_runs10_cropsize224/roc_curve_both.png

✨ SCORES ROC FINAUX POUR BOTH (Meilleure Époque) :
METRIC_AUC_BOTH_PERSON: 0.8947
METRIC_AUC_BOTH_CAR: 0.9229
METRIC_AUC_BOTH_BICYCLE: 0.8990
METRIC_AUC_BOTH_BACKGROUND: 0.9348

=======================================================
  Linear Probing OFFLINE — mode : JOINT
=======================================================
[train] mode=joint | 4129 images (0 ignorées) | person=23408 patches | car=70689 patches | bicycle=6911 patches | background=718426 patches
[val] mode=joint | 1013 images (0 ignorées) | person=15537 patches | car=21472 patches | bicycle=1588 patches | background=163479 patches
✅ Le MuMo encoder chargé depuis /home/2023029/PARTAGE/abelgh02/logs/lemumo/lemumo_vits16_llvip-kaistfull04_ep600_bs64_lamb0.1/latest.pt (run lemumo_vits16_llvip-kaistfull04_ep600_bs64_lamb0.1, variant=prune_after_first, ViT-small)
  ⚡ Features déjà extraites trouvées : chargement depuis /home/2023029/PARTAGE/abelgh02/logs/lemumo/lemumo_vits16_llvip-kaistfull04_ep600_bs64_lamb0.1/probings_latest_runs10_cropsize224/joint_train_features_tbmTrue.pt
  ⚡ Features déjà extraites trouvées : chargement depuis /home/2023029/PARTAGE/abelgh02/logs/lemumo/lemumo_vits16_llvip-kaistfull04_ep600_bs64_lamb0.1/probings_latest_runs10_cropsize224/joint_val_features_tbmTrue.pt
🔒 Graine aléatoire fixée à : 49
[JOINT]   1/30 | train loss=0.8506 mAP=0.380 | val loss=0.9503 mAP=0.433 | person=0.283 | car=0.439 | bicycle=0.040 | background=0.971
  💾 Meilleur JOINT sauvegardé (val mAP=0.433)
[JOINT]   2/30 | train loss=0.6612 mAP=0.423 | val loss=0.8889 mAP=0.448 | person=0.316 | car=0.453 | bicycle=0.049 | background=0.976
  💾 Meilleur JOINT sauvegardé (val mAP=0.448)
[JOINT]   3/30 | train loss=0.5987 mAP=0.438 | val loss=0.8499 mAP=0.461 | person=0.339 | car=0.465 | bicycle=0.060 | background=0.979
  💾 Meilleur JOINT sauvegardé (val mAP=0.461)
[JOINT]   4/30 | train loss=0.5692 mAP=0.449 | val loss=0.8278 mAP=0.470 | person=0.353 | car=0.476 | bicycle=0.068 | background=0.980
  💾 Meilleur JOINT sauvegardé (val mAP=0.470)
[JOINT]   5/30 | train loss=0.5513 mAP=0.457 | val loss=0.8248 mAP=0.475 | person=0.362 | car=0.485 | bicycle=0.073 | background=0.981
  💾 Meilleur JOINT sauvegardé (val mAP=0.475)
[JOINT]   6/30 | train loss=0.5388 mAP=0.464 | val loss=0.8070 mAP=0.479 | person=0.367 | car=0.492 | bicycle=0.076 | background=0.982
  💾 Meilleur JOINT sauvegardé (val mAP=0.479)
[JOINT]   7/30 | train loss=0.5294 mAP=0.468 | val loss=0.8040 mAP=0.483 | person=0.372 | car=0.498 | bicycle=0.078 | background=0.982
  💾 Meilleur JOINT sauvegardé (val mAP=0.483)
[JOINT]   8/30 | train loss=0.5218 mAP=0.473 | val loss=0.8028 mAP=0.485 | person=0.376 | car=0.502 | bicycle=0.079 | background=0.982
  💾 Meilleur JOINT sauvegardé (val mAP=0.485)
[JOINT]   9/30 | train loss=0.5158 mAP=0.476 | val loss=0.7990 mAP=0.486 | person=0.377 | car=0.507 | bicycle=0.080 | background=0.983
  💾 Meilleur JOINT sauvegardé (val mAP=0.486)
[JOINT]  10/30 | train loss=0.5108 mAP=0.479 | val loss=0.7975 mAP=0.488 | person=0.379 | car=0.510 | bicycle=0.080 | background=0.983
  💾 Meilleur JOINT sauvegardé (val mAP=0.488)
[JOINT]  11/30 | train loss=0.5064 mAP=0.482 | val loss=0.7966 mAP=0.489 | person=0.381 | car=0.512 | bicycle=0.080 | background=0.983
  💾 Meilleur JOINT sauvegardé (val mAP=0.489)
[JOINT]  12/30 | train loss=0.5030 mAP=0.484 | val loss=0.7871 mAP=0.490 | person=0.382 | car=0.514 | bicycle=0.080 | background=0.983
  💾 Meilleur JOINT sauvegardé (val mAP=0.490)
[JOINT]  13/30 | train loss=0.4997 mAP=0.486 | val loss=0.7924 mAP=0.491 | person=0.384 | car=0.516 | bicycle=0.081 | background=0.983
  💾 Meilleur JOINT sauvegardé (val mAP=0.491)
[JOINT]  14/30 | train loss=0.4970 mAP=0.488 | val loss=0.7873 mAP=0.492 | person=0.385 | car=0.518 | bicycle=0.081 | background=0.983
  💾 Meilleur JOINT sauvegardé (val mAP=0.492)
[JOINT]  15/30 | train loss=0.4948 mAP=0.489 | val loss=0.7867 mAP=0.493 | person=0.387 | car=0.520 | bicycle=0.081 | background=0.984
  💾 Meilleur JOINT sauvegardé (val mAP=0.493)
[JOINT]  16/30 | train loss=0.4927 mAP=0.490 | val loss=0.7825 mAP=0.493 | person=0.387 | car=0.521 | bicycle=0.081 | background=0.984
  💾 Meilleur JOINT sauvegardé (val mAP=0.493)
[JOINT]  17/30 | train loss=0.4910 mAP=0.492 | val loss=0.7844 mAP=0.494 | person=0.388 | car=0.522 | bicycle=0.081 | background=0.984
  💾 Meilleur JOINT sauvegardé (val mAP=0.494)
[JOINT]  18/30 | train loss=0.4897 mAP=0.492 | val loss=0.7871 mAP=0.494 | person=0.388 | car=0.522 | bicycle=0.081 | background=0.984
  💾 Meilleur JOINT sauvegardé (val mAP=0.494)
[JOINT]  19/30 | train loss=0.4883 mAP=0.493 | val loss=0.7799 mAP=0.494 | person=0.389 | car=0.523 | bicycle=0.081 | background=0.984
  💾 Meilleur JOINT sauvegardé (val mAP=0.494)
[JOINT]  20/30 | train loss=0.4873 mAP=0.494 | val loss=0.7826 mAP=0.495 | person=0.389 | car=0.524 | bicycle=0.081 | background=0.984
  💾 Meilleur JOINT sauvegardé (val mAP=0.495)
[JOINT]  21/30 | train loss=0.4864 mAP=0.495 | val loss=0.7821 mAP=0.495 | person=0.390 | car=0.524 | bicycle=0.081 | background=0.984
  💾 Meilleur JOINT sauvegardé (val mAP=0.495)
[JOINT]  22/30 | train loss=0.4856 mAP=0.495 | val loss=0.7797 mAP=0.495 | person=0.390 | car=0.525 | bicycle=0.081 | background=0.984
  💾 Meilleur JOINT sauvegardé (val mAP=0.495)
[JOINT]  23/30 | train loss=0.4851 mAP=0.495 | val loss=0.7794 mAP=0.495 | person=0.390 | car=0.525 | bicycle=0.081 | background=0.984
  💾 Meilleur JOINT sauvegardé (val mAP=0.495)
[JOINT]  24/30 | train loss=0.4846 mAP=0.496 | val loss=0.7791 mAP=0.495 | person=0.391 | car=0.525 | bicycle=0.081 | background=0.984
  💾 Meilleur JOINT sauvegardé (val mAP=0.495)
[JOINT]  25/30 | train loss=0.4842 mAP=0.496 | val loss=0.7806 mAP=0.495 | person=0.391 | car=0.525 | bicycle=0.081 | background=0.984
  💾 Meilleur JOINT sauvegardé (val mAP=0.495)
[JOINT]  26/30 | train loss=0.4839 mAP=0.496 | val loss=0.7803 mAP=0.495 | person=0.391 | car=0.525 | bicycle=0.081 | background=0.984
  💾 Meilleur JOINT sauvegardé (val mAP=0.495)
[JOINT]  27/30 | train loss=0.4838 mAP=0.496 | val loss=0.7802 mAP=0.495 | person=0.391 | car=0.525 | bicycle=0.081 | background=0.984
  💾 Meilleur JOINT sauvegardé (val mAP=0.495)
[JOINT]  28/30 | train loss=0.4836 mAP=0.496 | val loss=0.7801 mAP=0.495 | person=0.391 | car=0.525 | bicycle=0.081 | background=0.984
  💾 Meilleur JOINT sauvegardé (val mAP=0.495)
[JOINT]  29/30 | train loss=0.4836 mAP=0.496 | val loss=0.7801 mAP=0.495 | person=0.391 | car=0.525 | bicycle=0.081 | background=0.984
  💾 Meilleur JOINT sauvegardé (val mAP=0.495)
[JOINT]  30/30 | train loss=0.4836 mAP=0.497 | val loss=0.7801 mAP=0.495 | person=0.391 | car=0.525 | bicycle=0.081 | background=0.984
  💾 Meilleur JOINT sauvegardé (val mAP=0.495)
  📊 Courbe ROC sauvegardée : /home/2023029/PARTAGE/abelgh02/logs/lemumo/lemumo_vits16_llvip-kaistfull04_ep600_bs64_lamb0.1/probings_latest_runs10_cropsize224/roc_curve_joint.png

✨ SCORES ROC FINAUX POUR JOINT (Meilleure Époque) :
METRIC_AUC_JOINT_PERSON: 0.8901
METRIC_AUC_JOINT_CAR: 0.9168
METRIC_AUC_JOINT_BICYCLE: 0.8909
METRIC_AUC_JOINT_BACKGROUND: 0.9296

=======================================================
  RÉSUMÉ FINAL — Linear Probing JEPA sur FLIR Aligned
=======================================================
  RGB   │ █████████████                  │ mAP=0.447
  IR    │ ██████████████                 │ mAP=0.476
  BOTH  │ ███████████████                │ mAP=0.500
  JOINT │ ██████████████                 │ mAP=0.495
=======================================================

✅ mAP RGB ≈ mAP IR (gap < 5%) → le target_encoder aligne bien les deux modalités.
ℹ️  La fusion apporte +0.025 → les modalités restent complémentaires.

▶️  RUN 8/10 | cuda:0 | Seed: 50

=======================================================
  Linear Probing OFFLINE — mode : RGB
=======================================================
[train] mode=rgb | 4129 images (0 ignorées) | person=23408 patches | car=70689 patches | bicycle=6911 patches | background=718426 patches
[val] mode=rgb | 1013 images (0 ignorées) | person=15537 patches | car=21472 patches | bicycle=1588 patches | background=163479 patches
✅ Le MuMo encoder chargé depuis /home/2023029/PARTAGE/abelgh02/logs/lemumo/lemumo_vits16_llvip-kaistfull04_ep600_bs64_lamb0.1/latest.pt (run lemumo_vits16_llvip-kaistfull04_ep600_bs64_lamb0.1, variant=prune_after_first, ViT-small)
  ⚡ Features déjà extraites trouvées : chargement depuis /home/2023029/PARTAGE/abelgh02/logs/lemumo/lemumo_vits16_llvip-kaistfull04_ep600_bs64_lamb0.1/probings_latest_runs10_cropsize224/rgb_train_features_tbmTrue.pt
  ⚡ Features déjà extraites trouvées : chargement depuis /home/2023029/PARTAGE/abelgh02/logs/lemumo/lemumo_vits16_llvip-kaistfull04_ep600_bs64_lamb0.1/probings_latest_runs10_cropsize224/rgb_val_features_tbmTrue.pt
🔒 Graine aléatoire fixée à : 50
[RGB]   1/30 | train loss=0.9256 mAP=0.317 | val loss=1.0688 mAP=0.397 | person=0.228 | car=0.361 | bicycle=0.032 | background=0.967
  💾 Meilleur RGB sauvegardé (val mAP=0.397)
[RGB]   2/30 | train loss=0.7553 mAP=0.376 | val loss=0.9814 mAP=0.413 | person=0.246 | car=0.398 | bicycle=0.037 | background=0.970
  💾 Meilleur RGB sauvegardé (val mAP=0.413)
[RGB]   3/30 | train loss=0.6879 mAP=0.391 | val loss=0.9503 mAP=0.420 | person=0.254 | car=0.414 | bicycle=0.038 | background=0.973
  💾 Meilleur RGB sauvegardé (val mAP=0.420)
[RGB]   4/30 | train loss=0.6530 mAP=0.400 | val loss=0.9313 mAP=0.425 | person=0.259 | car=0.426 | bicycle=0.040 | background=0.974
  💾 Meilleur RGB sauvegardé (val mAP=0.425)
[RGB]   5/30 | train loss=0.6312 mAP=0.406 | val loss=0.9246 mAP=0.428 | person=0.262 | car=0.434 | bicycle=0.040 | background=0.975
  💾 Meilleur RGB sauvegardé (val mAP=0.428)
[RGB]   6/30 | train loss=0.6159 mAP=0.410 | val loss=0.9095 mAP=0.431 | person=0.265 | car=0.441 | bicycle=0.041 | background=0.976
  💾 Meilleur RGB sauvegardé (val mAP=0.431)
[RGB]   7/30 | train loss=0.6043 mAP=0.414 | val loss=0.9092 mAP=0.433 | person=0.267 | car=0.447 | bicycle=0.041 | background=0.977
  💾 Meilleur RGB sauvegardé (val mAP=0.433)
[RGB]   8/30 | train loss=0.5954 mAP=0.417 | val loss=0.9008 mAP=0.435 | person=0.269 | car=0.453 | bicycle=0.041 | background=0.977
  💾 Meilleur RGB sauvegardé (val mAP=0.435)
[RGB]   9/30 | train loss=0.5890 mAP=0.419 | val loss=0.8994 mAP=0.436 | person=0.270 | car=0.456 | bicycle=0.042 | background=0.977
  💾 Meilleur RGB sauvegardé (val mAP=0.436)
[RGB]  10/30 | train loss=0.5826 mAP=0.422 | val loss=0.8913 mAP=0.438 | person=0.272 | car=0.460 | bicycle=0.042 | background=0.978
  💾 Meilleur RGB sauvegardé (val mAP=0.438)
[RGB]  11/30 | train loss=0.5775 mAP=0.424 | val loss=0.8921 mAP=0.439 | person=0.273 | car=0.464 | bicycle=0.042 | background=0.978
  💾 Meilleur RGB sauvegardé (val mAP=0.439)
[RGB]  12/30 | train loss=0.5733 mAP=0.426 | val loss=0.8850 mAP=0.440 | person=0.274 | car=0.467 | bicycle=0.042 | background=0.978
  💾 Meilleur RGB sauvegardé (val mAP=0.440)
[RGB]  13/30 | train loss=0.5698 mAP=0.427 | val loss=0.8873 mAP=0.441 | person=0.275 | car=0.469 | bicycle=0.042 | background=0.978
  💾 Meilleur RGB sauvegardé (val mAP=0.441)
[RGB]  14/30 | train loss=0.5668 mAP=0.429 | val loss=0.8816 mAP=0.442 | person=0.276 | car=0.471 | bicycle=0.042 | background=0.978
  💾 Meilleur RGB sauvegardé (val mAP=0.442)
[RGB]  15/30 | train loss=0.5644 mAP=0.430 | val loss=0.8788 mAP=0.443 | person=0.276 | car=0.473 | bicycle=0.043 | background=0.979
  💾 Meilleur RGB sauvegardé (val mAP=0.443)
[RGB]  16/30 | train loss=0.5621 mAP=0.431 | val loss=0.8784 mAP=0.443 | person=0.277 | car=0.475 | bicycle=0.043 | background=0.979
  💾 Meilleur RGB sauvegardé (val mAP=0.443)
[RGB]  17/30 | train loss=0.5601 mAP=0.432 | val loss=0.8818 mAP=0.444 | person=0.278 | car=0.477 | bicycle=0.043 | background=0.979
  💾 Meilleur RGB sauvegardé (val mAP=0.444)
[RGB]  18/30 | train loss=0.5584 mAP=0.433 | val loss=0.8781 mAP=0.444 | person=0.278 | car=0.478 | bicycle=0.043 | background=0.979
  💾 Meilleur RGB sauvegardé (val mAP=0.444)
[RGB]  19/30 | train loss=0.5571 mAP=0.434 | val loss=0.8772 mAP=0.445 | person=0.278 | car=0.479 | bicycle=0.043 | background=0.979
  💾 Meilleur RGB sauvegardé (val mAP=0.445)
[RGB]  20/30 | train loss=0.5559 mAP=0.434 | val loss=0.8773 mAP=0.445 | person=0.279 | car=0.479 | bicycle=0.043 | background=0.979
  💾 Meilleur RGB sauvegardé (val mAP=0.445)
[RGB]  21/30 | train loss=0.5550 mAP=0.435 | val loss=0.8784 mAP=0.445 | person=0.279 | car=0.480 | bicycle=0.043 | background=0.979
  💾 Meilleur RGB sauvegardé (val mAP=0.445)
[RGB]  22/30 | train loss=0.5542 mAP=0.435 | val loss=0.8750 mAP=0.446 | person=0.279 | car=0.481 | bicycle=0.043 | background=0.979
  💾 Meilleur RGB sauvegardé (val mAP=0.446)
[RGB]  23/30 | train loss=0.5535 mAP=0.436 | val loss=0.8779 mAP=0.446 | person=0.280 | car=0.481 | bicycle=0.043 | background=0.979
  💾 Meilleur RGB sauvegardé (val mAP=0.446)
[RGB]  24/30 | train loss=0.5530 mAP=0.436 | val loss=0.8750 mAP=0.446 | person=0.280 | car=0.482 | bicycle=0.043 | background=0.979
  💾 Meilleur RGB sauvegardé (val mAP=0.446)
[RGB]  25/30 | train loss=0.5527 mAP=0.436 | val loss=0.8764 mAP=0.446 | person=0.280 | car=0.482 | bicycle=0.043 | background=0.979
  💾 Meilleur RGB sauvegardé (val mAP=0.446)
[RGB]  26/30 | train loss=0.5523 mAP=0.436 | val loss=0.8768 mAP=0.446 | person=0.280 | car=0.482 | bicycle=0.043 | background=0.979
  💾 Meilleur RGB sauvegardé (val mAP=0.446)
[RGB]  27/30 | train loss=0.5521 mAP=0.436 | val loss=0.8761 mAP=0.446 | person=0.280 | car=0.482 | bicycle=0.043 | background=0.979
  💾 Meilleur RGB sauvegardé (val mAP=0.446)
[RGB]  28/30 | train loss=0.5520 mAP=0.436 | val loss=0.8752 mAP=0.446 | person=0.280 | car=0.482 | bicycle=0.043 | background=0.979
  💾 Meilleur RGB sauvegardé (val mAP=0.446)
[RGB]  29/30 | train loss=0.5519 mAP=0.436 | val loss=0.8752 mAP=0.446 | person=0.280 | car=0.482 | bicycle=0.043 | background=0.979
  💾 Meilleur RGB sauvegardé (val mAP=0.446)
[RGB]  30/30 | train loss=0.5519 mAP=0.436 | val loss=0.8752 mAP=0.446 | person=0.280 | car=0.482 | bicycle=0.043 | background=0.979
  💾 Meilleur RGB sauvegardé (val mAP=0.446)
  📊 Courbe ROC sauvegardée : /home/2023029/PARTAGE/abelgh02/logs/lemumo/lemumo_vits16_llvip-kaistfull04_ep600_bs64_lamb0.1/probings_latest_runs10_cropsize224/roc_curve_rgb.png

✨ SCORES ROC FINAUX POUR RGB (Meilleure Époque) :
METRIC_AUC_RGB_PERSON: 0.8552
METRIC_AUC_RGB_CAR: 0.9035
METRIC_AUC_RGB_BICYCLE: 0.8679
METRIC_AUC_RGB_BACKGROUND: 0.9103

=======================================================
  Linear Probing OFFLINE — mode : IR
=======================================================
[train] mode=ir | 4129 images (0 ignorées) | person=23408 patches | car=70689 patches | bicycle=6911 patches | background=718426 patches
[val] mode=ir | 1013 images (0 ignorées) | person=15537 patches | car=21472 patches | bicycle=1588 patches | background=163479 patches
✅ Le MuMo encoder chargé depuis /home/2023029/PARTAGE/abelgh02/logs/lemumo/lemumo_vits16_llvip-kaistfull04_ep600_bs64_lamb0.1/latest.pt (run lemumo_vits16_llvip-kaistfull04_ep600_bs64_lamb0.1, variant=prune_after_first, ViT-small)
  ⚡ Features déjà extraites trouvées : chargement depuis /home/2023029/PARTAGE/abelgh02/logs/lemumo/lemumo_vits16_llvip-kaistfull04_ep600_bs64_lamb0.1/probings_latest_runs10_cropsize224/ir_train_features_tbmTrue.pt
  ⚡ Features déjà extraites trouvées : chargement depuis /home/2023029/PARTAGE/abelgh02/logs/lemumo/lemumo_vits16_llvip-kaistfull04_ep600_bs64_lamb0.1/probings_latest_runs10_cropsize224/ir_val_features_tbmTrue.pt
🔒 Graine aléatoire fixée à : 50
[IR]   1/30 | train loss=0.8749 mAP=0.363 | val loss=0.9999 mAP=0.418 | person=0.269 | car=0.392 | bicycle=0.045 | background=0.965
  💾 Meilleur IR sauvegardé (val mAP=0.418)
[IR]   2/30 | train loss=0.6917 mAP=0.407 | val loss=0.9075 mAP=0.433 | person=0.304 | car=0.405 | bicycle=0.050 | background=0.972
  💾 Meilleur IR sauvegardé (val mAP=0.433)
[IR]   3/30 | train loss=0.6275 mAP=0.421 | val loss=0.8700 mAP=0.443 | person=0.328 | car=0.414 | bicycle=0.057 | background=0.975
  💾 Meilleur IR sauvegardé (val mAP=0.443)
[IR]   4/30 | train loss=0.5963 mAP=0.432 | val loss=0.8687 mAP=0.451 | person=0.343 | car=0.423 | bicycle=0.061 | background=0.976
  💾 Meilleur IR sauvegardé (val mAP=0.451)
[IR]   5/30 | train loss=0.5778 mAP=0.439 | val loss=0.8447 mAP=0.456 | person=0.353 | car=0.429 | bicycle=0.064 | background=0.977
  💾 Meilleur IR sauvegardé (val mAP=0.456)
[IR]   6/30 | train loss=0.5647 mAP=0.444 | val loss=0.8352 mAP=0.460 | person=0.360 | car=0.435 | bicycle=0.066 | background=0.978
  💾 Meilleur IR sauvegardé (val mAP=0.460)
[IR]   7/30 | train loss=0.5554 mAP=0.449 | val loss=0.8330 mAP=0.463 | person=0.365 | car=0.440 | bicycle=0.067 | background=0.979
  💾 Meilleur IR sauvegardé (val mAP=0.463)
[IR]   8/30 | train loss=0.5476 mAP=0.452 | val loss=0.8265 mAP=0.465 | person=0.369 | car=0.443 | bicycle=0.069 | background=0.979
  💾 Meilleur IR sauvegardé (val mAP=0.465)
[IR]   9/30 | train loss=0.5415 mAP=0.455 | val loss=0.8239 mAP=0.467 | person=0.372 | car=0.447 | bicycle=0.069 | background=0.979
  💾 Meilleur IR sauvegardé (val mAP=0.467)
[IR]  10/30 | train loss=0.5366 mAP=0.458 | val loss=0.8209 mAP=0.468 | person=0.373 | car=0.450 | bicycle=0.070 | background=0.979
  💾 Meilleur IR sauvegardé (val mAP=0.468)
[IR]  11/30 | train loss=0.5324 mAP=0.460 | val loss=0.8102 mAP=0.469 | person=0.374 | car=0.452 | bicycle=0.071 | background=0.980
  💾 Meilleur IR sauvegardé (val mAP=0.469)
[IR]  12/30 | train loss=0.5287 mAP=0.462 | val loss=0.8186 mAP=0.471 | person=0.376 | car=0.455 | bicycle=0.071 | background=0.980
  💾 Meilleur IR sauvegardé (val mAP=0.471)
[IR]  13/30 | train loss=0.5257 mAP=0.463 | val loss=0.8079 mAP=0.471 | person=0.377 | car=0.457 | bicycle=0.071 | background=0.980
  💾 Meilleur IR sauvegardé (val mAP=0.471)
[IR]  14/30 | train loss=0.5231 mAP=0.465 | val loss=0.8136 mAP=0.472 | person=0.379 | car=0.457 | bicycle=0.072 | background=0.980
  💾 Meilleur IR sauvegardé (val mAP=0.472)
[IR]  15/30 | train loss=0.5208 mAP=0.466 | val loss=0.8082 mAP=0.473 | person=0.378 | car=0.459 | bicycle=0.072 | background=0.980
  💾 Meilleur IR sauvegardé (val mAP=0.473)
[IR]  16/30 | train loss=0.5190 mAP=0.467 | val loss=0.8061 mAP=0.473 | person=0.379 | car=0.461 | bicycle=0.072 | background=0.980
  💾 Meilleur IR sauvegardé (val mAP=0.473)
[IR]  17/30 | train loss=0.5173 mAP=0.468 | val loss=0.8106 mAP=0.473 | person=0.380 | car=0.461 | bicycle=0.072 | background=0.980
  💾 Meilleur IR sauvegardé (val mAP=0.473)
[IR]  18/30 | train loss=0.5159 mAP=0.469 | val loss=0.8052 mAP=0.474 | person=0.380 | car=0.462 | bicycle=0.072 | background=0.980
  💾 Meilleur IR sauvegardé (val mAP=0.474)
[IR]  19/30 | train loss=0.5146 mAP=0.469 | val loss=0.8043 mAP=0.474 | person=0.381 | car=0.462 | bicycle=0.072 | background=0.980
  💾 Meilleur IR sauvegardé (val mAP=0.474)
[IR]  20/30 | train loss=0.5136 mAP=0.470 | val loss=0.8043 mAP=0.474 | person=0.381 | car=0.463 | bicycle=0.072 | background=0.980
  💾 Meilleur IR sauvegardé (val mAP=0.474)
[IR]  21/30 | train loss=0.5128 mAP=0.470 | val loss=0.8030 mAP=0.474 | person=0.381 | car=0.464 | bicycle=0.072 | background=0.980
  💾 Meilleur IR sauvegardé (val mAP=0.474)
[IR]  22/30 | train loss=0.5120 mAP=0.471 | val loss=0.8026 mAP=0.474 | person=0.381 | car=0.464 | bicycle=0.072 | background=0.980
  💾 Meilleur IR sauvegardé (val mAP=0.474)
[IR]  23/30 | train loss=0.5115 mAP=0.471 | val loss=0.8043 mAP=0.475 | person=0.381 | car=0.464 | bicycle=0.072 | background=0.980
  💾 Meilleur IR sauvegardé (val mAP=0.475)
[IR]  24/30 | train loss=0.5110 mAP=0.471 | val loss=0.8023 mAP=0.475 | person=0.381 | car=0.464 | bicycle=0.072 | background=0.980
  💾 Meilleur IR sauvegardé (val mAP=0.475)
[IR]  25/30 | train loss=0.5107 mAP=0.471 | val loss=0.8041 mAP=0.475 | person=0.382 | car=0.465 | bicycle=0.072 | background=0.981
  💾 Meilleur IR sauvegardé (val mAP=0.475)
[IR]  26/30 | train loss=0.5104 mAP=0.472 | val loss=0.8032 mAP=0.475 | person=0.381 | car=0.465 | bicycle=0.072 | background=0.981
  💾 Meilleur IR sauvegardé (val mAP=0.475)
[IR]  27/30 | train loss=0.5102 mAP=0.472 | val loss=0.8035 mAP=0.475 | person=0.382 | car=0.465 | bicycle=0.072 | background=0.981
  💾 Meilleur IR sauvegardé (val mAP=0.475)
[IR]  28/30 | train loss=0.5101 mAP=0.472 | val loss=0.8037 mAP=0.475 | person=0.382 | car=0.465 | bicycle=0.072 | background=0.981
  💾 Meilleur IR sauvegardé (val mAP=0.475)
[IR]  29/30 | train loss=0.5100 mAP=0.472 | val loss=0.8036 mAP=0.475 | person=0.382 | car=0.465 | bicycle=0.072 | background=0.981
  💾 Meilleur IR sauvegardé (val mAP=0.475)
[IR]  30/30 | train loss=0.5100 mAP=0.472 | val loss=0.8036 mAP=0.475 | person=0.382 | car=0.465 | bicycle=0.072 | background=0.981
  💾 Meilleur IR sauvegardé (val mAP=0.475)
  📊 Courbe ROC sauvegardée : /home/2023029/PARTAGE/abelgh02/logs/lemumo/lemumo_vits16_llvip-kaistfull04_ep600_bs64_lamb0.1/probings_latest_runs10_cropsize224/roc_curve_ir.png

✨ SCORES ROC FINAUX POUR IR (Meilleure Époque) :
METRIC_AUC_IR_PERSON: 0.8852
METRIC_AUC_IR_CAR: 0.8975
METRIC_AUC_IR_BICYCLE: 0.8866
METRIC_AUC_IR_BACKGROUND: 0.9168

=======================================================
  Linear Probing OFFLINE — mode : BOTH
=======================================================
[train] mode=both | 4129 images (0 ignorées) | person=23408 patches | car=70689 patches | bicycle=6911 patches | background=718426 patches
[val] mode=both | 1013 images (0 ignorées) | person=15537 patches | car=21472 patches | bicycle=1588 patches | background=163479 patches
✅ Le MuMo encoder chargé depuis /home/2023029/PARTAGE/abelgh02/logs/lemumo/lemumo_vits16_llvip-kaistfull04_ep600_bs64_lamb0.1/latest.pt (run lemumo_vits16_llvip-kaistfull04_ep600_bs64_lamb0.1, variant=prune_after_first, ViT-small)
  ⚡ Features déjà extraites trouvées : chargement depuis /home/2023029/PARTAGE/abelgh02/logs/lemumo/lemumo_vits16_llvip-kaistfull04_ep600_bs64_lamb0.1/probings_latest_runs10_cropsize224/both_train_features_tbmTrue.pt
  ⚡ Features déjà extraites trouvées : chargement depuis /home/2023029/PARTAGE/abelgh02/logs/lemumo/lemumo_vits16_llvip-kaistfull04_ep600_bs64_lamb0.1/probings_latest_runs10_cropsize224/both_val_features_tbmTrue.pt
🔒 Graine aléatoire fixée à : 50
[BOTH]   1/30 | train loss=0.7941 mAP=0.387 | val loss=0.9176 mAP=0.436 | person=0.284 | car=0.435 | bicycle=0.053 | background=0.974
  💾 Meilleur BOTH sauvegardé (val mAP=0.436)
[BOTH]   2/30 | train loss=0.5974 mAP=0.433 | val loss=0.8552 mAP=0.456 | person=0.327 | car=0.455 | bicycle=0.065 | background=0.978
  💾 Meilleur BOTH sauvegardé (val mAP=0.456)
[BOTH]   3/30 | train loss=0.5481 mAP=0.456 | val loss=0.8211 mAP=0.468 | person=0.350 | car=0.473 | bicycle=0.070 | background=0.980
  💾 Meilleur BOTH sauvegardé (val mAP=0.468)
[BOTH]   4/30 | train loss=0.5245 mAP=0.471 | val loss=0.8096 mAP=0.476 | person=0.364 | car=0.486 | bicycle=0.071 | background=0.982
  💾 Meilleur BOTH sauvegardé (val mAP=0.476)
[BOTH]   5/30 | train loss=0.5097 mAP=0.480 | val loss=0.8126 mAP=0.480 | person=0.372 | car=0.496 | bicycle=0.072 | background=0.982
  💾 Meilleur BOTH sauvegardé (val mAP=0.480)
[BOTH]   6/30 | train loss=0.4993 mAP=0.486 | val loss=0.7990 mAP=0.484 | person=0.377 | car=0.504 | bicycle=0.073 | background=0.983
  💾 Meilleur BOTH sauvegardé (val mAP=0.484)
[BOTH]   7/30 | train loss=0.4906 mAP=0.492 | val loss=0.7839 mAP=0.487 | person=0.380 | car=0.511 | bicycle=0.073 | background=0.983
  💾 Meilleur BOTH sauvegardé (val mAP=0.487)
[BOTH]   8/30 | train loss=0.4841 mAP=0.497 | val loss=0.7664 mAP=0.489 | person=0.383 | car=0.517 | bicycle=0.073 | background=0.984
  💾 Meilleur BOTH sauvegardé (val mAP=0.489)
[BOTH]   9/30 | train loss=0.4797 mAP=0.499 | val loss=0.7677 mAP=0.491 | person=0.385 | car=0.522 | bicycle=0.073 | background=0.984
  💾 Meilleur BOTH sauvegardé (val mAP=0.491)
[BOTH]  10/30 | train loss=0.4748 mAP=0.502 | val loss=0.7796 mAP=0.492 | person=0.387 | car=0.526 | bicycle=0.073 | background=0.984
  💾 Meilleur BOTH sauvegardé (val mAP=0.492)
[BOTH]  11/30 | train loss=0.4707 mAP=0.505 | val loss=0.7728 mAP=0.494 | person=0.388 | car=0.529 | bicycle=0.073 | background=0.984
  💾 Meilleur BOTH sauvegardé (val mAP=0.494)
[BOTH]  12/30 | train loss=0.4674 mAP=0.507 | val loss=0.7612 mAP=0.494 | person=0.388 | car=0.532 | bicycle=0.073 | background=0.984
  💾 Meilleur BOTH sauvegardé (val mAP=0.494)
[BOTH]  13/30 | train loss=0.4649 mAP=0.509 | val loss=0.7637 mAP=0.496 | person=0.390 | car=0.535 | bicycle=0.073 | background=0.984
  💾 Meilleur BOTH sauvegardé (val mAP=0.496)
[BOTH]  14/30 | train loss=0.4624 mAP=0.510 | val loss=0.7680 mAP=0.496 | person=0.391 | car=0.537 | bicycle=0.074 | background=0.985
  💾 Meilleur BOTH sauvegardé (val mAP=0.496)
[BOTH]  15/30 | train loss=0.4606 mAP=0.512 | val loss=0.7611 mAP=0.497 | person=0.392 | car=0.539 | bicycle=0.074 | background=0.985
  💾 Meilleur BOTH sauvegardé (val mAP=0.497)
[BOTH]  16/30 | train loss=0.4588 mAP=0.513 | val loss=0.7611 mAP=0.497 | person=0.391 | car=0.540 | bicycle=0.074 | background=0.985
  💾 Meilleur BOTH sauvegardé (val mAP=0.497)
[BOTH]  17/30 | train loss=0.4571 mAP=0.514 | val loss=0.7696 mAP=0.498 | person=0.392 | car=0.542 | bicycle=0.074 | background=0.985
  💾 Meilleur BOTH sauvegardé (val mAP=0.498)
[BOTH]  18/30 | train loss=0.4559 mAP=0.515 | val loss=0.7507 mAP=0.498 | person=0.392 | car=0.543 | bicycle=0.074 | background=0.985
  💾 Meilleur BOTH sauvegardé (val mAP=0.498)
[BOTH]  19/30 | train loss=0.4547 mAP=0.516 | val loss=0.7564 mAP=0.499 | person=0.393 | car=0.544 | bicycle=0.074 | background=0.985
  💾 Meilleur BOTH sauvegardé (val mAP=0.499)
[BOTH]  20/30 | train loss=0.4538 mAP=0.517 | val loss=0.7572 mAP=0.499 | person=0.394 | car=0.545 | bicycle=0.074 | background=0.985
  💾 Meilleur BOTH sauvegardé (val mAP=0.499)
[BOTH]  21/30 | train loss=0.4528 mAP=0.517 | val loss=0.7594 mAP=0.499 | person=0.394 | car=0.545 | bicycle=0.074 | background=0.985
  💾 Meilleur BOTH sauvegardé (val mAP=0.499)
[BOTH]  22/30 | train loss=0.4521 mAP=0.518 | val loss=0.7571 mAP=0.500 | person=0.394 | car=0.546 | bicycle=0.074 | background=0.985
  💾 Meilleur BOTH sauvegardé (val mAP=0.500)
[BOTH]  23/30 | train loss=0.4516 mAP=0.518 | val loss=0.7568 mAP=0.500 | person=0.394 | car=0.546 | bicycle=0.074 | background=0.985
  💾 Meilleur BOTH sauvegardé (val mAP=0.500)
[BOTH]  24/30 | train loss=0.4512 mAP=0.518 | val loss=0.7572 mAP=0.500 | person=0.394 | car=0.547 | bicycle=0.074 | background=0.985
  💾 Meilleur BOTH sauvegardé (val mAP=0.500)
[BOTH]  25/30 | train loss=0.4509 mAP=0.519 | val loss=0.7571 mAP=0.500 | person=0.394 | car=0.547 | bicycle=0.074 | background=0.985
  💾 Meilleur BOTH sauvegardé (val mAP=0.500)
[BOTH]  26/30 | train loss=0.4506 mAP=0.519 | val loss=0.7579 mAP=0.500 | person=0.394 | car=0.547 | bicycle=0.074 | background=0.985
  💾 Meilleur BOTH sauvegardé (val mAP=0.500)
[BOTH]  27/30 | train loss=0.4504 mAP=0.519 | val loss=0.7565 mAP=0.500 | person=0.394 | car=0.547 | bicycle=0.074 | background=0.985
  💾 Meilleur BOTH sauvegardé (val mAP=0.500)
[BOTH]  28/30 | train loss=0.4503 mAP=0.519 | val loss=0.7569 mAP=0.500 | person=0.394 | car=0.547 | bicycle=0.074 | background=0.985
  💾 Meilleur BOTH sauvegardé (val mAP=0.500)
[BOTH]  29/30 | train loss=0.4502 mAP=0.519 | val loss=0.7568 mAP=0.500 | person=0.394 | car=0.547 | bicycle=0.074 | background=0.985
  💾 Meilleur BOTH sauvegardé (val mAP=0.500)
[BOTH]  30/30 | train loss=0.4502 mAP=0.519 | val loss=0.7568 mAP=0.500 | person=0.394 | car=0.547 | bicycle=0.074 | background=0.985
  📊 Courbe ROC sauvegardée : /home/2023029/PARTAGE/abelgh02/logs/lemumo/lemumo_vits16_llvip-kaistfull04_ep600_bs64_lamb0.1/probings_latest_runs10_cropsize224/roc_curve_both.png

✨ SCORES ROC FINAUX POUR BOTH (Meilleure Époque) :
METRIC_AUC_BOTH_PERSON: 0.8942
METRIC_AUC_BOTH_CAR: 0.9236
METRIC_AUC_BOTH_BICYCLE: 0.8994
METRIC_AUC_BOTH_BACKGROUND: 0.9348

=======================================================
  Linear Probing OFFLINE — mode : JOINT
=======================================================
[train] mode=joint | 4129 images (0 ignorées) | person=23408 patches | car=70689 patches | bicycle=6911 patches | background=718426 patches
[val] mode=joint | 1013 images (0 ignorées) | person=15537 patches | car=21472 patches | bicycle=1588 patches | background=163479 patches
✅ Le MuMo encoder chargé depuis /home/2023029/PARTAGE/abelgh02/logs/lemumo/lemumo_vits16_llvip-kaistfull04_ep600_bs64_lamb0.1/latest.pt (run lemumo_vits16_llvip-kaistfull04_ep600_bs64_lamb0.1, variant=prune_after_first, ViT-small)
  ⚡ Features déjà extraites trouvées : chargement depuis /home/2023029/PARTAGE/abelgh02/logs/lemumo/lemumo_vits16_llvip-kaistfull04_ep600_bs64_lamb0.1/probings_latest_runs10_cropsize224/joint_train_features_tbmTrue.pt
  ⚡ Features déjà extraites trouvées : chargement depuis /home/2023029/PARTAGE/abelgh02/logs/lemumo/lemumo_vits16_llvip-kaistfull04_ep600_bs64_lamb0.1/probings_latest_runs10_cropsize224/joint_val_features_tbmTrue.pt
🔒 Graine aléatoire fixée à : 50
[JOINT]   1/30 | train loss=0.8511 mAP=0.374 | val loss=0.9550 mAP=0.428 | person=0.268 | car=0.427 | bicycle=0.046 | background=0.972
  💾 Meilleur JOINT sauvegardé (val mAP=0.428)
[JOINT]   2/30 | train loss=0.6612 mAP=0.420 | val loss=0.8872 mAP=0.445 | person=0.304 | car=0.445 | bicycle=0.055 | background=0.977
  💾 Meilleur JOINT sauvegardé (val mAP=0.445)
[JOINT]   3/30 | train loss=0.5990 mAP=0.437 | val loss=0.8510 mAP=0.458 | person=0.330 | car=0.460 | bicycle=0.065 | background=0.979
  💾 Meilleur JOINT sauvegardé (val mAP=0.458)
[JOINT]   4/30 | train loss=0.5698 mAP=0.449 | val loss=0.8406 mAP=0.467 | person=0.346 | car=0.471 | bicycle=0.071 | background=0.980
  💾 Meilleur JOINT sauvegardé (val mAP=0.467)
[JOINT]   5/30 | train loss=0.5519 mAP=0.457 | val loss=0.8264 mAP=0.473 | person=0.357 | car=0.481 | bicycle=0.074 | background=0.981
  💾 Meilleur JOINT sauvegardé (val mAP=0.473)
[JOINT]   6/30 | train loss=0.5395 mAP=0.464 | val loss=0.8181 mAP=0.477 | person=0.364 | car=0.488 | bicycle=0.076 | background=0.982
  💾 Meilleur JOINT sauvegardé (val mAP=0.477)
[JOINT]   7/30 | train loss=0.5298 mAP=0.469 | val loss=0.8080 mAP=0.481 | person=0.368 | car=0.494 | bicycle=0.078 | background=0.982
  💾 Meilleur JOINT sauvegardé (val mAP=0.481)
[JOINT]   8/30 | train loss=0.5226 mAP=0.473 | val loss=0.8074 mAP=0.483 | person=0.372 | car=0.500 | bicycle=0.079 | background=0.982
  💾 Meilleur JOINT sauvegardé (val mAP=0.483)
[JOINT]   9/30 | train loss=0.5162 mAP=0.476 | val loss=0.8075 mAP=0.485 | person=0.375 | car=0.504 | bicycle=0.079 | background=0.983
  💾 Meilleur JOINT sauvegardé (val mAP=0.485)
[JOINT]  10/30 | train loss=0.5112 mAP=0.480 | val loss=0.7979 mAP=0.486 | person=0.376 | car=0.507 | bicycle=0.080 | background=0.983
  💾 Meilleur JOINT sauvegardé (val mAP=0.486)
[JOINT]  11/30 | train loss=0.5068 mAP=0.482 | val loss=0.7929 mAP=0.488 | person=0.379 | car=0.511 | bicycle=0.080 | background=0.983
  💾 Meilleur JOINT sauvegardé (val mAP=0.488)
[JOINT]  12/30 | train loss=0.5031 mAP=0.484 | val loss=0.7949 mAP=0.489 | person=0.380 | car=0.513 | bicycle=0.080 | background=0.983
  💾 Meilleur JOINT sauvegardé (val mAP=0.489)
[JOINT]  13/30 | train loss=0.5000 mAP=0.486 | val loss=0.7949 mAP=0.490 | person=0.382 | car=0.515 | bicycle=0.080 | background=0.983
  💾 Meilleur JOINT sauvegardé (val mAP=0.490)
[JOINT]  14/30 | train loss=0.4972 mAP=0.488 | val loss=0.7903 mAP=0.491 | person=0.383 | car=0.517 | bicycle=0.081 | background=0.983
  💾 Meilleur JOINT sauvegardé (val mAP=0.491)
[JOINT]  15/30 | train loss=0.4950 mAP=0.490 | val loss=0.7900 mAP=0.491 | person=0.384 | car=0.518 | bicycle=0.081 | background=0.983
  💾 Meilleur JOINT sauvegardé (val mAP=0.491)
[JOINT]  16/30 | train loss=0.4930 mAP=0.491 | val loss=0.7870 mAP=0.492 | person=0.384 | car=0.519 | bicycle=0.081 | background=0.984
  💾 Meilleur JOINT sauvegardé (val mAP=0.492)
[JOINT]  17/30 | train loss=0.4912 mAP=0.492 | val loss=0.7844 mAP=0.492 | person=0.385 | car=0.520 | bicycle=0.081 | background=0.984
  💾 Meilleur JOINT sauvegardé (val mAP=0.492)
[JOINT]  18/30 | train loss=0.4897 mAP=0.493 | val loss=0.7854 mAP=0.493 | person=0.386 | car=0.521 | bicycle=0.081 | background=0.984
  💾 Meilleur JOINT sauvegardé (val mAP=0.493)
[JOINT]  19/30 | train loss=0.4885 mAP=0.494 | val loss=0.7862 mAP=0.493 | person=0.387 | car=0.522 | bicycle=0.081 | background=0.984
  💾 Meilleur JOINT sauvegardé (val mAP=0.493)
[JOINT]  20/30 | train loss=0.4874 mAP=0.495 | val loss=0.7833 mAP=0.493 | person=0.387 | car=0.522 | bicycle=0.081 | background=0.984
  💾 Meilleur JOINT sauvegardé (val mAP=0.493)
[JOINT]  21/30 | train loss=0.4865 mAP=0.495 | val loss=0.7853 mAP=0.494 | person=0.388 | car=0.523 | bicycle=0.081 | background=0.984
  💾 Meilleur JOINT sauvegardé (val mAP=0.494)
[JOINT]  22/30 | train loss=0.4858 mAP=0.496 | val loss=0.7850 mAP=0.494 | person=0.388 | car=0.523 | bicycle=0.081 | background=0.984
  💾 Meilleur JOINT sauvegardé (val mAP=0.494)
[JOINT]  23/30 | train loss=0.4851 mAP=0.496 | val loss=0.7838 mAP=0.494 | person=0.388 | car=0.523 | bicycle=0.081 | background=0.984
  💾 Meilleur JOINT sauvegardé (val mAP=0.494)
[JOINT]  24/30 | train loss=0.4847 mAP=0.496 | val loss=0.7828 mAP=0.494 | person=0.388 | car=0.524 | bicycle=0.081 | background=0.984
  💾 Meilleur JOINT sauvegardé (val mAP=0.494)
[JOINT]  25/30 | train loss=0.4843 mAP=0.497 | val loss=0.7827 mAP=0.494 | person=0.388 | car=0.524 | bicycle=0.081 | background=0.984
  💾 Meilleur JOINT sauvegardé (val mAP=0.494)
[JOINT]  26/30 | train loss=0.4840 mAP=0.497 | val loss=0.7836 mAP=0.494 | person=0.388 | car=0.524 | bicycle=0.081 | background=0.984
  💾 Meilleur JOINT sauvegardé (val mAP=0.494)
[JOINT]  27/30 | train loss=0.4839 mAP=0.497 | val loss=0.7839 mAP=0.494 | person=0.388 | car=0.524 | bicycle=0.081 | background=0.984
  💾 Meilleur JOINT sauvegardé (val mAP=0.494)
[JOINT]  28/30 | train loss=0.4838 mAP=0.497 | val loss=0.7835 mAP=0.494 | person=0.388 | car=0.524 | bicycle=0.081 | background=0.984
  💾 Meilleur JOINT sauvegardé (val mAP=0.494)
[JOINT]  29/30 | train loss=0.4837 mAP=0.497 | val loss=0.7834 mAP=0.494 | person=0.388 | car=0.524 | bicycle=0.081 | background=0.984
  💾 Meilleur JOINT sauvegardé (val mAP=0.494)
[JOINT]  30/30 | train loss=0.4837 mAP=0.497 | val loss=0.7834 mAP=0.494 | person=0.388 | car=0.524 | bicycle=0.081 | background=0.984
  💾 Meilleur JOINT sauvegardé (val mAP=0.494)
  📊 Courbe ROC sauvegardée : /home/2023029/PARTAGE/abelgh02/logs/lemumo/lemumo_vits16_llvip-kaistfull04_ep600_bs64_lamb0.1/probings_latest_runs10_cropsize224/roc_curve_joint.png

✨ SCORES ROC FINAUX POUR JOINT (Meilleure Époque) :
METRIC_AUC_JOINT_PERSON: 0.8896
METRIC_AUC_JOINT_CAR: 0.9165
METRIC_AUC_JOINT_BICYCLE: 0.8909
METRIC_AUC_JOINT_BACKGROUND: 0.9295

=======================================================
  RÉSUMÉ FINAL — Linear Probing JEPA sur FLIR Aligned
=======================================================
  RGB   │ █████████████                  │ mAP=0.446
  IR    │ ██████████████                 │ mAP=0.475
  BOTH  │ ███████████████                │ mAP=0.500
  JOINT │ ██████████████                 │ mAP=0.494
=======================================================

✅ mAP RGB ≈ mAP IR (gap < 5%) → le target_encoder aligne bien les deux modalités.
ℹ️  La fusion apporte +0.025 → les modalités restent complémentaires.

▶️  RUN 9/10 | cuda:0 | Seed: 51

=======================================================
  Linear Probing OFFLINE — mode : RGB
=======================================================
[train] mode=rgb | 4129 images (0 ignorées) | person=23408 patches | car=70689 patches | bicycle=6911 patches | background=718426 patches
[val] mode=rgb | 1013 images (0 ignorées) | person=15537 patches | car=21472 patches | bicycle=1588 patches | background=163479 patches
✅ Le MuMo encoder chargé depuis /home/2023029/PARTAGE/abelgh02/logs/lemumo/lemumo_vits16_llvip-kaistfull04_ep600_bs64_lamb0.1/latest.pt (run lemumo_vits16_llvip-kaistfull04_ep600_bs64_lamb0.1, variant=prune_after_first, ViT-small)
  ⚡ Features déjà extraites trouvées : chargement depuis /home/2023029/PARTAGE/abelgh02/logs/lemumo/lemumo_vits16_llvip-kaistfull04_ep600_bs64_lamb0.1/probings_latest_runs10_cropsize224/rgb_train_features_tbmTrue.pt
  ⚡ Features déjà extraites trouvées : chargement depuis /home/2023029/PARTAGE/abelgh02/logs/lemumo/lemumo_vits16_llvip-kaistfull04_ep600_bs64_lamb0.1/probings_latest_runs10_cropsize224/rgb_val_features_tbmTrue.pt
🔒 Graine aléatoire fixée à : 51
[RGB]   1/30 | train loss=0.8913 mAP=0.353 | val loss=1.0429 mAP=0.400 | person=0.235 | car=0.372 | bicycle=0.031 | background=0.963
  💾 Meilleur RGB sauvegardé (val mAP=0.400)
[RGB]   2/30 | train loss=0.7378 mAP=0.383 | val loss=0.9707 mAP=0.411 | person=0.247 | car=0.394 | bicycle=0.037 | background=0.968
  💾 Meilleur RGB sauvegardé (val mAP=0.411)
[RGB]   3/30 | train loss=0.6773 mAP=0.395 | val loss=0.9311 mAP=0.419 | person=0.256 | car=0.410 | bicycle=0.039 | background=0.971
  💾 Meilleur RGB sauvegardé (val mAP=0.419)
[RGB]   4/30 | train loss=0.6451 mAP=0.403 | val loss=0.9390 mAP=0.423 | person=0.260 | car=0.421 | bicycle=0.040 | background=0.973
  💾 Meilleur RGB sauvegardé (val mAP=0.423)
[RGB]   5/30 | train loss=0.6251 mAP=0.409 | val loss=0.9253 mAP=0.427 | person=0.264 | car=0.431 | bicycle=0.040 | background=0.974
  💾 Meilleur RGB sauvegardé (val mAP=0.427)
[RGB]   6/30 | train loss=0.6102 mAP=0.413 | val loss=0.9104 mAP=0.430 | person=0.266 | car=0.438 | bicycle=0.041 | background=0.975
  💾 Meilleur RGB sauvegardé (val mAP=0.430)
[RGB]   7/30 | train loss=0.5996 mAP=0.417 | val loss=0.9003 mAP=0.433 | person=0.268 | car=0.445 | bicycle=0.041 | background=0.976
  💾 Meilleur RGB sauvegardé (val mAP=0.433)
[RGB]   8/30 | train loss=0.5912 mAP=0.419 | val loss=0.8983 mAP=0.435 | person=0.270 | car=0.451 | bicycle=0.041 | background=0.977
  💾 Meilleur RGB sauvegardé (val mAP=0.435)
[RGB]   9/30 | train loss=0.5842 mAP=0.422 | val loss=0.8838 mAP=0.436 | person=0.271 | car=0.455 | bicycle=0.042 | background=0.977
  💾 Meilleur RGB sauvegardé (val mAP=0.436)
[RGB]  10/30 | train loss=0.5787 mAP=0.424 | val loss=0.8948 mAP=0.438 | person=0.273 | car=0.459 | bicycle=0.042 | background=0.977
  💾 Meilleur RGB sauvegardé (val mAP=0.438)
[RGB]  11/30 | train loss=0.5738 mAP=0.426 | val loss=0.8788 mAP=0.439 | person=0.274 | car=0.462 | bicycle=0.042 | background=0.978
  💾 Meilleur RGB sauvegardé (val mAP=0.439)
[RGB]  12/30 | train loss=0.5702 mAP=0.428 | val loss=0.8779 mAP=0.440 | person=0.276 | car=0.466 | bicycle=0.042 | background=0.978
  💾 Meilleur RGB sauvegardé (val mAP=0.440)
[RGB]  13/30 | train loss=0.5667 mAP=0.429 | val loss=0.8793 mAP=0.441 | person=0.277 | car=0.468 | bicycle=0.043 | background=0.978
  💾 Meilleur RGB sauvegardé (val mAP=0.441)
[RGB]  14/30 | train loss=0.5637 mAP=0.431 | val loss=0.8830 mAP=0.442 | person=0.277 | car=0.471 | bicycle=0.043 | background=0.978
  💾 Meilleur RGB sauvegardé (val mAP=0.442)
[RGB]  15/30 | train loss=0.5612 mAP=0.432 | val loss=0.8827 mAP=0.443 | person=0.278 | car=0.473 | bicycle=0.043 | background=0.978
  💾 Meilleur RGB sauvegardé (val mAP=0.443)
[RGB]  16/30 | train loss=0.5592 mAP=0.433 | val loss=0.8768 mAP=0.444 | person=0.279 | car=0.475 | bicycle=0.043 | background=0.979
  💾 Meilleur RGB sauvegardé (val mAP=0.444)
[RGB]  17/30 | train loss=0.5574 mAP=0.434 | val loss=0.8735 mAP=0.444 | person=0.279 | car=0.476 | bicycle=0.043 | background=0.979
  💾 Meilleur RGB sauvegardé (val mAP=0.444)
[RGB]  18/30 | train loss=0.5558 mAP=0.435 | val loss=0.8810 mAP=0.445 | person=0.280 | car=0.477 | bicycle=0.043 | background=0.979
  💾 Meilleur RGB sauvegardé (val mAP=0.445)
[RGB]  19/30 | train loss=0.5546 mAP=0.435 | val loss=0.8786 mAP=0.445 | person=0.280 | car=0.479 | bicycle=0.043 | background=0.979
  💾 Meilleur RGB sauvegardé (val mAP=0.445)
[RGB]  20/30 | train loss=0.5534 mAP=0.436 | val loss=0.8730 mAP=0.446 | person=0.281 | car=0.480 | bicycle=0.043 | background=0.979
  💾 Meilleur RGB sauvegardé (val mAP=0.446)
[RGB]  21/30 | train loss=0.5524 mAP=0.437 | val loss=0.8749 mAP=0.446 | person=0.281 | car=0.480 | bicycle=0.043 | background=0.979
  💾 Meilleur RGB sauvegardé (val mAP=0.446)
[RGB]  22/30 | train loss=0.5516 mAP=0.437 | val loss=0.8750 mAP=0.446 | person=0.281 | car=0.481 | bicycle=0.043 | background=0.979
  💾 Meilleur RGB sauvegardé (val mAP=0.446)
[RGB]  23/30 | train loss=0.5510 mAP=0.438 | val loss=0.8751 mAP=0.446 | person=0.281 | car=0.481 | bicycle=0.043 | background=0.979
  💾 Meilleur RGB sauvegardé (val mAP=0.446)
[RGB]  24/30 | train loss=0.5505 mAP=0.438 | val loss=0.8734 mAP=0.446 | person=0.281 | car=0.482 | bicycle=0.043 | background=0.979
  💾 Meilleur RGB sauvegardé (val mAP=0.446)
[RGB]  25/30 | train loss=0.5501 mAP=0.438 | val loss=0.8734 mAP=0.446 | person=0.282 | car=0.482 | bicycle=0.044 | background=0.979
  💾 Meilleur RGB sauvegardé (val mAP=0.446)
[RGB]  26/30 | train loss=0.5498 mAP=0.438 | val loss=0.8749 mAP=0.447 | person=0.282 | car=0.482 | bicycle=0.044 | background=0.979
  💾 Meilleur RGB sauvegardé (val mAP=0.447)
[RGB]  27/30 | train loss=0.5497 mAP=0.438 | val loss=0.8753 mAP=0.447 | person=0.282 | car=0.482 | bicycle=0.044 | background=0.979
  💾 Meilleur RGB sauvegardé (val mAP=0.447)
[RGB]  28/30 | train loss=0.5495 mAP=0.438 | val loss=0.8750 mAP=0.447 | person=0.282 | car=0.482 | bicycle=0.044 | background=0.979
  💾 Meilleur RGB sauvegardé (val mAP=0.447)
[RGB]  29/30 | train loss=0.5495 mAP=0.438 | val loss=0.8751 mAP=0.447 | person=0.282 | car=0.482 | bicycle=0.044 | background=0.979
  💾 Meilleur RGB sauvegardé (val mAP=0.447)
[RGB]  30/30 | train loss=0.5494 mAP=0.438 | val loss=0.8751 mAP=0.447 | person=0.282 | car=0.482 | bicycle=0.044 | background=0.979
  💾 Meilleur RGB sauvegardé (val mAP=0.447)
  📊 Courbe ROC sauvegardée : /home/2023029/PARTAGE/abelgh02/logs/lemumo/lemumo_vits16_llvip-kaistfull04_ep600_bs64_lamb0.1/probings_latest_runs10_cropsize224/roc_curve_rgb.png

✨ SCORES ROC FINAUX POUR RGB (Meilleure Époque) :
METRIC_AUC_RGB_PERSON: 0.8559
METRIC_AUC_RGB_CAR: 0.9045
METRIC_AUC_RGB_BICYCLE: 0.8676
METRIC_AUC_RGB_BACKGROUND: 0.9102

=======================================================
  Linear Probing OFFLINE — mode : IR
=======================================================
[train] mode=ir | 4129 images (0 ignorées) | person=23408 patches | car=70689 patches | bicycle=6911 patches | background=718426 patches
[val] mode=ir | 1013 images (0 ignorées) | person=15537 patches | car=21472 patches | bicycle=1588 patches | background=163479 patches
✅ Le MuMo encoder chargé depuis /home/2023029/PARTAGE/abelgh02/logs/lemumo/lemumo_vits16_llvip-kaistfull04_ep600_bs64_lamb0.1/latest.pt (run lemumo_vits16_llvip-kaistfull04_ep600_bs64_lamb0.1, variant=prune_after_first, ViT-small)
  ⚡ Features déjà extraites trouvées : chargement depuis /home/2023029/PARTAGE/abelgh02/logs/lemumo/lemumo_vits16_llvip-kaistfull04_ep600_bs64_lamb0.1/probings_latest_runs10_cropsize224/ir_train_features_tbmTrue.pt
  ⚡ Features déjà extraites trouvées : chargement depuis /home/2023029/PARTAGE/abelgh02/logs/lemumo/lemumo_vits16_llvip-kaistfull04_ep600_bs64_lamb0.1/probings_latest_runs10_cropsize224/ir_val_features_tbmTrue.pt
🔒 Graine aléatoire fixée à : 51
[IR]   1/30 | train loss=0.8872 mAP=0.364 | val loss=1.0055 mAP=0.417 | person=0.262 | car=0.395 | bicycle=0.045 | background=0.967
  💾 Meilleur IR sauvegardé (val mAP=0.417)
[IR]   2/30 | train loss=0.6977 mAP=0.409 | val loss=0.9113 mAP=0.432 | person=0.297 | car=0.411 | bicycle=0.049 | background=0.973
  💾 Meilleur IR sauvegardé (val mAP=0.432)
[IR]   3/30 | train loss=0.6302 mAP=0.423 | val loss=0.8745 mAP=0.444 | person=0.322 | car=0.422 | bicycle=0.055 | background=0.975
  💾 Meilleur IR sauvegardé (val mAP=0.444)
[IR]   4/30 | train loss=0.5978 mAP=0.433 | val loss=0.8689 mAP=0.451 | person=0.339 | car=0.429 | bicycle=0.059 | background=0.977
  💾 Meilleur IR sauvegardé (val mAP=0.451)
[IR]   5/30 | train loss=0.5788 mAP=0.440 | val loss=0.8491 mAP=0.456 | person=0.349 | car=0.436 | bicycle=0.062 | background=0.978
  💾 Meilleur IR sauvegardé (val mAP=0.456)
[IR]   6/30 | train loss=0.5653 mAP=0.446 | val loss=0.8368 mAP=0.460 | person=0.356 | car=0.441 | bicycle=0.064 | background=0.978
  💾 Meilleur IR sauvegardé (val mAP=0.460)
[IR]   7/30 | train loss=0.5555 mAP=0.450 | val loss=0.8397 mAP=0.463 | person=0.361 | car=0.445 | bicycle=0.066 | background=0.979
  💾 Meilleur IR sauvegardé (val mAP=0.463)
[IR]   8/30 | train loss=0.5478 mAP=0.453 | val loss=0.8213 mAP=0.465 | person=0.365 | car=0.449 | bicycle=0.066 | background=0.979
  💾 Meilleur IR sauvegardé (val mAP=0.465)
[IR]   9/30 | train loss=0.5416 mAP=0.456 | val loss=0.8280 mAP=0.467 | person=0.369 | car=0.452 | bicycle=0.067 | background=0.979
  💾 Meilleur IR sauvegardé (val mAP=0.467)
[IR]  10/30 | train loss=0.5365 mAP=0.459 | val loss=0.8090 mAP=0.468 | person=0.370 | car=0.455 | bicycle=0.068 | background=0.980
  💾 Meilleur IR sauvegardé (val mAP=0.468)
[IR]  11/30 | train loss=0.5325 mAP=0.461 | val loss=0.8160 mAP=0.469 | person=0.372 | car=0.457 | bicycle=0.069 | background=0.980
  💾 Meilleur IR sauvegardé (val mAP=0.469)
[IR]  12/30 | train loss=0.5288 mAP=0.462 | val loss=0.8153 mAP=0.470 | person=0.373 | car=0.459 | bicycle=0.069 | background=0.980
  💾 Meilleur IR sauvegardé (val mAP=0.470)
[IR]  13/30 | train loss=0.5257 mAP=0.464 | val loss=0.8118 mAP=0.471 | person=0.375 | car=0.460 | bicycle=0.069 | background=0.980
  💾 Meilleur IR sauvegardé (val mAP=0.471)
[IR]  14/30 | train loss=0.5231 mAP=0.466 | val loss=0.8076 mAP=0.472 | person=0.376 | car=0.463 | bicycle=0.069 | background=0.980
  💾 Meilleur IR sauvegardé (val mAP=0.472)
[IR]  15/30 | train loss=0.5209 mAP=0.466 | val loss=0.8125 mAP=0.473 | person=0.377 | car=0.463 | bicycle=0.070 | background=0.980
  💾 Meilleur IR sauvegardé (val mAP=0.473)
[IR]  16/30 | train loss=0.5189 mAP=0.467 | val loss=0.8110 mAP=0.473 | person=0.376 | car=0.465 | bicycle=0.070 | background=0.980
  💾 Meilleur IR sauvegardé (val mAP=0.473)
[IR]  17/30 | train loss=0.5171 mAP=0.468 | val loss=0.8066 mAP=0.473 | person=0.378 | car=0.465 | bicycle=0.070 | background=0.980
  💾 Meilleur IR sauvegardé (val mAP=0.473)
[IR]  18/30 | train loss=0.5156 mAP=0.469 | val loss=0.8051 mAP=0.474 | person=0.378 | car=0.466 | bicycle=0.070 | background=0.980
  💾 Meilleur IR sauvegardé (val mAP=0.474)
[IR]  19/30 | train loss=0.5145 mAP=0.470 | val loss=0.8066 mAP=0.474 | person=0.378 | car=0.467 | bicycle=0.070 | background=0.980
  💾 Meilleur IR sauvegardé (val mAP=0.474)
[IR]  20/30 | train loss=0.5135 mAP=0.470 | val loss=0.8061 mAP=0.474 | person=0.378 | car=0.467 | bicycle=0.070 | background=0.980
  💾 Meilleur IR sauvegardé (val mAP=0.474)
[IR]  21/30 | train loss=0.5126 mAP=0.471 | val loss=0.8046 mAP=0.474 | person=0.379 | car=0.468 | bicycle=0.070 | background=0.981
  💾 Meilleur IR sauvegardé (val mAP=0.474)
[IR]  22/30 | train loss=0.5118 mAP=0.471 | val loss=0.8047 mAP=0.475 | person=0.379 | car=0.468 | bicycle=0.070 | background=0.981
  💾 Meilleur IR sauvegardé (val mAP=0.475)
[IR]  23/30 | train loss=0.5113 mAP=0.471 | val loss=0.8038 mAP=0.475 | person=0.379 | car=0.468 | bicycle=0.071 | background=0.981
  💾 Meilleur IR sauvegardé (val mAP=0.475)
[IR]  24/30 | train loss=0.5108 mAP=0.472 | val loss=0.8028 mAP=0.475 | person=0.379 | car=0.468 | bicycle=0.071 | background=0.981
  💾 Meilleur IR sauvegardé (val mAP=0.475)
[IR]  25/30 | train loss=0.5105 mAP=0.472 | val loss=0.8022 mAP=0.475 | person=0.380 | car=0.469 | bicycle=0.071 | background=0.981
  💾 Meilleur IR sauvegardé (val mAP=0.475)
[IR]  26/30 | train loss=0.5102 mAP=0.472 | val loss=0.8020 mAP=0.475 | person=0.380 | car=0.469 | bicycle=0.071 | background=0.981
  💾 Meilleur IR sauvegardé (val mAP=0.475)
[IR]  27/30 | train loss=0.5101 mAP=0.472 | val loss=0.8021 mAP=0.475 | person=0.380 | car=0.469 | bicycle=0.071 | background=0.981
  💾 Meilleur IR sauvegardé (val mAP=0.475)
[IR]  28/30 | train loss=0.5099 mAP=0.472 | val loss=0.8024 mAP=0.475 | person=0.380 | car=0.469 | bicycle=0.071 | background=0.981
  💾 Meilleur IR sauvegardé (val mAP=0.475)
[IR]  29/30 | train loss=0.5099 mAP=0.472 | val loss=0.8025 mAP=0.475 | person=0.380 | car=0.469 | bicycle=0.071 | background=0.981
  💾 Meilleur IR sauvegardé (val mAP=0.475)
[IR]  30/30 | train loss=0.5098 mAP=0.472 | val loss=0.8025 mAP=0.475 | person=0.380 | car=0.469 | bicycle=0.071 | background=0.981
  💾 Meilleur IR sauvegardé (val mAP=0.475)
  📊 Courbe ROC sauvegardée : /home/2023029/PARTAGE/abelgh02/logs/lemumo/lemumo_vits16_llvip-kaistfull04_ep600_bs64_lamb0.1/probings_latest_runs10_cropsize224/roc_curve_ir.png

✨ SCORES ROC FINAUX POUR IR (Meilleure Époque) :
METRIC_AUC_IR_PERSON: 0.8846
METRIC_AUC_IR_CAR: 0.8981
METRIC_AUC_IR_BICYCLE: 0.8862
METRIC_AUC_IR_BACKGROUND: 0.9170

=======================================================
  Linear Probing OFFLINE — mode : BOTH
=======================================================
[train] mode=both | 4129 images (0 ignorées) | person=23408 patches | car=70689 patches | bicycle=6911 patches | background=718426 patches
[val] mode=both | 1013 images (0 ignorées) | person=15537 patches | car=21472 patches | bicycle=1588 patches | background=163479 patches
✅ Le MuMo encoder chargé depuis /home/2023029/PARTAGE/abelgh02/logs/lemumo/lemumo_vits16_llvip-kaistfull04_ep600_bs64_lamb0.1/latest.pt (run lemumo_vits16_llvip-kaistfull04_ep600_bs64_lamb0.1, variant=prune_after_first, ViT-small)
  ⚡ Features déjà extraites trouvées : chargement depuis /home/2023029/PARTAGE/abelgh02/logs/lemumo/lemumo_vits16_llvip-kaistfull04_ep600_bs64_lamb0.1/probings_latest_runs10_cropsize224/both_train_features_tbmTrue.pt
  ⚡ Features déjà extraites trouvées : chargement depuis /home/2023029/PARTAGE/abelgh02/logs/lemumo/lemumo_vits16_llvip-kaistfull04_ep600_bs64_lamb0.1/probings_latest_runs10_cropsize224/both_val_features_tbmTrue.pt
🔒 Graine aléatoire fixée à : 51
[BOTH]   1/30 | train loss=0.7892 mAP=0.393 | val loss=0.9015 mAP=0.443 | person=0.304 | car=0.441 | bicycle=0.051 | background=0.975
  💾 Meilleur BOTH sauvegardé (val mAP=0.443)
[BOTH]   2/30 | train loss=0.5957 mAP=0.438 | val loss=0.8428 mAP=0.460 | person=0.341 | car=0.460 | bicycle=0.061 | background=0.979
  💾 Meilleur BOTH sauvegardé (val mAP=0.460)
[BOTH]   3/30 | train loss=0.5482 mAP=0.458 | val loss=0.8261 mAP=0.471 | person=0.360 | car=0.476 | bicycle=0.067 | background=0.981
  💾 Meilleur BOTH sauvegardé (val mAP=0.471)
[BOTH]   4/30 | train loss=0.5249 mAP=0.471 | val loss=0.8092 mAP=0.478 | person=0.372 | car=0.487 | bicycle=0.070 | background=0.982
  💾 Meilleur BOTH sauvegardé (val mAP=0.478)
[BOTH]   5/30 | train loss=0.5106 mAP=0.479 | val loss=0.7967 mAP=0.482 | person=0.379 | car=0.496 | bicycle=0.071 | background=0.983
  💾 Meilleur BOTH sauvegardé (val mAP=0.482)
[BOTH]   6/30 | train loss=0.4995 mAP=0.487 | val loss=0.7892 mAP=0.485 | person=0.382 | car=0.503 | bicycle=0.071 | background=0.983
  💾 Meilleur BOTH sauvegardé (val mAP=0.485)
[BOTH]   7/30 | train loss=0.4913 mAP=0.491 | val loss=0.8007 mAP=0.488 | person=0.387 | car=0.510 | bicycle=0.072 | background=0.983
  💾 Meilleur BOTH sauvegardé (val mAP=0.488)
[BOTH]   8/30 | train loss=0.4851 mAP=0.496 | val loss=0.7891 mAP=0.490 | person=0.388 | car=0.516 | bicycle=0.072 | background=0.984
  💾 Meilleur BOTH sauvegardé (val mAP=0.490)
[BOTH]   9/30 | train loss=0.4796 mAP=0.499 | val loss=0.7870 mAP=0.491 | person=0.390 | car=0.520 | bicycle=0.072 | background=0.984
  💾 Meilleur BOTH sauvegardé (val mAP=0.491)
[BOTH]  10/30 | train loss=0.4752 mAP=0.502 | val loss=0.7778 mAP=0.493 | person=0.390 | car=0.524 | bicycle=0.072 | background=0.984
  💾 Meilleur BOTH sauvegardé (val mAP=0.493)
[BOTH]  11/30 | train loss=0.4715 mAP=0.504 | val loss=0.7742 mAP=0.494 | person=0.392 | car=0.528 | bicycle=0.072 | background=0.984
  💾 Meilleur BOTH sauvegardé (val mAP=0.494)
[BOTH]  12/30 | train loss=0.4682 mAP=0.507 | val loss=0.7731 mAP=0.495 | person=0.393 | car=0.531 | bicycle=0.072 | background=0.984
  💾 Meilleur BOTH sauvegardé (val mAP=0.495)
[BOTH]  13/30 | train loss=0.4658 mAP=0.508 | val loss=0.7700 mAP=0.496 | person=0.394 | car=0.533 | bicycle=0.072 | background=0.985
  💾 Meilleur BOTH sauvegardé (val mAP=0.496)
[BOTH]  14/30 | train loss=0.4633 mAP=0.510 | val loss=0.7700 mAP=0.497 | person=0.394 | car=0.535 | bicycle=0.073 | background=0.985
  💾 Meilleur BOTH sauvegardé (val mAP=0.497)
[BOTH]  15/30 | train loss=0.4612 mAP=0.511 | val loss=0.7639 mAP=0.497 | person=0.395 | car=0.537 | bicycle=0.073 | background=0.985
  💾 Meilleur BOTH sauvegardé (val mAP=0.497)
[BOTH]  16/30 | train loss=0.4593 mAP=0.512 | val loss=0.7642 mAP=0.498 | person=0.395 | car=0.539 | bicycle=0.073 | background=0.985
  💾 Meilleur BOTH sauvegardé (val mAP=0.498)
[BOTH]  17/30 | train loss=0.4577 mAP=0.514 | val loss=0.7654 mAP=0.498 | person=0.396 | car=0.540 | bicycle=0.073 | background=0.985
  💾 Meilleur BOTH sauvegardé (val mAP=0.498)
[BOTH]  18/30 | train loss=0.4565 mAP=0.514 | val loss=0.7598 mAP=0.499 | person=0.396 | car=0.542 | bicycle=0.073 | background=0.985
  💾 Meilleur BOTH sauvegardé (val mAP=0.499)
[BOTH]  19/30 | train loss=0.4553 mAP=0.515 | val loss=0.7573 mAP=0.499 | person=0.395 | car=0.542 | bicycle=0.073 | background=0.985
[BOTH]  20/30 | train loss=0.4544 mAP=0.516 | val loss=0.7564 mAP=0.499 | person=0.396 | car=0.543 | bicycle=0.073 | background=0.985
  💾 Meilleur BOTH sauvegardé (val mAP=0.499)
[BOTH]  21/30 | train loss=0.4536 mAP=0.516 | val loss=0.7561 mAP=0.500 | person=0.396 | car=0.544 | bicycle=0.073 | background=0.985
  💾 Meilleur BOTH sauvegardé (val mAP=0.500)
[BOTH]  22/30 | train loss=0.4529 mAP=0.517 | val loss=0.7567 mAP=0.500 | person=0.396 | car=0.544 | bicycle=0.073 | background=0.985
  💾 Meilleur BOTH sauvegardé (val mAP=0.500)
[BOTH]  23/30 | train loss=0.4523 mAP=0.517 | val loss=0.7587 mAP=0.500 | person=0.397 | car=0.545 | bicycle=0.073 | background=0.985
  💾 Meilleur BOTH sauvegardé (val mAP=0.500)
[BOTH]  24/30 | train loss=0.4519 mAP=0.518 | val loss=0.7567 mAP=0.500 | person=0.396 | car=0.545 | bicycle=0.073 | background=0.985
  💾 Meilleur BOTH sauvegardé (val mAP=0.500)
[BOTH]  25/30 | train loss=0.4515 mAP=0.518 | val loss=0.7564 mAP=0.500 | person=0.397 | car=0.545 | bicycle=0.073 | background=0.985
  💾 Meilleur BOTH sauvegardé (val mAP=0.500)
[BOTH]  26/30 | train loss=0.4513 mAP=0.518 | val loss=0.7565 mAP=0.500 | person=0.397 | car=0.546 | bicycle=0.073 | background=0.985
  💾 Meilleur BOTH sauvegardé (val mAP=0.500)
[BOTH]  27/30 | train loss=0.4511 mAP=0.518 | val loss=0.7559 mAP=0.500 | person=0.397 | car=0.546 | bicycle=0.073 | background=0.985
  💾 Meilleur BOTH sauvegardé (val mAP=0.500)
[BOTH]  28/30 | train loss=0.4510 mAP=0.518 | val loss=0.7570 mAP=0.500 | person=0.397 | car=0.546 | bicycle=0.073 | background=0.985
  💾 Meilleur BOTH sauvegardé (val mAP=0.500)
[BOTH]  29/30 | train loss=0.4509 mAP=0.518 | val loss=0.7569 mAP=0.500 | person=0.397 | car=0.546 | bicycle=0.073 | background=0.985
  💾 Meilleur BOTH sauvegardé (val mAP=0.500)
[BOTH]  30/30 | train loss=0.4509 mAP=0.518 | val loss=0.7569 mAP=0.500 | person=0.397 | car=0.546 | bicycle=0.073 | background=0.985
  💾 Meilleur BOTH sauvegardé (val mAP=0.500)
  📊 Courbe ROC sauvegardée : /home/2023029/PARTAGE/abelgh02/logs/lemumo/lemumo_vits16_llvip-kaistfull04_ep600_bs64_lamb0.1/probings_latest_runs10_cropsize224/roc_curve_both.png

✨ SCORES ROC FINAUX POUR BOTH (Meilleure Époque) :
METRIC_AUC_BOTH_PERSON: 0.8948
METRIC_AUC_BOTH_CAR: 0.9233
METRIC_AUC_BOTH_BICYCLE: 0.8985
METRIC_AUC_BOTH_BACKGROUND: 0.9351

=======================================================
  Linear Probing OFFLINE — mode : JOINT
=======================================================
[train] mode=joint | 4129 images (0 ignorées) | person=23408 patches | car=70689 patches | bicycle=6911 patches | background=718426 patches
[val] mode=joint | 1013 images (0 ignorées) | person=15537 patches | car=21472 patches | bicycle=1588 patches | background=163479 patches
✅ Le MuMo encoder chargé depuis /home/2023029/PARTAGE/abelgh02/logs/lemumo/lemumo_vits16_llvip-kaistfull04_ep600_bs64_lamb0.1/latest.pt (run lemumo_vits16_llvip-kaistfull04_ep600_bs64_lamb0.1, variant=prune_after_first, ViT-small)
  ⚡ Features déjà extraites trouvées : chargement depuis /home/2023029/PARTAGE/abelgh02/logs/lemumo/lemumo_vits16_llvip-kaistfull04_ep600_bs64_lamb0.1/probings_latest_runs10_cropsize224/joint_train_features_tbmTrue.pt
  ⚡ Features déjà extraites trouvées : chargement depuis /home/2023029/PARTAGE/abelgh02/logs/lemumo/lemumo_vits16_llvip-kaistfull04_ep600_bs64_lamb0.1/probings_latest_runs10_cropsize224/joint_val_features_tbmTrue.pt
🔒 Graine aléatoire fixée à : 51
[JOINT]   1/30 | train loss=0.8661 mAP=0.369 | val loss=0.9613 mAP=0.427 | person=0.268 | car=0.419 | bicycle=0.048 | background=0.971
  💾 Meilleur JOINT sauvegardé (val mAP=0.427)
[JOINT]   2/30 | train loss=0.6672 mAP=0.419 | val loss=0.8883 mAP=0.444 | person=0.301 | car=0.445 | bicycle=0.054 | background=0.976
  💾 Meilleur JOINT sauvegardé (val mAP=0.444)
[JOINT]   3/30 | train loss=0.6016 mAP=0.437 | val loss=0.8482 mAP=0.458 | person=0.330 | car=0.461 | bicycle=0.064 | background=0.979
  💾 Meilleur JOINT sauvegardé (val mAP=0.458)
[JOINT]   4/30 | train loss=0.5712 mAP=0.449 | val loss=0.8328 mAP=0.467 | person=0.345 | car=0.472 | bicycle=0.069 | background=0.980
  💾 Meilleur JOINT sauvegardé (val mAP=0.467)
[JOINT]   5/30 | train loss=0.5526 mAP=0.457 | val loss=0.8270 mAP=0.473 | person=0.356 | car=0.481 | bicycle=0.074 | background=0.981
  💾 Meilleur JOINT sauvegardé (val mAP=0.473)
[JOINT]   6/30 | train loss=0.5401 mAP=0.462 | val loss=0.8116 mAP=0.477 | person=0.362 | car=0.488 | bicycle=0.077 | background=0.982
  💾 Meilleur JOINT sauvegardé (val mAP=0.477)
[JOINT]   7/30 | train loss=0.5304 mAP=0.468 | val loss=0.8091 mAP=0.480 | person=0.366 | car=0.495 | bicycle=0.078 | background=0.982
  💾 Meilleur JOINT sauvegardé (val mAP=0.480)
[JOINT]   8/30 | train loss=0.5229 mAP=0.472 | val loss=0.7990 mAP=0.482 | person=0.370 | car=0.499 | bicycle=0.079 | background=0.982
  💾 Meilleur JOINT sauvegardé (val mAP=0.482)
[JOINT]   9/30 | train loss=0.5168 mAP=0.475 | val loss=0.8007 mAP=0.485 | person=0.374 | car=0.503 | bicycle=0.080 | background=0.983
  💾 Meilleur JOINT sauvegardé (val mAP=0.485)
[JOINT]  10/30 | train loss=0.5117 mAP=0.479 | val loss=0.8001 mAP=0.486 | person=0.376 | car=0.506 | bicycle=0.080 | background=0.983
  💾 Meilleur JOINT sauvegardé (val mAP=0.486)
[JOINT]  11/30 | train loss=0.5072 mAP=0.481 | val loss=0.7966 mAP=0.488 | person=0.378 | car=0.509 | bicycle=0.081 | background=0.983
  💾 Meilleur JOINT sauvegardé (val mAP=0.488)
[JOINT]  12/30 | train loss=0.5035 mAP=0.483 | val loss=0.7905 mAP=0.488 | person=0.379 | car=0.511 | bicycle=0.081 | background=0.983
  💾 Meilleur JOINT sauvegardé (val mAP=0.488)
[JOINT]  13/30 | train loss=0.5004 mAP=0.485 | val loss=0.7890 mAP=0.490 | person=0.381 | car=0.514 | bicycle=0.081 | background=0.983
  💾 Meilleur JOINT sauvegardé (val mAP=0.490)
[JOINT]  14/30 | train loss=0.4977 mAP=0.487 | val loss=0.7878 mAP=0.490 | person=0.382 | car=0.515 | bicycle=0.081 | background=0.983
  💾 Meilleur JOINT sauvegardé (val mAP=0.490)
[JOINT]  15/30 | train loss=0.4955 mAP=0.489 | val loss=0.7886 mAP=0.491 | person=0.382 | car=0.517 | bicycle=0.081 | background=0.983
  💾 Meilleur JOINT sauvegardé (val mAP=0.491)
[JOINT]  16/30 | train loss=0.4933 mAP=0.490 | val loss=0.7864 mAP=0.492 | person=0.383 | car=0.518 | bicycle=0.081 | background=0.983
  💾 Meilleur JOINT sauvegardé (val mAP=0.492)
[JOINT]  17/30 | train loss=0.4916 mAP=0.491 | val loss=0.7833 mAP=0.492 | person=0.385 | car=0.519 | bicycle=0.081 | background=0.984
  💾 Meilleur JOINT sauvegardé (val mAP=0.492)
[JOINT]  18/30 | train loss=0.4901 mAP=0.492 | val loss=0.7827 mAP=0.492 | person=0.385 | car=0.520 | bicycle=0.081 | background=0.984
  💾 Meilleur JOINT sauvegardé (val mAP=0.492)
[JOINT]  19/30 | train loss=0.4888 mAP=0.493 | val loss=0.7847 mAP=0.493 | person=0.386 | car=0.521 | bicycle=0.081 | background=0.984
  💾 Meilleur JOINT sauvegardé (val mAP=0.493)
[JOINT]  20/30 | train loss=0.4878 mAP=0.494 | val loss=0.7818 mAP=0.493 | person=0.386 | car=0.521 | bicycle=0.081 | background=0.984
  💾 Meilleur JOINT sauvegardé (val mAP=0.493)
[JOINT]  21/30 | train loss=0.4869 mAP=0.494 | val loss=0.7837 mAP=0.493 | person=0.387 | car=0.522 | bicycle=0.081 | background=0.984
  💾 Meilleur JOINT sauvegardé (val mAP=0.493)
[JOINT]  22/30 | train loss=0.4861 mAP=0.495 | val loss=0.7817 mAP=0.494 | person=0.387 | car=0.522 | bicycle=0.081 | background=0.984
  💾 Meilleur JOINT sauvegardé (val mAP=0.494)
[JOINT]  23/30 | train loss=0.4855 mAP=0.495 | val loss=0.7805 mAP=0.494 | person=0.387 | car=0.523 | bicycle=0.081 | background=0.984
  💾 Meilleur JOINT sauvegardé (val mAP=0.494)
[JOINT]  24/30 | train loss=0.4850 mAP=0.495 | val loss=0.7803 mAP=0.494 | person=0.388 | car=0.523 | bicycle=0.081 | background=0.984
  💾 Meilleur JOINT sauvegardé (val mAP=0.494)
[JOINT]  25/30 | train loss=0.4847 mAP=0.496 | val loss=0.7813 mAP=0.494 | person=0.388 | car=0.523 | bicycle=0.081 | background=0.984
  💾 Meilleur JOINT sauvegardé (val mAP=0.494)
[JOINT]  26/30 | train loss=0.4844 mAP=0.496 | val loss=0.7800 mAP=0.494 | person=0.388 | car=0.523 | bicycle=0.081 | background=0.984
  💾 Meilleur JOINT sauvegardé (val mAP=0.494)
[JOINT]  27/30 | train loss=0.4842 mAP=0.496 | val loss=0.7801 mAP=0.494 | person=0.388 | car=0.523 | bicycle=0.081 | background=0.984
  💾 Meilleur JOINT sauvegardé (val mAP=0.494)
[JOINT]  28/30 | train loss=0.4841 mAP=0.496 | val loss=0.7802 mAP=0.494 | person=0.388 | car=0.523 | bicycle=0.081 | background=0.984
  💾 Meilleur JOINT sauvegardé (val mAP=0.494)
[JOINT]  29/30 | train loss=0.4840 mAP=0.496 | val loss=0.7802 mAP=0.494 | person=0.388 | car=0.523 | bicycle=0.081 | background=0.984
  💾 Meilleur JOINT sauvegardé (val mAP=0.494)
[JOINT]  30/30 | train loss=0.4840 mAP=0.496 | val loss=0.7802 mAP=0.494 | person=0.388 | car=0.523 | bicycle=0.081 | background=0.984
  💾 Meilleur JOINT sauvegardé (val mAP=0.494)
  📊 Courbe ROC sauvegardée : /home/2023029/PARTAGE/abelgh02/logs/lemumo/lemumo_vits16_llvip-kaistfull04_ep600_bs64_lamb0.1/probings_latest_runs10_cropsize224/roc_curve_joint.png

✨ SCORES ROC FINAUX POUR JOINT (Meilleure Époque) :
METRIC_AUC_JOINT_PERSON: 0.8893
METRIC_AUC_JOINT_CAR: 0.9164
METRIC_AUC_JOINT_BICYCLE: 0.8919
METRIC_AUC_JOINT_BACKGROUND: 0.9293

=======================================================
  RÉSUMÉ FINAL — Linear Probing JEPA sur FLIR Aligned
=======================================================
  RGB   │ █████████████                  │ mAP=0.447
  IR    │ ██████████████                 │ mAP=0.475
  BOTH  │ ███████████████                │ mAP=0.500
  JOINT │ ██████████████                 │ mAP=0.494
=======================================================

✅ mAP RGB ≈ mAP IR (gap < 5%) → le target_encoder aligne bien les deux modalités.
ℹ️  La fusion apporte +0.025 → les modalités restent complémentaires.

▶️  RUN 10/10 | cuda:0 | Seed: 52

=======================================================
  Linear Probing OFFLINE — mode : RGB
=======================================================
[train] mode=rgb | 4129 images (0 ignorées) | person=23408 patches | car=70689 patches | bicycle=6911 patches | background=718426 patches
[val] mode=rgb | 1013 images (0 ignorées) | person=15537 patches | car=21472 patches | bicycle=1588 patches | background=163479 patches
✅ Le MuMo encoder chargé depuis /home/2023029/PARTAGE/abelgh02/logs/lemumo/lemumo_vits16_llvip-kaistfull04_ep600_bs64_lamb0.1/latest.pt (run lemumo_vits16_llvip-kaistfull04_ep600_bs64_lamb0.1, variant=prune_after_first, ViT-small)
  ⚡ Features déjà extraites trouvées : chargement depuis /home/2023029/PARTAGE/abelgh02/logs/lemumo/lemumo_vits16_llvip-kaistfull04_ep600_bs64_lamb0.1/probings_latest_runs10_cropsize224/rgb_train_features_tbmTrue.pt
  ⚡ Features déjà extraites trouvées : chargement depuis /home/2023029/PARTAGE/abelgh02/logs/lemumo/lemumo_vits16_llvip-kaistfull04_ep600_bs64_lamb0.1/probings_latest_runs10_cropsize224/rgb_val_features_tbmTrue.pt
🔒 Graine aléatoire fixée à : 52
[RGB]   1/30 | train loss=0.9023 mAP=0.341 | val loss=1.0548 mAP=0.402 | person=0.234 | car=0.381 | bicycle=0.032 | background=0.963
  💾 Meilleur RGB sauvegardé (val mAP=0.402)
[RGB]   2/30 | train loss=0.7433 mAP=0.380 | val loss=0.9682 mAP=0.414 | person=0.249 | car=0.401 | bicycle=0.036 | background=0.968
  💾 Meilleur RGB sauvegardé (val mAP=0.414)
[RGB]   3/30 | train loss=0.6808 mAP=0.393 | val loss=0.9469 mAP=0.420 | person=0.256 | car=0.416 | bicycle=0.037 | background=0.971
  💾 Meilleur RGB sauvegardé (val mAP=0.420)
[RGB]   4/30 | train loss=0.6483 mAP=0.402 | val loss=0.9315 mAP=0.425 | person=0.260 | car=0.427 | bicycle=0.039 | background=0.973
  💾 Meilleur RGB sauvegardé (val mAP=0.425)
[RGB]   5/30 | train loss=0.6274 mAP=0.408 | val loss=0.9178 mAP=0.428 | person=0.264 | car=0.436 | bicycle=0.039 | background=0.974
  💾 Meilleur RGB sauvegardé (val mAP=0.428)
[RGB]   6/30 | train loss=0.6132 mAP=0.411 | val loss=0.9114 mAP=0.431 | person=0.266 | car=0.443 | bicycle=0.040 | background=0.975
  💾 Meilleur RGB sauvegardé (val mAP=0.431)
[RGB]   7/30 | train loss=0.6019 mAP=0.415 | val loss=0.8954 mAP=0.433 | person=0.268 | car=0.448 | bicycle=0.040 | background=0.976
  💾 Meilleur RGB sauvegardé (val mAP=0.433)
[RGB]   8/30 | train loss=0.5934 mAP=0.418 | val loss=0.8992 mAP=0.435 | person=0.270 | car=0.454 | bicycle=0.041 | background=0.977
  💾 Meilleur RGB sauvegardé (val mAP=0.435)
[RGB]   9/30 | train loss=0.5865 mAP=0.421 | val loss=0.8843 mAP=0.437 | person=0.271 | car=0.458 | bicycle=0.041 | background=0.977
  💾 Meilleur RGB sauvegardé (val mAP=0.437)
[RGB]  10/30 | train loss=0.5808 mAP=0.423 | val loss=0.8997 mAP=0.438 | person=0.272 | car=0.462 | bicycle=0.041 | background=0.977
  💾 Meilleur RGB sauvegardé (val mAP=0.438)
[RGB]  11/30 | train loss=0.5760 mAP=0.425 | val loss=0.8942 mAP=0.440 | person=0.274 | car=0.465 | bicycle=0.041 | background=0.978
  💾 Meilleur RGB sauvegardé (val mAP=0.440)
[RGB]  12/30 | train loss=0.5719 mAP=0.427 | val loss=0.8835 mAP=0.441 | person=0.275 | car=0.468 | bicycle=0.042 | background=0.978
  💾 Meilleur RGB sauvegardé (val mAP=0.441)
[RGB]  13/30 | train loss=0.5686 mAP=0.428 | val loss=0.8836 mAP=0.442 | person=0.276 | car=0.471 | bicycle=0.042 | background=0.978
  💾 Meilleur RGB sauvegardé (val mAP=0.442)
[RGB]  14/30 | train loss=0.5657 mAP=0.430 | val loss=0.8830 mAP=0.443 | person=0.277 | car=0.474 | bicycle=0.042 | background=0.978
  💾 Meilleur RGB sauvegardé (val mAP=0.443)
[RGB]  15/30 | train loss=0.5630 mAP=0.431 | val loss=0.8885 mAP=0.443 | person=0.277 | car=0.475 | bicycle=0.042 | background=0.978
  💾 Meilleur RGB sauvegardé (val mAP=0.443)
[RGB]  16/30 | train loss=0.5613 mAP=0.432 | val loss=0.8764 mAP=0.444 | person=0.278 | car=0.477 | bicycle=0.043 | background=0.978
  💾 Meilleur RGB sauvegardé (val mAP=0.444)
[RGB]  17/30 | train loss=0.5590 mAP=0.433 | val loss=0.8835 mAP=0.444 | person=0.279 | car=0.478 | bicycle=0.043 | background=0.979
  💾 Meilleur RGB sauvegardé (val mAP=0.444)
[RGB]  18/30 | train loss=0.5575 mAP=0.434 | val loss=0.8816 mAP=0.445 | person=0.279 | car=0.479 | bicycle=0.043 | background=0.979
  💾 Meilleur RGB sauvegardé (val mAP=0.445)
[RGB]  19/30 | train loss=0.5562 mAP=0.435 | val loss=0.8757 mAP=0.445 | person=0.279 | car=0.480 | bicycle=0.043 | background=0.979
  💾 Meilleur RGB sauvegardé (val mAP=0.445)
[RGB]  20/30 | train loss=0.5551 mAP=0.435 | val loss=0.8804 mAP=0.446 | person=0.280 | car=0.481 | bicycle=0.043 | background=0.979
  💾 Meilleur RGB sauvegardé (val mAP=0.446)
[RGB]  21/30 | train loss=0.5541 mAP=0.436 | val loss=0.8779 mAP=0.446 | person=0.280 | car=0.482 | bicycle=0.043 | background=0.979
  💾 Meilleur RGB sauvegardé (val mAP=0.446)
[RGB]  22/30 | train loss=0.5533 mAP=0.436 | val loss=0.8776 mAP=0.446 | person=0.280 | car=0.482 | bicycle=0.043 | background=0.979
  💾 Meilleur RGB sauvegardé (val mAP=0.446)
[RGB]  23/30 | train loss=0.5526 mAP=0.436 | val loss=0.8758 mAP=0.446 | person=0.280 | car=0.483 | bicycle=0.043 | background=0.979
  💾 Meilleur RGB sauvegardé (val mAP=0.446)
[RGB]  24/30 | train loss=0.5521 mAP=0.437 | val loss=0.8765 mAP=0.446 | person=0.281 | car=0.483 | bicycle=0.043 | background=0.979
  💾 Meilleur RGB sauvegardé (val mAP=0.446)
[RGB]  25/30 | train loss=0.5518 mAP=0.437 | val loss=0.8785 mAP=0.447 | person=0.281 | car=0.483 | bicycle=0.043 | background=0.979
  💾 Meilleur RGB sauvegardé (val mAP=0.447)
[RGB]  26/30 | train loss=0.5515 mAP=0.437 | val loss=0.8765 mAP=0.447 | person=0.281 | car=0.483 | bicycle=0.043 | background=0.979
  💾 Meilleur RGB sauvegardé (val mAP=0.447)
[RGB]  27/30 | train loss=0.5513 mAP=0.437 | val loss=0.8764 mAP=0.447 | person=0.281 | car=0.484 | bicycle=0.043 | background=0.979
  💾 Meilleur RGB sauvegardé (val mAP=0.447)
[RGB]  28/30 | train loss=0.5512 mAP=0.437 | val loss=0.8770 mAP=0.447 | person=0.281 | car=0.484 | bicycle=0.043 | background=0.979
  💾 Meilleur RGB sauvegardé (val mAP=0.447)
[RGB]  29/30 | train loss=0.5511 mAP=0.437 | val loss=0.8768 mAP=0.447 | person=0.281 | car=0.484 | bicycle=0.043 | background=0.979
  💾 Meilleur RGB sauvegardé (val mAP=0.447)
[RGB]  30/30 | train loss=0.5511 mAP=0.437 | val loss=0.8767 mAP=0.447 | person=0.281 | car=0.484 | bicycle=0.043 | background=0.979
  💾 Meilleur RGB sauvegardé (val mAP=0.447)
  📊 Courbe ROC sauvegardée : /home/2023029/PARTAGE/abelgh02/logs/lemumo/lemumo_vits16_llvip-kaistfull04_ep600_bs64_lamb0.1/probings_latest_runs10_cropsize224/roc_curve_rgb.png

✨ SCORES ROC FINAUX POUR RGB (Meilleure Époque) :
METRIC_AUC_RGB_PERSON: 0.8557
METRIC_AUC_RGB_CAR: 0.9043
METRIC_AUC_RGB_BICYCLE: 0.8678
METRIC_AUC_RGB_BACKGROUND: 0.9101

=======================================================
  Linear Probing OFFLINE — mode : IR
=======================================================
[train] mode=ir | 4129 images (0 ignorées) | person=23408 patches | car=70689 patches | bicycle=6911 patches | background=718426 patches
[val] mode=ir | 1013 images (0 ignorées) | person=15537 patches | car=21472 patches | bicycle=1588 patches | background=163479 patches
✅ Le MuMo encoder chargé depuis /home/2023029/PARTAGE/abelgh02/logs/lemumo/lemumo_vits16_llvip-kaistfull04_ep600_bs64_lamb0.1/latest.pt (run lemumo_vits16_llvip-kaistfull04_ep600_bs64_lamb0.1, variant=prune_after_first, ViT-small)
  ⚡ Features déjà extraites trouvées : chargement depuis /home/2023029/PARTAGE/abelgh02/logs/lemumo/lemumo_vits16_llvip-kaistfull04_ep600_bs64_lamb0.1/probings_latest_runs10_cropsize224/ir_train_features_tbmTrue.pt
  ⚡ Features déjà extraites trouvées : chargement depuis /home/2023029/PARTAGE/abelgh02/logs/lemumo/lemumo_vits16_llvip-kaistfull04_ep600_bs64_lamb0.1/probings_latest_runs10_cropsize224/ir_val_features_tbmTrue.pt
🔒 Graine aléatoire fixée à : 52
[IR]   1/30 | train loss=0.8808 mAP=0.363 | val loss=1.0064 mAP=0.422 | person=0.264 | car=0.414 | bicycle=0.045 | background=0.965
  💾 Meilleur IR sauvegardé (val mAP=0.422)
[IR]   2/30 | train loss=0.6950 mAP=0.408 | val loss=0.9180 mAP=0.436 | person=0.305 | car=0.416 | bicycle=0.051 | background=0.972
  💾 Meilleur IR sauvegardé (val mAP=0.436)
[IR]   3/30 | train loss=0.6288 mAP=0.423 | val loss=0.8815 mAP=0.447 | person=0.331 | car=0.423 | bicycle=0.058 | background=0.975
  💾 Meilleur IR sauvegardé (val mAP=0.447)
[IR]   4/30 | train loss=0.5974 mAP=0.433 | val loss=0.8669 mAP=0.454 | person=0.346 | car=0.429 | bicycle=0.063 | background=0.976
  💾 Meilleur IR sauvegardé (val mAP=0.454)
[IR]   5/30 | train loss=0.5785 mAP=0.440 | val loss=0.8491 mAP=0.459 | person=0.356 | car=0.436 | bicycle=0.065 | background=0.977
  💾 Meilleur IR sauvegardé (val mAP=0.459)
[IR]   6/30 | train loss=0.5654 mAP=0.446 | val loss=0.8362 mAP=0.462 | person=0.361 | car=0.442 | bicycle=0.067 | background=0.978
  💾 Meilleur IR sauvegardé (val mAP=0.462)
[IR]   7/30 | train loss=0.5556 mAP=0.450 | val loss=0.8345 mAP=0.465 | person=0.367 | car=0.446 | bicycle=0.068 | background=0.978
  💾 Meilleur IR sauvegardé (val mAP=0.465)
[IR]   8/30 | train loss=0.5480 mAP=0.453 | val loss=0.8228 mAP=0.467 | person=0.370 | car=0.448 | bicycle=0.069 | background=0.979
  💾 Meilleur IR sauvegardé (val mAP=0.467)
[IR]   9/30 | train loss=0.5419 mAP=0.456 | val loss=0.8209 mAP=0.468 | person=0.372 | car=0.452 | bicycle=0.070 | background=0.979
  💾 Meilleur IR sauvegardé (val mAP=0.468)
[IR]  10/30 | train loss=0.5369 mAP=0.458 | val loss=0.8205 mAP=0.470 | person=0.373 | car=0.455 | bicycle=0.071 | background=0.979
  💾 Meilleur IR sauvegardé (val mAP=0.470)
[IR]  11/30 | train loss=0.5326 mAP=0.461 | val loss=0.8213 mAP=0.471 | person=0.377 | car=0.457 | bicycle=0.071 | background=0.980
  💾 Meilleur IR sauvegardé (val mAP=0.471)
[IR]  12/30 | train loss=0.5291 mAP=0.462 | val loss=0.8088 mAP=0.472 | person=0.377 | car=0.459 | bicycle=0.071 | background=0.980
  💾 Meilleur IR sauvegardé (val mAP=0.472)
[IR]  13/30 | train loss=0.5259 mAP=0.464 | val loss=0.8178 mAP=0.472 | person=0.378 | car=0.460 | bicycle=0.072 | background=0.980
  💾 Meilleur IR sauvegardé (val mAP=0.472)
[IR]  14/30 | train loss=0.5232 mAP=0.465 | val loss=0.8060 mAP=0.473 | person=0.378 | car=0.462 | bicycle=0.072 | background=0.980
  💾 Meilleur IR sauvegardé (val mAP=0.473)
[IR]  15/30 | train loss=0.5210 mAP=0.466 | val loss=0.8078 mAP=0.473 | person=0.379 | car=0.463 | bicycle=0.072 | background=0.980
  💾 Meilleur IR sauvegardé (val mAP=0.473)
[IR]  16/30 | train loss=0.5190 mAP=0.467 | val loss=0.8078 mAP=0.474 | person=0.379 | car=0.464 | bicycle=0.072 | background=0.980
  💾 Meilleur IR sauvegardé (val mAP=0.474)
[IR]  17/30 | train loss=0.5173 mAP=0.468 | val loss=0.8084 mAP=0.474 | person=0.380 | car=0.465 | bicycle=0.072 | background=0.980
  💾 Meilleur IR sauvegardé (val mAP=0.474)
[IR]  18/30 | train loss=0.5160 mAP=0.469 | val loss=0.8077 mAP=0.475 | person=0.380 | car=0.466 | bicycle=0.072 | background=0.980
  💾 Meilleur IR sauvegardé (val mAP=0.475)
[IR]  19/30 | train loss=0.5147 mAP=0.469 | val loss=0.8025 mAP=0.475 | person=0.380 | car=0.466 | bicycle=0.072 | background=0.980
  💾 Meilleur IR sauvegardé (val mAP=0.475)
[IR]  20/30 | train loss=0.5137 mAP=0.470 | val loss=0.8049 mAP=0.475 | person=0.382 | car=0.467 | bicycle=0.072 | background=0.980
  💾 Meilleur IR sauvegardé (val mAP=0.475)
[IR]  21/30 | train loss=0.5128 mAP=0.471 | val loss=0.8029 mAP=0.475 | person=0.382 | car=0.467 | bicycle=0.072 | background=0.980
  💾 Meilleur IR sauvegardé (val mAP=0.475)
[IR]  22/30 | train loss=0.5121 mAP=0.471 | val loss=0.8036 mAP=0.475 | person=0.382 | car=0.467 | bicycle=0.072 | background=0.980
  💾 Meilleur IR sauvegardé (val mAP=0.475)
[IR]  23/30 | train loss=0.5116 mAP=0.471 | val loss=0.8025 mAP=0.476 | person=0.382 | car=0.468 | bicycle=0.072 | background=0.981
  💾 Meilleur IR sauvegardé (val mAP=0.476)
[IR]  24/30 | train loss=0.5111 mAP=0.471 | val loss=0.8039 mAP=0.476 | person=0.382 | car=0.468 | bicycle=0.072 | background=0.981
  💾 Meilleur IR sauvegardé (val mAP=0.476)
[IR]  25/30 | train loss=0.5107 mAP=0.472 | val loss=0.8029 mAP=0.476 | person=0.382 | car=0.468 | bicycle=0.072 | background=0.981
  💾 Meilleur IR sauvegardé (val mAP=0.476)
[IR]  26/30 | train loss=0.5105 mAP=0.472 | val loss=0.8012 mAP=0.476 | person=0.382 | car=0.468 | bicycle=0.072 | background=0.981
[IR]  27/30 | train loss=0.5103 mAP=0.472 | val loss=0.8016 mAP=0.476 | person=0.382 | car=0.468 | bicycle=0.072 | background=0.981
  💾 Meilleur IR sauvegardé (val mAP=0.476)
[IR]  28/30 | train loss=0.5102 mAP=0.472 | val loss=0.8018 mAP=0.476 | person=0.382 | car=0.468 | bicycle=0.072 | background=0.981
  💾 Meilleur IR sauvegardé (val mAP=0.476)
[IR]  29/30 | train loss=0.5101 mAP=0.472 | val loss=0.8016 mAP=0.476 | person=0.382 | car=0.468 | bicycle=0.072 | background=0.981
  💾 Meilleur IR sauvegardé (val mAP=0.476)
[IR]  30/30 | train loss=0.5101 mAP=0.472 | val loss=0.8016 mAP=0.476 | person=0.382 | car=0.468 | bicycle=0.072 | background=0.981
  📊 Courbe ROC sauvegardée : /home/2023029/PARTAGE/abelgh02/logs/lemumo/lemumo_vits16_llvip-kaistfull04_ep600_bs64_lamb0.1/probings_latest_runs10_cropsize224/roc_curve_ir.png

✨ SCORES ROC FINAUX POUR IR (Meilleure Époque) :
METRIC_AUC_IR_PERSON: 0.8853
METRIC_AUC_IR_CAR: 0.8981
METRIC_AUC_IR_BICYCLE: 0.8864
METRIC_AUC_IR_BACKGROUND: 0.9169

=======================================================
  Linear Probing OFFLINE — mode : BOTH
=======================================================
[train] mode=both | 4129 images (0 ignorées) | person=23408 patches | car=70689 patches | bicycle=6911 patches | background=718426 patches
[val] mode=both | 1013 images (0 ignorées) | person=15537 patches | car=21472 patches | bicycle=1588 patches | background=163479 patches
✅ Le MuMo encoder chargé depuis /home/2023029/PARTAGE/abelgh02/logs/lemumo/lemumo_vits16_llvip-kaistfull04_ep600_bs64_lamb0.1/latest.pt (run lemumo_vits16_llvip-kaistfull04_ep600_bs64_lamb0.1, variant=prune_after_first, ViT-small)
  ⚡ Features déjà extraites trouvées : chargement depuis /home/2023029/PARTAGE/abelgh02/logs/lemumo/lemumo_vits16_llvip-kaistfull04_ep600_bs64_lamb0.1/probings_latest_runs10_cropsize224/both_train_features_tbmTrue.pt
  ⚡ Features déjà extraites trouvées : chargement depuis /home/2023029/PARTAGE/abelgh02/logs/lemumo/lemumo_vits16_llvip-kaistfull04_ep600_bs64_lamb0.1/probings_latest_runs10_cropsize224/both_val_features_tbmTrue.pt
🔒 Graine aléatoire fixée à : 52
[BOTH]   1/30 | train loss=0.7909 mAP=0.390 | val loss=0.9101 mAP=0.442 | person=0.296 | car=0.443 | bicycle=0.054 | background=0.975
  💾 Meilleur BOTH sauvegardé (val mAP=0.442)
[BOTH]   2/30 | train loss=0.5965 mAP=0.436 | val loss=0.8395 mAP=0.460 | person=0.334 | car=0.462 | bicycle=0.065 | background=0.979
  💾 Meilleur BOTH sauvegardé (val mAP=0.460)
[BOTH]   3/30 | train loss=0.5477 mAP=0.459 | val loss=0.8385 mAP=0.471 | person=0.356 | car=0.478 | bicycle=0.070 | background=0.981
  💾 Meilleur BOTH sauvegardé (val mAP=0.471)
[BOTH]   4/30 | train loss=0.5246 mAP=0.471 | val loss=0.8180 mAP=0.477 | person=0.367 | car=0.490 | bicycle=0.071 | background=0.982
  💾 Meilleur BOTH sauvegardé (val mAP=0.477)
[BOTH]   5/30 | train loss=0.5099 mAP=0.480 | val loss=0.8110 mAP=0.482 | person=0.375 | car=0.499 | bicycle=0.072 | background=0.982
  💾 Meilleur BOTH sauvegardé (val mAP=0.482)
[BOTH]   6/30 | train loss=0.4991 mAP=0.488 | val loss=0.7886 mAP=0.485 | person=0.379 | car=0.506 | bicycle=0.072 | background=0.983
  💾 Meilleur BOTH sauvegardé (val mAP=0.485)
[BOTH]   7/30 | train loss=0.4906 mAP=0.492 | val loss=0.7773 mAP=0.487 | person=0.382 | car=0.512 | bicycle=0.072 | background=0.983
  💾 Meilleur BOTH sauvegardé (val mAP=0.487)
[BOTH]   8/30 | train loss=0.4842 mAP=0.497 | val loss=0.7722 mAP=0.489 | person=0.384 | car=0.517 | bicycle=0.072 | background=0.984
  💾 Meilleur BOTH sauvegardé (val mAP=0.489)
[BOTH]   9/30 | train loss=0.4789 mAP=0.500 | val loss=0.7758 mAP=0.491 | person=0.387 | car=0.522 | bicycle=0.073 | background=0.984
  💾 Meilleur BOTH sauvegardé (val mAP=0.491)
[BOTH]  10/30 | train loss=0.4746 mAP=0.503 | val loss=0.7701 mAP=0.493 | person=0.389 | car=0.525 | bicycle=0.073 | background=0.984
  💾 Meilleur BOTH sauvegardé (val mAP=0.493)
[BOTH]  11/30 | train loss=0.4713 mAP=0.505 | val loss=0.7772 mAP=0.494 | person=0.389 | car=0.529 | bicycle=0.073 | background=0.984
  💾 Meilleur BOTH sauvegardé (val mAP=0.494)
[BOTH]  12/30 | train loss=0.4677 mAP=0.507 | val loss=0.7685 mAP=0.495 | person=0.391 | car=0.531 | bicycle=0.073 | background=0.984
  💾 Meilleur BOTH sauvegardé (val mAP=0.495)
[BOTH]  13/30 | train loss=0.4650 mAP=0.509 | val loss=0.7740 mAP=0.496 | person=0.392 | car=0.534 | bicycle=0.073 | background=0.984
  💾 Meilleur BOTH sauvegardé (val mAP=0.496)
[BOTH]  14/30 | train loss=0.4625 mAP=0.511 | val loss=0.7628 mAP=0.496 | person=0.391 | car=0.536 | bicycle=0.073 | background=0.985
  💾 Meilleur BOTH sauvegardé (val mAP=0.496)
[BOTH]  15/30 | train loss=0.4603 mAP=0.512 | val loss=0.7725 mAP=0.497 | person=0.392 | car=0.539 | bicycle=0.073 | background=0.985
  💾 Meilleur BOTH sauvegardé (val mAP=0.497)
[BOTH]  16/30 | train loss=0.4586 mAP=0.513 | val loss=0.7670 mAP=0.498 | person=0.393 | car=0.540 | bicycle=0.074 | background=0.985
  💾 Meilleur BOTH sauvegardé (val mAP=0.498)
[BOTH]  17/30 | train loss=0.4575 mAP=0.514 | val loss=0.7516 mAP=0.498 | person=0.392 | car=0.541 | bicycle=0.074 | background=0.985
  💾 Meilleur BOTH sauvegardé (val mAP=0.498)
[BOTH]  18/30 | train loss=0.4560 mAP=0.514 | val loss=0.7657 mAP=0.499 | person=0.394 | car=0.542 | bicycle=0.074 | background=0.985
  💾 Meilleur BOTH sauvegardé (val mAP=0.499)
[BOTH]  19/30 | train loss=0.4546 mAP=0.516 | val loss=0.7622 mAP=0.499 | person=0.394 | car=0.543 | bicycle=0.074 | background=0.985
  💾 Meilleur BOTH sauvegardé (val mAP=0.499)
[BOTH]  20/30 | train loss=0.4538 mAP=0.516 | val loss=0.7579 mAP=0.499 | person=0.394 | car=0.544 | bicycle=0.074 | background=0.985
  💾 Meilleur BOTH sauvegardé (val mAP=0.499)
[BOTH]  21/30 | train loss=0.4530 mAP=0.517 | val loss=0.7648 mAP=0.500 | person=0.395 | car=0.545 | bicycle=0.074 | background=0.985
  💾 Meilleur BOTH sauvegardé (val mAP=0.500)
[BOTH]  22/30 | train loss=0.4523 mAP=0.518 | val loss=0.7555 mAP=0.499 | person=0.394 | car=0.545 | bicycle=0.074 | background=0.985
[BOTH]  23/30 | train loss=0.4517 mAP=0.518 | val loss=0.7585 mAP=0.500 | person=0.395 | car=0.546 | bicycle=0.074 | background=0.985
  💾 Meilleur BOTH sauvegardé (val mAP=0.500)
[BOTH]  24/30 | train loss=0.4512 mAP=0.518 | val loss=0.7565 mAP=0.500 | person=0.395 | car=0.546 | bicycle=0.074 | background=0.985
  💾 Meilleur BOTH sauvegardé (val mAP=0.500)
[BOTH]  25/30 | train loss=0.4509 mAP=0.519 | val loss=0.7561 mAP=0.500 | person=0.395 | car=0.546 | bicycle=0.074 | background=0.985
  💾 Meilleur BOTH sauvegardé (val mAP=0.500)
[BOTH]  26/30 | train loss=0.4506 mAP=0.519 | val loss=0.7582 mAP=0.500 | person=0.395 | car=0.546 | bicycle=0.074 | background=0.985
  💾 Meilleur BOTH sauvegardé (val mAP=0.500)
[BOTH]  27/30 | train loss=0.4505 mAP=0.519 | val loss=0.7578 mAP=0.500 | person=0.395 | car=0.547 | bicycle=0.074 | background=0.985
  💾 Meilleur BOTH sauvegardé (val mAP=0.500)
[BOTH]  28/30 | train loss=0.4504 mAP=0.519 | val loss=0.7567 mAP=0.500 | person=0.395 | car=0.547 | bicycle=0.074 | background=0.985
  💾 Meilleur BOTH sauvegardé (val mAP=0.500)
[BOTH]  29/30 | train loss=0.4503 mAP=0.519 | val loss=0.7569 mAP=0.500 | person=0.395 | car=0.547 | bicycle=0.074 | background=0.985
  💾 Meilleur BOTH sauvegardé (val mAP=0.500)
[BOTH]  30/30 | train loss=0.4503 mAP=0.519 | val loss=0.7569 mAP=0.500 | person=0.395 | car=0.547 | bicycle=0.074 | background=0.985
  💾 Meilleur BOTH sauvegardé (val mAP=0.500)
  📊 Courbe ROC sauvegardée : /home/2023029/PARTAGE/abelgh02/logs/lemumo/lemumo_vits16_llvip-kaistfull04_ep600_bs64_lamb0.1/probings_latest_runs10_cropsize224/roc_curve_both.png

✨ SCORES ROC FINAUX POUR BOTH (Meilleure Époque) :
METRIC_AUC_BOTH_PERSON: 0.8944
METRIC_AUC_BOTH_CAR: 0.9234
METRIC_AUC_BOTH_BICYCLE: 0.8991
METRIC_AUC_BOTH_BACKGROUND: 0.9347

=======================================================
  Linear Probing OFFLINE — mode : JOINT
=======================================================
[train] mode=joint | 4129 images (0 ignorées) | person=23408 patches | car=70689 patches | bicycle=6911 patches | background=718426 patches
[val] mode=joint | 1013 images (0 ignorées) | person=15537 patches | car=21472 patches | bicycle=1588 patches | background=163479 patches
✅ Le MuMo encoder chargé depuis /home/2023029/PARTAGE/abelgh02/logs/lemumo/lemumo_vits16_llvip-kaistfull04_ep600_bs64_lamb0.1/latest.pt (run lemumo_vits16_llvip-kaistfull04_ep600_bs64_lamb0.1, variant=prune_after_first, ViT-small)
  ⚡ Features déjà extraites trouvées : chargement depuis /home/2023029/PARTAGE/abelgh02/logs/lemumo/lemumo_vits16_llvip-kaistfull04_ep600_bs64_lamb0.1/probings_latest_runs10_cropsize224/joint_train_features_tbmTrue.pt
  ⚡ Features déjà extraites trouvées : chargement depuis /home/2023029/PARTAGE/abelgh02/logs/lemumo/lemumo_vits16_llvip-kaistfull04_ep600_bs64_lamb0.1/probings_latest_runs10_cropsize224/joint_val_features_tbmTrue.pt
🔒 Graine aléatoire fixée à : 52
[JOINT]   1/30 | train loss=0.8605 mAP=0.373 | val loss=0.9627 mAP=0.431 | person=0.261 | car=0.448 | bicycle=0.046 | background=0.970
  💾 Meilleur JOINT sauvegardé (val mAP=0.431)
[JOINT]   2/30 | train loss=0.6648 mAP=0.421 | val loss=0.8817 mAP=0.448 | person=0.306 | car=0.456 | bicycle=0.055 | background=0.975
  💾 Meilleur JOINT sauvegardé (val mAP=0.448)
[JOINT]   3/30 | train loss=0.6004 mAP=0.438 | val loss=0.8519 mAP=0.462 | person=0.336 | car=0.468 | bicycle=0.065 | background=0.978
  💾 Meilleur JOINT sauvegardé (val mAP=0.462)
[JOINT]   4/30 | train loss=0.5707 mAP=0.450 | val loss=0.8356 mAP=0.470 | person=0.351 | car=0.478 | bicycle=0.072 | background=0.980
  💾 Meilleur JOINT sauvegardé (val mAP=0.470)
[JOINT]   5/30 | train loss=0.5525 mAP=0.458 | val loss=0.8209 mAP=0.476 | person=0.360 | car=0.486 | bicycle=0.076 | background=0.981
  💾 Meilleur JOINT sauvegardé (val mAP=0.476)
[JOINT]   6/30 | train loss=0.5399 mAP=0.464 | val loss=0.8152 mAP=0.480 | person=0.367 | car=0.493 | bicycle=0.078 | background=0.981
  💾 Meilleur JOINT sauvegardé (val mAP=0.480)
[JOINT]   7/30 | train loss=0.5303 mAP=0.469 | val loss=0.8102 mAP=0.483 | person=0.370 | car=0.499 | bicycle=0.080 | background=0.982
  💾 Meilleur JOINT sauvegardé (val mAP=0.483)
[JOINT]   8/30 | train loss=0.5228 mAP=0.473 | val loss=0.7984 mAP=0.485 | person=0.374 | car=0.503 | bicycle=0.081 | background=0.982
  💾 Meilleur JOINT sauvegardé (val mAP=0.485)
[JOINT]   9/30 | train loss=0.5166 mAP=0.477 | val loss=0.7981 mAP=0.487 | person=0.377 | car=0.508 | bicycle=0.081 | background=0.982
  💾 Meilleur JOINT sauvegardé (val mAP=0.487)
[JOINT]  10/30 | train loss=0.5116 mAP=0.480 | val loss=0.8022 mAP=0.488 | person=0.379 | car=0.511 | bicycle=0.081 | background=0.983
  💾 Meilleur JOINT sauvegardé (val mAP=0.488)
[JOINT]  11/30 | train loss=0.5073 mAP=0.482 | val loss=0.7954 mAP=0.489 | person=0.380 | car=0.513 | bicycle=0.082 | background=0.983
  💾 Meilleur JOINT sauvegardé (val mAP=0.489)
[JOINT]  12/30 | train loss=0.5036 mAP=0.484 | val loss=0.7930 mAP=0.490 | person=0.382 | car=0.515 | bicycle=0.082 | background=0.983
  💾 Meilleur JOINT sauvegardé (val mAP=0.490)
[JOINT]  13/30 | train loss=0.5004 mAP=0.486 | val loss=0.7902 mAP=0.491 | person=0.383 | car=0.517 | bicycle=0.082 | background=0.983
  💾 Meilleur JOINT sauvegardé (val mAP=0.491)
[JOINT]  14/30 | train loss=0.4977 mAP=0.488 | val loss=0.7876 mAP=0.492 | person=0.384 | car=0.518 | bicycle=0.082 | background=0.983
  💾 Meilleur JOINT sauvegardé (val mAP=0.492)
[JOINT]  15/30 | train loss=0.4953 mAP=0.489 | val loss=0.7862 mAP=0.493 | person=0.385 | car=0.520 | bicycle=0.082 | background=0.983
  💾 Meilleur JOINT sauvegardé (val mAP=0.493)
[JOINT]  16/30 | train loss=0.4935 mAP=0.491 | val loss=0.7877 mAP=0.493 | person=0.386 | car=0.521 | bicycle=0.082 | background=0.983
  💾 Meilleur JOINT sauvegardé (val mAP=0.493)
[JOINT]  17/30 | train loss=0.4916 mAP=0.492 | val loss=0.7856 mAP=0.493 | person=0.387 | car=0.522 | bicycle=0.082 | background=0.983
  💾 Meilleur JOINT sauvegardé (val mAP=0.493)
[JOINT]  18/30 | train loss=0.4902 mAP=0.493 | val loss=0.7846 mAP=0.494 | person=0.387 | car=0.523 | bicycle=0.082 | background=0.984
  💾 Meilleur JOINT sauvegardé (val mAP=0.494)
[JOINT]  19/30 | train loss=0.4889 mAP=0.493 | val loss=0.7847 mAP=0.494 | person=0.387 | car=0.523 | bicycle=0.082 | background=0.984
  💾 Meilleur JOINT sauvegardé (val mAP=0.494)
[JOINT]  20/30 | train loss=0.4878 mAP=0.494 | val loss=0.7846 mAP=0.494 | person=0.388 | car=0.524 | bicycle=0.082 | background=0.984
  💾 Meilleur JOINT sauvegardé (val mAP=0.494)
[JOINT]  21/30 | train loss=0.4869 mAP=0.495 | val loss=0.7824 mAP=0.495 | person=0.388 | car=0.524 | bicycle=0.082 | background=0.984
  💾 Meilleur JOINT sauvegardé (val mAP=0.495)
[JOINT]  22/30 | train loss=0.4861 mAP=0.495 | val loss=0.7813 mAP=0.495 | person=0.389 | car=0.525 | bicycle=0.082 | background=0.984
  💾 Meilleur JOINT sauvegardé (val mAP=0.495)
[JOINT]  23/30 | train loss=0.4856 mAP=0.496 | val loss=0.7819 mAP=0.495 | person=0.389 | car=0.525 | bicycle=0.082 | background=0.984
  💾 Meilleur JOINT sauvegardé (val mAP=0.495)
[JOINT]  24/30 | train loss=0.4851 mAP=0.496 | val loss=0.7801 mAP=0.495 | person=0.389 | car=0.525 | bicycle=0.082 | background=0.984
  💾 Meilleur JOINT sauvegardé (val mAP=0.495)
[JOINT]  25/30 | train loss=0.4847 mAP=0.496 | val loss=0.7805 mAP=0.495 | person=0.389 | car=0.526 | bicycle=0.082 | background=0.984
  💾 Meilleur JOINT sauvegardé (val mAP=0.495)
[JOINT]  26/30 | train loss=0.4845 mAP=0.496 | val loss=0.7814 mAP=0.495 | person=0.390 | car=0.526 | bicycle=0.082 | background=0.984
  💾 Meilleur JOINT sauvegardé (val mAP=0.495)
[JOINT]  27/30 | train loss=0.4843 mAP=0.496 | val loss=0.7818 mAP=0.495 | person=0.390 | car=0.526 | bicycle=0.082 | background=0.984
  💾 Meilleur JOINT sauvegardé (val mAP=0.495)
[JOINT]  28/30 | train loss=0.4841 mAP=0.497 | val loss=0.7812 mAP=0.495 | person=0.390 | car=0.526 | bicycle=0.082 | background=0.984
  💾 Meilleur JOINT sauvegardé (val mAP=0.495)
[JOINT]  29/30 | train loss=0.4841 mAP=0.497 | val loss=0.7811 mAP=0.495 | person=0.390 | car=0.526 | bicycle=0.082 | background=0.984
  💾 Meilleur JOINT sauvegardé (val mAP=0.495)
[JOINT]  30/30 | train loss=0.4841 mAP=0.497 | val loss=0.7811 mAP=0.495 | person=0.390 | car=0.526 | bicycle=0.082 | background=0.984
  💾 Meilleur JOINT sauvegardé (val mAP=0.495)
  📊 Courbe ROC sauvegardée : /home/2023029/PARTAGE/abelgh02/logs/lemumo/lemumo_vits16_llvip-kaistfull04_ep600_bs64_lamb0.1/probings_latest_runs10_cropsize224/roc_curve_joint.png

✨ SCORES ROC FINAUX POUR JOINT (Meilleure Époque) :
METRIC_AUC_JOINT_PERSON: 0.8897
METRIC_AUC_JOINT_CAR: 0.9166
METRIC_AUC_JOINT_BICYCLE: 0.8920
METRIC_AUC_JOINT_BACKGROUND: 0.9290

=======================================================
  RÉSUMÉ FINAL — Linear Probing JEPA sur FLIR Aligned
=======================================================
  RGB   │ █████████████                  │ mAP=0.447
  IR    │ ██████████████                 │ mAP=0.476
  BOTH  │ ███████████████                │ mAP=0.500
  JOINT │ ██████████████                 │ mAP=0.495
=======================================================

✅ mAP RGB ≈ mAP IR (gap < 5%) → le target_encoder aligne bien les deux modalités.
ℹ️  La fusion apporte +0.024 → les modalités restent complémentaires.


💾 Sauvegardé : /home/2023029/PARTAGE/abelgh02/logs/lemumo/lemumo_vits16_llvip-kaistfull04_ep600_bs64_lamb0.1/probings_latest_runs10_cropsize224/probings_results_lemumo_vits16_llvip-kaistfull04_ep600_bs64_lamb0.1.csv

=======================================================
 📊 RAPPORT STATISTIQUE FINAL
=======================================================

🔹 MODE : RGB
--------------------------------------------------
  mAP_global   │ Moyenne = 0.4467 │ Écart-type (±) = 0.0005 │ Variance = 0.000000
  mAP_person   │ Moyenne = 0.2808 │ Écart-type (±) = 0.0012 │ Variance = 0.000001
  mAP_car      │ Moyenne = 0.4836 │ Écart-type (±) = 0.0011 │ Variance = 0.000001
  mAP_bicycle  │ Moyenne = 0.0435 │ Écart-type (±) = 0.0005 │ Variance = 0.000000
  AUC_person   │ Moyenne = 0.8556 │ Écart-type (±) = 0.0003 │ Variance = 0.000000
  AUC_car      │ Moyenne = 0.9046 │ Écart-type (±) = 0.0005 │ Variance = 0.000000
  AUC_bicycle  │ Moyenne = 0.8679 │ Écart-type (±) = 0.0005 │ Variance = 0.000000

🔹 MODE : IR
--------------------------------------------------
  mAP_global   │ Moyenne = 0.4754 │ Écart-type (±) = 0.0005 │ Variance = 0.000000
  mAP_person   │ Moyenne = 0.3824 │ Écart-type (±) = 0.0011 │ Variance = 0.000001
  mAP_car      │ Moyenne = 0.4675 │ Écart-type (±) = 0.0014 │ Variance = 0.000002
  mAP_bicycle  │ Moyenne = 0.0712 │ Écart-type (±) = 0.0006 │ Variance = 0.000000
  AUC_person   │ Moyenne = 0.8853 │ Écart-type (±) = 0.0004 │ Variance = 0.000000
  AUC_car      │ Moyenne = 0.8980 │ Écart-type (±) = 0.0002 │ Variance = 0.000000
  AUC_bicycle  │ Moyenne = 0.8860 │ Écart-type (±) = 0.0004 │ Variance = 0.000000

🔹 MODE : BOTH
--------------------------------------------------
  mAP_global   │ Moyenne = 0.5000 │ Écart-type (±) = 0.0004 │ Variance = 0.000000
  mAP_person   │ Moyenne = 0.3959 │ Écart-type (±) = 0.0013 │ Variance = 0.000002
  mAP_car      │ Moyenne = 0.5464 │ Écart-type (±) = 0.0021 │ Variance = 0.000004
  mAP_bicycle  │ Moyenne = 0.0737 │ Écart-type (±) = 0.0005 │ Variance = 0.000000
  AUC_person   │ Moyenne = 0.8947 │ Écart-type (±) = 0.0003 │ Variance = 0.000000
  AUC_car      │ Moyenne = 0.9233 │ Écart-type (±) = 0.0004 │ Variance = 0.000000
  AUC_bicycle  │ Moyenne = 0.8991 │ Écart-type (±) = 0.0004 │ Variance = 0.000000

🔹 MODE : JOINT
--------------------------------------------------
  mAP_global   │ Moyenne = 0.4945 │ Écart-type (±) = 0.0005 │ Variance = 0.000000
  mAP_person   │ Moyenne = 0.3894 │ Écart-type (±) = 0.0012 │ Variance = 0.000001
  mAP_car      │ Moyenne = 0.5240 │ Écart-type (±) = 0.0013 │ Variance = 0.000002
  mAP_bicycle  │ Moyenne = 0.0812 │ Écart-type (±) = 0.0006 │ Variance = 0.000000
  AUC_person   │ Moyenne = 0.8896 │ Écart-type (±) = 0.0004 │ Variance = 0.000000
  AUC_car      │ Moyenne = 0.9166 │ Écart-type (±) = 0.0002 │ Variance = 0.000000
  AUC_bicycle  │ Moyenne = 0.8914 │ Écart-type (±) = 0.0004 │ Variance = 0.000000
=======================================================
Successeur 3254729 annulé.
Chaîne terminée.

########################################
   Comptabilité du calcul 3251402 
########################################
$ sacct --format='JobID,Partition,JobName,MaxRSS,MaxVMSize,NTasks,AllocCPUS,Start,End,Elapsed,AveCPU,MinCPU,NNodes,ExitCode,State' -j 3251402
JobID           Partition  JobName             MaxRSS   MaxVMSize  NTasks  AllocCPUS  Start                End                  Elapsed   AveCPU  MinCPU  NNodes  ExitCode  State      
-----           ---------  -------             -------  ---------  ------  ---------  -----                ---                  -------   ------  ------  ------  --------  -----      
3251402         gpu_h200   lemumo_llvip_kaist                              24         2026-10-03T17:25:20  2026-10-03T22:18:45  04:53:25                  1       0:0       COMPLETED  
3251402.batch              batch                                   1       24         2026-10-03T17:25:20  2026-10-03T22:18:45  04:53:25                  1       0:0       COMPLETED  
3251402.extern             extern                                  1       24         2026-10-03T17:25:20  2026-10-03T22:18:45  04:53:25                  1       0:0       COMPLETED  
3251402.0                  python3                                 1       24         2026-10-03T17:25:38  2026-10-03T21:47:07  04:21:29                  1       0:0       COMPLETED  
3251402.1                  python3                                 1       24         2026-10-03T21:47:07  2026-10-03T22:18:45  00:31:38                  1       0:0       COMPLETED  

$ sacct --format='JobID,JobName,AllocCPUS,ReqTRES,AllocTRES,NNodes,NodeList,Elapsed,CPUTime' -j 3251402
JobID           JobName             AllocCPUS  ReqTRES                                          AllocTRES                                                        NNodes  NodeList  Elapsed   CPUTime     
-----           -------             ---------  -------                                          ---------                                                        ------  --------  -------   -------     
3251402         lemumo_llvip_kaist  24         billing=58,cpu=24,gres/gpu=1,mem=240000M,node=1  billing=58,cpu=24,gres/gpu:h200=1,gres/gpu=1,mem=240000M,node=1  1       c23meso1  04:53:25  4-21:22:00  
3251402.batch   batch               24                                                          cpu=24,gres/gpu:h200=1,gres/gpu=1,mem=240000M,node=1             1       c23meso1  04:53:25  4-21:22:00  
3251402.extern  extern              24                                                          billing=58,cpu=24,gres/gpu:h200=1,gres/gpu=1,mem=240000M,node=1  1       c23meso1  04:53:25  4-21:22:00  
3251402.0       python3             24                                                          cpu=24,gres/gpu:h200=1,gres/gpu=1,mem=240000M,node=1             1       c23meso1  04:21:29  4-08:35:36  
3251402.1       python3             24                                                          cpu=24,gres/gpu:h200=1,gres/gpu=1,mem=240000M,node=1             1       c23meso1  00:31:38  12:39:12    

Pour plus d'informations sur la comptabilité du calcul, merci de consulter la documentation http://www-tech.criann.fr ou le manuel 'man sacct'
